Derivatives: Call Options - daily trades,,,,,,,,,,,,,,,,,,,,
Wednesday, November 17, 2010.,,,,,,,,,,,,,,,,,,,,
"XAO 4705.1 at 2010-11-17T16:39:04. Report at Wednesday, November 17, 2010. Processed Thursday at 2010-11-18T01:00:03+11:00.",,,,,,,,,,,,,,,,,,,,
,,,,,,,,,,,,,,,,,,,,
,,,,,,,,,,,,,,,,,,,,
,,,,,,,,,,,,,,,,,,,,
ASX Code/Series,,Ex Price,Fair Value,Last Sale,Vol 000's,Open Int,Implied Volatility,Delta,Annual % Return,,,
CALL OPTIONS,
Amcor Last Sale Price $6.57,
Dec,10,6.50,.23,.27,2,396,22.20,.61,24.77,,
Jan,11,6.75,.19,.20,2,10,20.70,.45,14.66,,
,
AMP Last Sale Price $5.16,
Nov,10,5.25,.07,.07,13,3205,33.40,.38,51.09,,
Dec,10,5.25,.14,.14,67,727,25.60,.46,25.81,,
Dec,10,5.50,.04,.06,31,2314,23.10,.22,8.60,,
Dec,10,5.75,.02,.02,20,1599,24.70,.10,3.82,,
Jan,11,5.00,.34,.37,20,49,24.50,.67,17.68,,
Jan,11,5.25,.19,.20,6,163,22.90,.50,18.67,,
Mar,11,5.25,.26,.33,36,36,23.70,.54,14.09,,
Mar,11,5.50,.14,.16,416,244,22.40,.40,8.01,,
Apr,11,5.75,.10,.15,1000,55,21.80,.31,4.12,,
,
ANZ Banking Grp Last Sale Price $22.82,
Nov,10,22.50,.56,.60,4,11,26.50,.66,41.76,,
Nov,10,23.00,.27,.27,35,305,25.10,.44,47.10,,
Nov,10,23.50,.09,.09,158,195,23.00,.21,15.99,,
Nov,10,24.00,.03,.04,5,216,24.20,.09,5.33,,
Nov,10,25.00,.00,.01,65,1003,26.50,.01,.53,,
Dec,10,23.00,.64,.64,32,133,23.30,.50,27.45,,
Dec,10,23.01,.61,.82,4,63,22.90,.50,26.59,,
Dec,10,23.50,.40,.40,16,68,22.20,.38,17.08,,
Dec,10,24.00,.22,.22,173,229,20.90,.26,9.51,,
Dec,10,24.01,.23,.24,27,132,21.50,.26,9.94,,
Dec,10,24.50,.13,.12,58,1937,20.80,.17,5.40,,
Dec,10,25.00,.07,.07,113,3040,21.00,.10,3.03,,
Dec,10,25.01,.07,.07,5,33,21.20,.10,3.03,,
Jan,11,23.00,.88,.93,1,17,21.20,.53,19.44,,
Jan,11,24.00,.40,.42,7,521,19.30,.34,8.89,,
Jan,11,24.50,.26,.26,8,341,18.70,.25,5.78,,
Jan,11,25.00,.16,.16,41,442,18.40,.17,3.55,,
Jan,11,25.50,.09,.09,5,626,17.70,.11,1.89,,
Feb,11,23.00,1.09,1.10,44,-,21.60,.55,17.43,,
Feb,11,24.00,.61,.64,23,96,20.30,.39,9.84,,
Feb,11,25.50,.22,.23,2,405,19.30,.18,3.44,,
Feb,11,26.00,.15,.16,2,108,19.30,.14,2.40,,
Mar,11,22.50,1.62,2.32,6,829,23.10,.63,16.18,,
Mar,11,23.50,1.07,1.31,60,323,22.20,.50,13.37,,
Mar,11,25.00,.53,1.02,4,656,21.60,.31,6.62,,
Mar,11,27.00,.19,.14,8,392,21.60,.14,2.31,,
Apr,11,26.00,.38,.78,2,12,20.00,.24,3.73,,
Sep,11,24.00,1.70,1.67,9,17,24.10,.54,8.55,,
Dec,13,16.00,7.72,7.59,3,59,34.20,.90,1.28,,
,
ASX Last Sale Price $36.60,
Nov,10,30.00,6.63,6.79,5,106,22.40,1.00,3.32,,
Nov,10,34.00,2.64,2.85,3,331,22.30,.99,4.43,,
Nov,10,36.50,.54,.65,10,159,21.40,.56,48.20,,
Nov,10,37.50,.16,.19,4,380,21.30,.24,17.18,,
Dec,10,38.00,.59,.61,7,233,23.50,.35,16.04,,
Dec,10,39.00,.32,.34,4,41,22.90,.22,8.49,,
Dec,10,39.50,.24,.28,3,13,23.30,.18,6.47,,
Dec,10,41.00,.12,.12,10,171,24.90,.09,3.10,,
Jan,11,37.50,1.14,1.24,9,2,21.40,.46,15.79,,
Jan,11,38.00,.94,1.03,4,16,21.50,.41,13.09,,
Mar,11,33.00,4.40,-,2,-,22.00,.85,6.23,,
,
Alumina Last Sale Price $2.00,
Nov,10,1.80,.22,.23,182,860,62.00,.89,30.42,,
Nov,10,1.90,.12,.13,123,1618,43.70,.80,30.42,,
Nov,10,2.00,.05,.06,171,2156,41.10,.52,101.39,,
Dec,10,1.85,.20,.28,150,5064,38.30,.78,22.20,,
Dec,10,2.05,.08,.09,66,13343,39.20,.46,39.46,,
Jan,11,1.90,.20,.20,67,456,36.40,.68,24.08,,
Jan,11,2.00,.14,.14,80,1668,35.10,.56,34.22,,
Jan,11,2.25,.06,.06,109,805,38.60,.29,15.21,,
Feb,11,1.90,.21,.23,180,10,36.10,.67,20.07,,
Feb,11,2.25,.07,.07,50,16,36.60,.33,12.78,,
Mar,11,2.25,.09,.13,5,796,36.00,.36,12.12,,
Apr,11,1.80,.33,.34,30,-,40.00,.73,14.56,,
Jun,11,2.00,.24,.25,205,89,36.20,.60,20.00,,
Sep,11,2.00,.28,.30,50,263,34.50,.62,15.83,,
Sep,11,2.50,.12,-,5,-,34.50,.35,6.62,,
Dec,11,1.23,.84,.86,1,10,44.30,.91,3.19,,
Dec,12,2.25,.36,.37,15,202,38.50,.64,8.71,,
,
AXA Asia Pacific Last Sale Price $6.20,
Dec,10,5.50,.73,.76,50,1625,21.00,.97,4.77,,
Jan,11,5.50,.78,.31,25,136,21.10,.93,6.13,,
,
BHP Billiton Last Sale Price $43.47,
Nov,10,38.50,5.03,6.02,6,289,39.40,.98,5.13,,
Nov,10,39.00,4.54,4.70,51,725,40.10,.97,6.53,,
Nov,10,39.50,4.04,4.72,4,550,36.80,.96,7.00,,
Nov,10,40.00,3.56,3.49,103,1441,34.70,.95,7.93,,
Nov,10,40.01,3.51,2.29,10,89,25.40,.99,4.66,,
Nov,10,40.50,3.09,3.06,108,1607,34.80,.92,11.20,,
Nov,10,40.51,3.02,4.20,13,59,25.40,.97,5.60,,
Nov,10,41.00,2.60,2.65,273,2747,30.80,.91,12.13,,
Nov,10,41.50,2.16,2.10,231,1838,30.70,.86,17.73,,
Nov,10,41.51,2.09,2.65,2,9,25.40,.90,11.66,,
Nov,10,42.00,1.72,1.69,184,2691,28.90,.80,23.32,,
Nov,10,42.01,1.66,.91,4,32,25.40,.83,18.19,,
Nov,10,42.50,1.34,1.34,20,1747,28.10,.72,34.05,,
Nov,10,43.00,.97,.92,201,2878,26.60,.63,46.65,,
Nov,10,43.50,.66,.69,143,1032,25.40,.51,61.58,,
Nov,10,44.00,.43,.41,418,1468,24.90,.39,40.12,,
Nov,10,44.50,.25,.24,331,855,23.90,.27,23.32,,
Nov,10,45.00,.16,.14,281,1287,24.70,.19,14.46,,
Nov,10,45.50,.09,.07,152,1173,25.00,.12,8.40,,
Nov,10,46.00,.06,.05,112,1176,25.50,.07,5.13,,
Nov,10,47.00,.04,.02,71,600,30.30,.05,3.27,,
Dec,10,32.00,11.66,13.15,1,216,48.80,.98,4.43,,
Dec,10,33.00,10.68,11.00,6,107,46.20,.98,4.77,,
Dec,10,38.50,5.42,6.60,3,477,34.70,.89,10.33,,
Dec,10,39.50,4.45,5.00,3,187,30.10,.87,10.78,,
Dec,10,40.00,4.00,3.98,26,1663,29.10,.85,12.03,,
Dec,10,40.50,3.58,3.54,32,444,28.50,.82,13.73,,
Dec,10,41.00,3.15,3.17,45,1110,27.50,.78,15.55,,
Dec,10,41.01,3.06,3.70,5,34,25.40,.80,13.73,,
Dec,10,41.50,2.77,2.80,163,783,27.00,.74,18.15,,
Dec,10,42.00,2.36,2.35,311,1733,25.50,.71,20.08,,
Dec,10,42.01,2.33,2.95,2,46,25.20,.71,19.74,,
Dec,10,42.50,1.98,2.62,34,970,24.40,.66,22.92,,
Dec,10,42.51,2.00,-,10,12,25.00,.65,23.71,,
Dec,10,43.00,1.69,1.67,277,1381,24.50,.60,27.69,,
Dec,10,43.01,1.71,1.73,38,38,24.90,.60,28.25,,
Dec,10,43.50,1.38,1.35,161,737,23.70,.54,31.20,,
Dec,10,44.00,1.08,1.08,158,1493,22.60,.48,24.51,,
Dec,10,44.01,1.10,1.57,10,9,22.90,.48,24.85,,
Dec,10,44.50,.86,.84,105,844,22.40,.41,19.63,,
Dec,10,45.00,.66,.66,210,2123,21.60,.35,14.86,,
Dec,10,45.50,.51,.52,55,386,21.60,.29,11.46,,
Dec,10,46.00,.39,.37,104,1339,21.50,.24,8.74,,
Dec,10,47.00,.21,.21,106,1648,21.40,.15,4.77,,
Dec,10,47.01,.23,.34,15,48,22.20,.16,5.33,,
Dec,10,48.00,.11,.11,11,1141,21.50,.09,2.50,,
Jan,11,39.50,4.84,3.55,5,57,26.70,.83,10.15,,
Jan,11,40.00,4.42,5.28,15,137,25.90,.81,11.02,,
Jan,11,40.50,4.01,4.00,12,75,25.60,.78,12.19,,
Jan,11,41.00,3.65,3.62,99,160,25.30,.75,13.70,,
Jan,11,41.50,3.23,3.80,50,208,24.20,.72,14.69,,
Jan,11,42.00,2.87,2.85,15,622,23.70,.69,16.33,,
Jan,11,42.50,2.53,2.49,23,452,23.30,.65,18.19,,
Jan,11,43.00,2.21,2.17,64,792,22.80,.61,20.23,,
Jan,11,43.50,1.92,1.98,6,183,22.60,.56,22.39,,
Jan,11,44.00,1.65,1.64,76,731,22.20,.52,19.24,,
Jan,11,44.50,1.38,1.92,2,121,21.60,.47,16.09,,
Jan,11,44.51,1.35,1.40,1,1,21.30,.47,15.74,,
Jan,11,45.00,1.16,1.16,281,942,21.30,.42,13.53,,
Jan,11,45.50,.94,.96,155,48,20.80,.37,11.02,,
Jan,11,46.00,.77,.80,689,292,20.50,.32,8.98,,
Jan,11,46.50,.63,1.05,685,870,20.30,.28,7.35,,
Jan,11,47.00,.50,.49,108,502,20.00,.24,5.83,,
Jan,11,48.00,.33,.32,40,366,20.00,.17,3.79,,
Feb,11,40.00,4.82,3.72,5,49,26.40,.78,11.29,,
Feb,11,41.50,3.67,3.81,21,32,24.90,.71,14.32,,
Feb,11,42.50,2.98,3.58,1,106,23.90,.64,16.92,,
Feb,11,43.00,2.67,3.60,71,67,23.50,.61,18.43,,
Feb,11,43.50,2.38,-,51,20,23.30,.57,19.98,,
Feb,11,44.00,2.10,2.69,37,71,22.80,.54,17.59,,
Feb,11,44.50,1.82,1.93,55,43,22.40,.50,15.28,,
Feb,11,45.00,1.58,2.18,20,401,21.90,.46,13.27,,
Mar,11,40.50,4.62,2.55,3,153,25.80,.75,10.82,,
Mar,11,42.50,3.24,2.37,2,304,24.30,.64,14.89,,
Mar,11,43.00,2.94,3.00,4,715,24.20,.61,16.24,,
Mar,11,43.01,2.81,-,1,-,24.10,.61,15.38,,
Mar,11,43.50,2.65,3.17,19,204,23.70,.58,17.35,,
Mar,11,44.00,2.38,2.42,69,363,23.50,.55,15.61,,
Mar,11,44.50,2.12,2.16,15,68,23.20,.52,13.91,,
Mar,11,45.00,1.89,2.36,222,286,22.90,.48,12.37,,
Mar,11,45.01,1.80,-,15,-,23.00,.48,11.81,,
Mar,11,46.01,1.39,1.53,3,8,22.50,.42,9.12,,
Mar,11,48.00,.83,.80,4,334,21.70,.29,5.44,,
Apr,11,43.00,3.31,3.34,13,2,24.70,.62,14.60,,
Apr,11,43.50,3.04,4.10,18,3,24.40,.59,15.66,,
Apr,11,44.00,2.80,-,1,22,24.40,.57,14.42,,
Apr,11,44.50,2.57,-,20,4,24.40,.54,13.24,,
Apr,11,45.00,2.37,2.78,1,24,24.40,.51,12.21,,
Jun,11,32.00,12.11,10.00,1,15,25.10,.97,2.45,,
Jun,11,33.00,11.21,9.95,6,8,25.10,.96,2.82,,
Jun,11,43.00,3.96,2.46,1,144,25.10,.63,13.38,,
Jun,11,44.00,3.44,3.45,7,245,24.70,.58,13.17,,
Jun,11,45.00,2.87,3.30,25,212,23.80,.54,10.98,,
Jun,11,48.00,1.71,2.37,11,166,23.00,.39,6.54,,
Sep,11,43.00,4.97,5.64,10,13,26.60,.64,11.93,,
Dec,11,50.00,2.62,2.65,5,512,24.70,.48,5.49,,
,
BlueScope Steel Last Sale Price $1.97,
Nov,10,2.25,.00,.01,3,978,43.00,.02,2.06,,
Dec,10,1.88,.14,.14,30,143,38.40,.68,30.12,,
Dec,10,2.06,.05,.04,129,1889,33.50,.37,25.10,,
Jan,11,1.88,.17,.18,1,123,34.00,.67,23.22,,
Jan,11,2.25,.03,.03,5,105,32.40,.21,7.74,,
Mar,11,2.06,.12,.11,20,120,33.90,.49,16.69,,
Jun,11,2.25,.10,.13,1000,225,33.10,.40,8.48,,
,
Brambles Last Sale Price $6.67,
Nov,10,6.25,.44,.64,30,351,32.40,.92,12.16,,
Nov,10,6.50,.23,.41,57,448,31.40,.73,36.48,,
Dec,10,6.25,.54,.63,30,664,31.40,.78,17.75,,
Dec,10,7.00,.13,.13,10,447,29.30,.34,19.23,,
Feb,11,7.00,.27,.20,50,100,26.40,.43,14.50,,
Dec,12,4.00,2.79,2.75,2,11,30.70,.96,.86,,
,
C'wlth Bank of Aust Last Sale Price $49.90,
Nov,10,48.00,2.06,1.76,9,144,23.60,.88,13.00,,
Nov,10,48.50,1.61,1.35,8,159,22.00,.82,17.07,,
Nov,10,49.00,1.22,1.36,129,680,21.70,.73,26.01,,
Nov,10,49.50,.82,.84,41,177,19.50,.63,34.54,,
Nov,10,50.00,.54,.66,102,889,19.10,.50,43.89,,
Nov,10,50.50,.33,.41,77,425,18.90,.36,26.82,,
Nov,10,51.00,.16,.18,27,1084,17.50,.22,12.60,,
Nov,10,51.50,.08,.07,50,275,17.60,.13,6.50,,
Nov,10,53.00,.01,.02,2,956,21.00,.03,1.22,,
Dec,10,45.00,5.20,5.04,2,23,22.30,.94,5.93,,
Dec,10,48.00,2.63,2.73,6,276,21.20,.76,14.33,,
Dec,10,49.00,1.87,2.00,18,253,19.70,.66,19.18,,
Dec,10,50.00,1.25,1.38,116,552,19.00,.54,24.81,,
Dec,10,50.01,1.24,1.22,3,5,18.80,.54,24.42,,
Dec,10,50.50,.98,.92,4,143,18.40,.47,19.37,,
Dec,10,51.00,.77,.85,11,619,18.10,.40,15.12,,
Dec,10,51.50,.57,.65,8,68,17.70,.33,11.27,,
Dec,10,52.00,.41,.40,84,920,17.20,.26,8.11,,
Dec,10,52.50,.30,.30,10,65,17.10,.21,5.93,,
Dec,10,53.00,.22,.21,55,1064,17.10,.16,4.25,,
Dec,10,54.00,.10,.08,9,910,16.70,.09,1.88,,
Jan,11,50.00,1.79,1.90,4,121,18.20,.56,18.24,,
Jan,11,51.00,1.26,1.03,2,120,17.50,.46,12.85,,
Jan,11,52.00,.81,.90,22,269,16.60,.36,8.28,,
Jan,11,53.00,.53,.55,4,81,16.40,.26,5.38,,
Jan,11,54.00,.30,.32,51,98,15.80,.17,3.10,,
Feb,11,50.00,2.17,1.74,1,124,19.90,.57,15.87,,
Feb,11,52.00,1.23,1.25,45,258,19.10,.42,8.96,,
Feb,11,53.00,.84,.75,13,196,18.40,.34,6.18,,
Feb,11,56.00,.28,.23,14,39,18.40,.16,2.08,,
Mar,11,0.01,49.32,49.56,10,-,-,-,-,,
Mar,11,49.00,3.06,2.84,2,84,21.70,.64,12.34,,
Mar,11,50.00,2.46,2.54,5,192,21.20,.58,14.06,,
Mar,11,51.00,1.98,2.00,10,97,21.00,.52,11.29,,
Mar,11,52.00,1.48,.94,7,101,20.00,.45,8.43,,
Mar,11,58.00,.21,.23,1,117,18.70,.13,1.20,,
Jun,11,50.00,3.54,3.31,2,47,22.90,.61,11.81,,
Jun,11,55.00,1.52,1.31,2,103,21.30,.38,5.09,,
,
Coca-Cola Amatil Last Sale Price $11.76,
Dec,10,12.50,.06,.06,20,819,17.90,.17,4.61,,
Jan,11,12.00,.28,.30,5,3,16.10,.46,11.85,,
Feb,11,11.50,.69,.72,2,-,19.70,.66,13.35,,
,
Computershare Last Sale Price $9.67,
Jan,11,10.00,.30,.30,4,50,23.60,.44,15.73,,
Mar,11,10.00,.45,.45,2,-,24.90,.49,13.12,,
,
CSL Last Sale Price $34.50,
Nov,10,32.50,2.11,2.22,6,158,32.20,.90,12.93,,
Nov,10,34.00,.73,.78,2,660,20.40,.71,27.62,,
Nov,10,34.50,.36,.45,8,390,17.10,.53,42.91,,
Nov,10,35.00,.19,.32,5,191,18.30,.32,22.33,,
Nov,10,35.50,.09,.07,9,221,18.80,.17,9.99,,
Dec,10,33.50,1.51,1.55,2,496,19.00,.73,14.73,,
Dec,10,34.50,.86,.82,2,512,18.00,.55,24.59,,
Dec,10,35.00,.64,.70,14,477,18.10,.45,18.16,,
Dec,10,35.50,.41,.42,3,378,17.40,.35,11.87,,
Dec,10,36.00,.28,.34,4,274,17.50,.26,8.01,,
Jan,11,35.00,.93,.94,2,103,16.60,.50,13.59,,
Feb,11,35.50,1.03,-,10,32,17.70,.46,10.95,,
Mar,11,36.50,.81,.33,1,10,17.70,.38,6.69,,
Mar,11,37.00,.64,.94,6,16,17.40,.33,5.29,,
Mar,11,38.50,.30,.40,1,31,16.90,.20,2.48,,
,
Equinox Min Last Sale Price $5.51,
Dec,10,5.75,.20,.23,10,20,42.50,.42,36.70,,
Dec,10,6.00,.13,.12,20,139,41.90,.30,22.38,,
Mar,11,5.50,.59,.63,32,25,41.60,.58,30.02,,
,
Foster's Grp Last Sale Price $5.74,
Dec,10,6.00,.04,.06,11,4151,18.00,.26,7.73,,
Dec,10,6.25,.02,.03,50,2144,21.10,.12,3.44,,
Dec,10,6.50,.01,.01,20,682,25.10,.07,2.58,,
Jan,11,6.00,.09,.13,350,150,16.60,.34,7.95,,
Mar,11,6.00,.14,.16,20,397,17.70,.43,7.20,,
Mar,11,6.25,.07,.22,100,26,17.80,.29,3.73,,
Apr,11,6.25,.10,-,6,-,17.20,.32,3.71,,
Apr,11,6.50,.05,-,6,-,16.90,.21,1.95,,
,
Fortescue Metals Grp Last Sale Price $6.58,
Nov,10,6.75,.10,.09,18,994,42.10,.36,58.55,,
Nov,10,7.00,.04,.07,5,128,41.70,.17,21.57,,
Dec,10,6.00,.71,.71,10,670,41.20,.79,20.24,,
Dec,10,6.25,.54,.75,20,330,41.30,.69,31.48,,
Dec,10,6.50,.39,.39,2,57,39.80,.58,45.73,,
Dec,10,6.75,.25,.26,20,154,37.90,.46,37.48,,
Dec,10,7.00,.17,.16,126,304,39.40,.35,26.24,,
Dec,10,7.25,.10,.10,7,193,37.10,.23,14.99,,
Jan,11,6.50,.51,-,20,10,37.40,.59,32.74,,
Jun,11,5.50,1.58,1.65,16,83,44.40,.79,12.66,,
Dec,12,4.00,3.32,3.40,5,27,46.60,.89,5.37,,
,
GPT Grp Last Sale Price $2.79,
Dec,10,2.80,.07,.08,200,3655,21.00,.53,26.52,,
Jan,11,3.00,.03,.03,65,1888,18.60,.24,5.45,,
,
Insurance Aust Grp Last Sale Price $3.84,
Nov,10,3.50,.35,.40,220,1294,41.70,.94,10.56,,
Nov,10,3.75,.13,.24,25,1476,30.30,.72,36.96,,
Jan,11,3.75,.22,.23,15,104,21.90,.66,17.16,,
Mar,11,3.75,.25,.34,10,103,20.80,.66,11.88,,
,
Incitec Pivot Last Sale Price $3.72,
Nov,10,3.00,.72,.76,10,10,92.20,.95,-,,
Nov,10,3.50,.23,.23,221,1459,59.40,.77,16.35,,
Nov,10,3.75,.04,.05,17,785,35.50,.46,49.06,,
Dec,10,3.00,.73,.79,10,152,63.90,.89,2.65,,
Dec,10,3.50,.27,.27,80,696,36.20,.74,11.93,,
Dec,10,3.75,.11,.11,30,1371,30.00,.51,27.84,,
Jan,11,3.50,.32,-,5,36,32.40,.72,12.95,,
Jan,11,3.75,.17,.17,9,137,29.40,.54,22.49,,
Jan,11,4.00,.08,.09,15,99,29.00,.34,10.90,,
Feb,11,4.00,.13,.13,5,2,31.30,.39,12.76,,
Mar,11,3.50,.40,.54,10,88,32.40,.70,13.41,,
Apr,11,4.00,.18,-,19,20,28.40,.44,10.84,,
,
Leighton Hldgs Last Sale Price $32.08,
Dec,10,26.51,5.83,-,2,2,43.10,.94,7.84,,
Dec,10,29.50,2.94,-,2,-,27.90,.86,11.07,,
Dec,10,33.00,.73,.65,9,116,26.30,.41,22.45,,
Dec,10,35.50,.19,.18,7,22,27.30,.14,5.69,,
Jan,11,32.50,1.35,1.28,9,-,24.80,.52,21.33,,
Jan,11,35.00,.52,.47,1,1,24.90,.26,8.14,,
,
Lend Lease Grp Last Sale Price $7.62,
Nov,10,7.49,.19,.06,13,486,23.60,.71,31.93,,
Nov,10,7.98,.03,.03,80,247,30.60,.17,15.97,,
Dec,10,7.74,.17,.16,3,118,21.00,.45,21.36,,
Dec,10,7.98,.09,.09,80,54,22.00,.29,11.65,,
Jun,11,8.50,.20,.20,15,-,21.20,.35,4.37,,
,
Macquarie Grp Last Sale Price $36.06,
Nov,10,35.00,1.35,2.32,10,18,31.10,.76,32.05,,
Nov,10,36.00,.67,.69,5,66,29.00,.54,68.60,,
Nov,10,36.50,.42,.40,10,136,27.90,.40,47.24,,
Nov,10,37.00,.23,.21,20,215,26.60,.27,26.43,,
Nov,10,37.50,.12,.12,10,307,26.00,.17,13.50,,
Nov,10,38.00,.07,.07,3,254,26.80,.10,7.87,,
Dec,10,36.00,1.41,1.40,11,167,28.60,.55,36.79,,
Dec,10,36.50,1.12,1.13,19,227,27.50,.49,30.64,,
Dec,10,37.00,.88,.87,3,224,26.60,.42,23.94,,
Dec,10,37.50,.69,.72,10,85,26.60,.36,19.01,,
Dec,10,38.00,.53,.51,39,164,26.00,.30,14.36,,
Dec,10,39.00,.28,.28,39,215,25.40,.19,7.80,,
Jan,11,36.00,1.90,1.81,1,46,26.80,.57,25.87,,
Mar,11,0.01,36.70,36.58,10,1,-,-,5.10,,
Mar,11,33.00,4.67,4.65,1,12,30.10,.76,12.69,,
Mar,11,36.00,2.76,2.80,50,4,28.60,.58,21.35,,
Mar,11,50.00,.05,.05,5,31,25.90,.03,.40,,
,
Myer Hldgs Last Sale Price $3.79,
Nov,10,4.00,.01,.01,10,120,34.10,.15,16.05,,
,
National Aust Bank Last Sale Price $24.43,
Nov,10,24.00,.65,.75,5,51,26.20,.70,35.69,,
Nov,10,24.50,.33,.30,27,36,24.20,.49,54.78,,
Nov,10,25.01,.12,.11,8,118,22.20,.26,19.92,,
Nov,10,25.50,.04,.06,12,970,21.80,.10,5.81,,
Dec,10,24.00,1.01,1.03,5,126,23.40,.64,23.62,,
Dec,10,24.50,.71,.80,23,35,22.50,.53,28.67,,
Dec,10,25.00,.45,.47,79,960,21.00,.41,18.17,,
Dec,10,25.50,.27,.26,19,864,20.20,.29,10.70,,
Dec,10,25.51,.27,.28,37,223,20.30,.29,10.70,,
Dec,10,26.00,.13,.14,24,1218,18.70,.18,5.25,,
Dec,10,26.50,.07,.09,14,858,19.10,.11,2.83,,
Dec,10,26.51,.08,.07,10,85,19.60,.11,3.23,,
Dec,10,27.00,.04,.02,89,921,19.10,.06,1.41,,
Jan,11,24.00,1.27,1.37,10,20,21.30,.64,17.43,,
Jan,11,24.50,.95,.98,1,85,20.20,.56,19.71,,
Jan,11,25.00,.68,.70,1,297,19.20,.46,14.11,,
Jan,11,25.50,.45,.47,50,277,18.10,.36,9.34,,
Jan,11,26.00,.29,.32,12,210,17.70,.27,6.02,,
Jan,11,27.00,.12,.13,1,328,17.70,.14,2.49,,
Feb,11,25.00,.93,.96,2,60,20.50,.49,13.89,,
Feb,11,25.50,.70,.84,150,120,19.90,.42,10.46,,
Feb,11,26.00,.50,.63,7,131,19.10,.34,7.47,,
Feb,11,26.50,.34,.34,1,69,18.40,.26,5.15,,
Mar,11,25.00,1.20,2.25,25,229,21.90,.52,14.01,,
Jun,11,24.50,2.02,2.02,5,70,24.40,.60,13.81,,
Jun,11,26.00,1.26,1.26,10,575,22.90,.47,8.60,,
Dec,11,38.00,.07,.08,10,65,22.60,.07,.28,,
,
Newcrest Min Last Sale Price $40.00,
Nov,10,35.00,5.07,7.35,1,265,47.50,.97,6.59,,
Nov,10,36.50,3.60,2.00,2,28,40.70,.94,10.14,,
Nov,10,37.00,3.13,4.20,2,99,39.70,.92,13.18,,
Nov,10,37.50,2.67,3.62,1,32,37.90,.89,17.24,,
Nov,10,37.51,2.65,2.67,3,19,37.20,.89,16.22,,
Nov,10,38.00,2.25,4.08,20,200,38.10,.83,25.35,,
Nov,10,39.50,1.10,1.20,17,123,33.80,.62,60.33,,
Nov,10,40.00,.78,.80,29,161,32.00,.52,78.58,,
Nov,10,40.50,.55,.61,22,239,31.80,.42,55.76,,
Nov,10,41.00,.35,.40,35,573,30.70,.31,35.99,,
Nov,10,41.50,.23,.25,80,278,31.00,.23,23.32,,
Nov,10,42.00,.15,.15,62,418,31.50,.16,15.21,,
Nov,10,42.50,.10,.10,25,309,31.70,.11,9.63,,
Nov,10,43.00,.07,.09,51,550,33.40,.08,7.10,,
Nov,10,44.00,.04,.04,1,236,36.70,.04,4.06,,
Dec,10,22.19,17.91,17.95,25,30,35.50,1.00,2.59,,
Dec,10,39.77,1.72,1.80,16,15,30.00,.57,36.62,,
Dec,10,40.22,1.49,1.60,5,102,29.90,.52,36.62,,
Dec,10,41.14,1.09,1.10,15,96,29.90,.42,26.88,,
Dec,10,41.61,.90,.90,13,646,29.30,.37,22.07,,
Dec,10,42.07,.76,.74,53,445,29.40,.33,18.62,,
Dec,10,42.53,.63,.65,110,143,29.40,.29,15.54,,
Dec,10,42.99,.52,.52,5,328,29.40,.25,12.70,,
Dec,10,43.46,.43,.46,12,256,29.50,.22,10.60,,
Dec,10,44.38,.29,.32,30,43,29.70,.16,7.15,,
Dec,10,45.30,.18,.20,31,47,29.50,.11,4.44,,
Jan,11,37.00,4.01,6.19,16,37,27.80,.79,12.80,,
Jan,11,37.50,3.65,-,2,17,27.90,.75,14.64,,
Jan,11,38.00,3.30,3.70,3,28,27.70,.72,16.48,,
Jan,11,39.00,2.75,2.56,1,25,28.90,.64,22.24,,
Jan,11,39.50,2.37,3.71,17,12,27.10,.60,23.64,,
Jan,11,40.00,2.12,3.85,1,145,27.40,.56,26.80,,
Jan,11,41.50,1.43,1.47,1,41,27.00,.44,18.12,,
Jan,11,43.00,.94,.95,3,109,27.10,.33,11.85,,
Jan,11,43.50,.80,.85,10,233,26.90,.29,10.14,,
Jan,11,45.00,.51,.54,8,47,27.20,.20,6.40,,
Jan,11,48.00,.17,.50,13,84,27.20,.09,2.22,,
Jan,11,50.00,.08,.40,13,13,27.20,.04,1.01,,
Feb,11,39.00,3.15,3.50,1,18,28.20,.64,19.57,,
Feb,11,40.00,2.58,-,9,4,27.90,.57,23.50,,
Feb,11,41.00,2.10,3.00,1,16,27.70,.50,19.12,,
Mar,11,40.00,3.00,3.03,1,261,28.40,.58,21.42,,
Mar,11,40.50,2.73,-,14,1,27.90,.55,19.46,,
Mar,11,42.00,2.08,2.41,1,107,27.80,.46,14.83,,
Jun,11,44.50,2.35,-,2,-,29.00,.42,9.79,,
Dec,11,22.00,19.12,19.19,25,-,34.40,.97,2.55,,
,
News Corp Last Sale Price $15.98,
Nov,10,16.00,.19,.22,2,197,20.50,.51,48.22,,
Nov,10,16.50,.06,.05,4,1207,22.90,.19,13.96,,
Dec,10,16.00,.45,.46,13,121,20.80,.54,27.47,,
Dec,10,16.50,.20,.20,33,898,18.80,.34,12.35,,
Jan,11,16.00,.58,.61,80,57,18.50,.57,18.56,,
,
Origin Energy Last Sale Price $15.79,
Nov,10,15.50,.41,.49,1,104,23.80,.72,29.54,,
Nov,10,16.00,.13,.13,4,427,22.60,.37,33.39,,
Dec,10,17.00,.09,.10,17,662,21.10,.16,5.31,,
Dec,10,17.50,.03,.04,5,154,19.50,.06,1.56,,
Jan,11,16.50,.32,.35,20,38,19.50,.37,10.27,,
Mar,11,17.50,.26,.29,12,26,21.10,.27,4.61,,
,
Orica Last Sale Price $25.19,
Nov,10,25.73,.14,.12,10,110,22.40,.28,22.54,,
Dec,10,26.18,.32,.29,4,206,20.50,.32,12.34,,
Dec,10,26.63,.21,.22,9,124,20.80,.23,8.22,,
Jun,11,23.47,3.25,3.27,1,3,26.30,.73,10.16,,
,
Oil Search Last Sale Price $6.52,
Nov,10,6.00,.53,.62,5,109,26.60,.98,6.22,,
Nov,10,6.25,.30,.46,170,2759,31.20,.83,21.77,,
Nov,10,6.50,.13,.16,47,942,29.40,.55,65.31,,
Nov,10,6.75,.04,.06,2,332,31.40,.24,24.88,,
Dec,10,6.50,.25,.27,212,3905,26.80,.56,34.04,,
Dec,10,6.75,.13,.14,52,4305,25.80,.38,19.67,,
Jan,11,6.50,.32,.32,3,300,24.20,.57,23.33,,
Jan,11,6.75,.20,.20,6,79,23.20,.43,15.16,,
Feb,11,6.50,.39,-,5,-,24.30,.58,20.43,,
Feb,11,6.75,.27,-,7,46,24.10,.47,14.84,,
Apr,11,6.25,.65,-,5,-,25.60,.69,13.05,,
,
OneSteel Last Sale Price $2.59,
Dec,10,2.75,.05,.05,4,853,32.40,.31,19.04,,
Mar,11,2.50,.25,.26,24,40,31.80,.65,17.07,,
,
OZ Minerals Last Sale Price $1.65,
Nov,10,1.50,.16,.16,113,1419,50.50,.91,12.29,,
Nov,10,1.60,.07,.11,55,1733,47.50,.69,61.45,,
Nov,10,1.70,.03,.03,140,1530,47.40,.35,61.45,,
Dec,10,1.50,.19,.31,10,1251,42.00,.80,20.93,,
Dec,10,1.60,.12,.11,126,922,40.00,.64,38.86,,
Dec,10,1.70,.07,.13,15,747,41.30,.45,38.86,,
Jan,11,0.01,1.66,1.66,100,-,-,-,4.61,,
Jan,11,1.50,.21,.22,330,570,38.80,.76,18.43,,
Jan,11,1.60,.14,.14,38,57,36.80,.63,27.65,,
Jan,11,1.70,.10,.11,96,328,37.90,.49,29.19,,
Jan,11,1.80,.07,.07,55,317,39.40,.36,19.97,,
,
Qantas Airways Last Sale Price $2.67,
Nov,10,2.67,.05,.06,13,4809,30.10,.52,75.95,,
Feb,11,2.75,.14,.16,20,50,29.50,.50,19.82,,
,
QBE Insurance Grp Last Sale Price $16.72,
Nov,10,16.50,.35,.37,5,58,21.60,.68,31.53,,
Nov,10,17.00,.10,.09,3,690,20.70,.31,24.26,,
Dec,10,16.50,.57,.56,9,252,19.60,.63,20.95,,
Dec,10,17.00,.31,.29,5,500,19.10,.44,18.29,,
Dec,10,17.50,.14,.16,55,500,18.50,.26,8.26,,
Jan,11,16.50,.78,.81,14,3,19.50,.63,16.83,,
Jan,11,18.00,.17,.16,13,223,18.10,.23,5.00,,
Feb,11,18.50,.14,-,50,4,17.60,.19,3.17,,
Mar,11,18.00,.29,.24,50,521,18.90,.34,5.03,,
Mar,11,18.50,.19,.18,2,157,19.00,.25,3.24,,
Mar,11,24.00,.01,.01,20,-,29.00,.03,.26,,
Dec,11,18.00,1.01,1.02,5,5,24.30,.48,5.50,,
,
Rio Tinto Last Sale Price $83.69,
Nov,10,74.12,9.71,9.60,4,160,45.30,.97,7.03,,
Nov,10,74.91,8.93,-,1,4,41.70,.97,7.03,,
Nov,10,75.70,8.13,8.55,4,179,38.00,.97,6.78,,
Nov,10,77.27,6.67,6.78,33,109,39.10,.92,12.11,,
Nov,10,78.06,5.89,6.30,38,87,35.90,.91,12.84,,
Nov,10,78.85,5.17,7.55,2,68,35.00,.88,15.99,,
Nov,10,79.64,4.48,4.72,4,29,34.30,.85,20.84,,
Nov,10,80.43,3.81,6.52,3,176,33.60,.80,26.89,,
Nov,10,81.22,3.23,3.12,4,149,33.80,.74,36.59,,
Nov,10,82.01,2.60,2.60,20,214,31.90,.68,44.34,,
Nov,10,82.79,2.06,2.42,9,166,31.00,.61,56.46,,
Nov,10,83.58,1.64,1.72,27,152,31.10,.53,73.90,,
Nov,10,84.37,1.21,1.18,124,241,30.00,.45,58.64,,
Nov,10,85.16,.88,.84,34,238,29.40,.36,42.40,,
Nov,10,86.74,.43,.41,392,478,29.00,.22,20.84,,
Nov,10,88.31,.19,.20,208,389,28.80,.11,9.21,,
Nov,10,89.89,.10,.13,3,201,30.30,.06,4.60,,
Nov,10,91.47,.05,.04,13,214,31.80,.03,2.42,,
Nov,10,93.04,.04,.03,3,229,35.80,.03,1.94,,
Dec,10,37.85,46.08,45.90,1,2,108.10,.99,2.77,,
Dec,10,41.00,42.88,43.27,10,10,42.80,1.00,2.30,,
Dec,10,66.24,17.88,20.90,4,26,41.10,.97,5.07,,
Dec,10,77.27,7.79,8.22,1,137,33.50,.81,16.15,,
Dec,10,78.85,6.78,6.65,12,562,35.30,.74,22.87,,
Dec,10,80.43,5.42,5.34,51,487,32.10,.69,25.46,,
Dec,10,82.01,4.29,4.45,8,234,30.50,.63,30.82,,
Dec,10,82.79,3.81,3.79,1,28,30.00,.59,34.36,,
Dec,10,83.58,3.36,3.25,22,408,29.70,.55,38.25,,
Dec,10,85.16,2.50,2.42,35,342,28.50,.47,29.41,,
Dec,10,86.74,1.81,1.78,24,199,27.70,.38,21.34,,
Dec,10,88.31,1.27,1.25,54,206,27.00,.30,14.97,,
Dec,10,89.89,.90,.87,6,115,26.90,.23,10.61,,
Dec,10,91.47,.58,.56,5,97,26.20,.17,6.84,,
Dec,10,93.04,.38,.36,8,515,26.10,.12,4.42,,
Jan,11,75.00,10.52,10.89,5,24,30.70,.83,11.05,,
Jan,11,79.00,7.41,7.60,26,13,28.90,.73,16.45,,
Jan,11,80.00,6.67,6.60,4,154,28.30,.70,18.08,,
Jan,11,82.00,5.41,5.56,28,29,27.90,.63,22.50,,
Jan,11,84.00,4.22,4.20,18,247,27.00,.55,25.56,,
Jan,11,85.00,3.71,3.71,6,18,26.70,.51,22.50,,
Jan,11,86.00,3.23,3.15,5,75,26.50,.47,19.60,,
Jan,11,88.00,2.37,2.36,2,106,25.70,.39,14.36,,
Jan,11,90.00,1.70,1.64,28,296,25.10,.31,10.27,,
Jan,11,92.00,1.14,1.10,4,13,24.30,.23,6.91,,
Jan,11,96.00,.52,.50,19,6,23.80,.13,3.12,,
Feb,11,70.00,15.38,13.10,5,15,32.10,.89,7.37,,
Feb,11,79.00,8.19,8.40,1,1,28.80,.71,15.24,,
Feb,11,82.00,6.22,6.17,28,32,27.80,.63,19.76,,
Feb,11,84.00,5.03,5.10,7,2,26.90,.56,21.94,,
Feb,11,88.00,3.17,3.10,10,45,26.10,.43,13.80,,
Mar,11,61.00,23.73,23.62,3,75,33.30,.96,3.56,,
Mar,11,82.00,6.96,7.10,4,276,28.60,.63,17.94,,
Mar,11,84.00,5.77,5.80,3,36,27.70,.57,19.66,,
Mar,11,86.00,4.74,4.85,5,32,27.20,.51,16.15,,
Mar,11,88.00,3.86,3.74,1,110,26.60,.46,13.14,,
Apr,11,84.00,6.57,6.78,1,-,27.40,.58,17.58,,
Apr,11,90.00,3.71,-,1,-,25.50,.42,9.94,,
Jun,11,86.74,6.54,6.45,1,166,27.20,.54,13.02,,
Jun,11,88.31,5.81,7.60,4,12,26.70,.50,11.57,,
Jun,11,89.89,5.20,7.26,7,29,26.70,.47,10.35,,
Sep,11,90.00,6.78,6.71,1,-,26.70,.51,9.32,,
Sep,11,94.00,5.21,5.25,1,14,26.00,.44,7.17,,
Sep,11,102.00,2.87,2.95,1,214,24.70,.30,3.95,,
,
Stockland Last Sale Price $3.68,
Nov,10,4.00,.01,.01,75,1176,42.70,.10,11.02,,
,
Santos Last Sale Price $12.76,
Nov,10,13.00,.12,.14,120,868,27.30,.34,36.55,,
Nov,10,13.50,.03,.07,21,791,30.50,.12,9.54,,
Dec,10,13.00,.34,.34,47,1013,25.90,.45,25.90,,
Dec,10,14.00,.09,.09,100,1080,26.50,.16,6.57,,
Jan,11,12.50,.76,.75,10,159,24.60,.64,19.67,,
Jan,11,13.00,.48,.73,10,10,23.80,.49,19.07,,
Jan,11,13.50,.29,.60,13,95,23.60,.35,11.52,,
Jan,11,14.00,.17,.28,3,1125,23.50,.23,6.56,,
,
Suncorp-Metway Last Sale Price $9.19,
Nov,10,8.55,.67,.69,1,79,35.80,.92,11.03,,
Nov,10,8.78,.45,.47,7,171,29.90,.86,17.65,,
Nov,10,9.02,.23,.25,157,592,23.50,.72,28.68,,
Nov,10,9.25,.10,.13,38,634,22.90,.45,44.13,,
Nov,10,9.50,.04,.08,16,227,25.10,.20,17.65,,
Dec,10,9.25,.23,.37,72,532,20.80,.51,25.23,,
Dec,10,9.50,.14,.15,24,317,21.70,.36,15.56,,
Jan,11,9.31,.30,.35,13,23,19.30,.51,16.55,,
Feb,11,9.31,.40,.41,17,4,20.40,.53,15.69,,
Feb,11,9.55,.28,.29,69,7,19.90,.43,11.12,,
,
Tabcorp Hldgs Last Sale Price $7.17,
Nov,10,6.89,.30,.64,8,144,21.50,.90,11.31,,
Nov,10,7.62,.00,.07,8,65,23.00,.04,2.26,,
Jan,11,7.62,.10,.11,51,14,18.80,.29,7.07,,
,
Transurban Last Sale Price $5.13,
Nov,10,4.74,.40,.64,120,285,2.00,1.00,3.95,,
Dec,10,4.99,.22,.31,100,523,19.10,.72,14.42,,
Mar,11,4.74,.42,-,120,-,13.30,.90,1.67,,
Jun,11,5.25,.26,-,100,200,19.00,.56,8.45,,
,
Ten Network Hldgs Last Sale Price $1.57,
Dec,10,1.55,.07,.06,20,288,29.40,.60,31.42,,
,
Telstra Corp Last Sale Price $2.56,
Nov,10,2.50,.07,.09,7,1177,25.50,.75,23.76,,
Nov,10,2.60,.03,.03,450,666,25.90,.36,39.61,,
Nov,10,2.65,.01,.01,255,1781,25.40,.19,15.84,,
Nov,10,2.70,.01,.01,3,3329,29.70,.12,11.09,,
Dec,10,2.60,.06,.07,308,695,22.70,.46,23.12,,
Dec,10,2.70,.03,.03,614,3748,21.70,.25,9.63,,
Dec,10,2.75,.02,.03,500,6734,22.90,.19,7.71,,
Dec,10,3.00,.00,.01,200,7297,26.90,.04,1.16,,
Jan,11,2.50,.14,.15,30,407,21.50,.66,16.83,,
Jan,11,2.60,.09,.09,1670,21,20.90,.50,16.83,,
Jan,11,2.70,.06,.06,13100,290,21.90,.35,10.89,,
Jan,11,2.75,.04,.06,220,461,21.10,.27,6.93,,
Feb,11,2.50,.16,.16,50,92,20.80,.66,13.54,,
Feb,11,2.60,.11,.11,42,31,21.80,.52,14.97,,
Jun,11,2.00,.59,.61,10,-,22.20,.96,1.95,,
Jun,11,2.70,.10,.10,8,835,22.70,.49,6.51,,
Jun,11,2.80,.07,.07,625,189,21.90,.41,4.23,,
Jun,11,3.00,.04,.04,50,1714,22.10,.26,2.28,,
Sep,11,3.00,.06,.06,150,255,23.70,.35,2.47,,
Dec,11,2.75,.12,.12,20,142,23.20,.49,4.27,,
Dec,11,3.00,.07,.07,208,1490,23.60,.37,2.49,,
Dec,13,2.50,.30,.30,50,1320,31.10,.77,3.03,,
Sep,14,3.00,.11,.22,200,20,26.40,.61,1.11,,
Sep,14,3.25,.08,-,200,-,26.40,.61,.81,,
,
Toll Hldgs Last Sale Price $6.01,
Dec,10,6.00,.23,.22,2,100,27.40,.55,35.29,,
,
Westpac Banking Last Sale Price $21.93,
Nov,10,21.50,.59,.48,3,35,24.30,.73,29.59,,
Nov,10,22.00,.27,.26,34,206,22.00,.48,49.01,,
Nov,10,22.50,.08,.08,9,423,20.80,.22,14.79,,
Nov,10,23.00,.03,.03,21,349,22.60,.09,5.55,,
Nov,10,24.01,.01,.01,2,188,30.70,.03,1.66,,
Dec,10,22.00,.61,.62,107,285,21.80,.53,27.66,,
Dec,10,22.50,.37,.34,9,197,20.60,.39,16.64,,
Dec,10,23.00,.20,.20,50,1045,19.80,.26,9.22,,
Dec,10,23.50,.13,.13,70,1924,20.60,.17,5.62,,
Dec,10,23.51,.12,.12,2,120,20.20,.16,5.17,,
Dec,10,24.00,.07,.07,13,2011,21.20,.11,3.15,,
Dec,10,25.00,.02,.03,242,1510,21.40,.03,.90,,
Jan,11,22.00,.82,.77,14,64,19.60,.55,19.07,,
Jan,11,22.50,.57,.55,23,125,18.80,.45,13.18,,
Jan,11,23.00,.38,.36,11,289,18.30,.34,8.67,,
Jan,11,23.50,.23,.24,9,140,17.90,.24,5.43,,
Jan,11,24.00,.14,.14,17,214,17.80,.17,3.24,,
Jan,11,24.50,.09,.10,10,193,17.80,.11,1.96,,
Jan,11,25.00,.05,.06,10,292,17.80,.07,1.16,,
Feb,11,22.00,1.04,1.02,10,9,20.40,.57,17.39,,
Feb,11,23.00,.61,.57,25,48,20.40,.40,10.24,,
Feb,11,24.00,.28,.23,4,65,18.70,.24,4.58,,
Mar,11,22.00,1.34,1.32,140,238,22.90,.58,17.36,,
Mar,11,26.00,.10,.10,9,120,18.80,.10,1.30,,
Jun,11,21.00,2.28,2.94,1,121,24.20,.70,10.26,,
Jun,11,22.50,1.46,1.44,60,782,23.60,.56,11.06,,
Jun,11,23.00,1.23,1.23,104,326,23.30,.51,9.31,,
Dec,11,33.00,.09,.09,6,16,22.30,.07,.35,,
Dec,13,15.00,7.39,7.30,3,-,29.70,.91,.68,,
,
Westfield Grp Last Sale Price $11.81,
Nov,10,12.00,.07,.08,213,366,20.20,.32,24.04,,
Nov,10,12.50,.01,.02,207,5274,26.50,.08,5.15,,
Dec,10,12.00,.25,.30,5,571,20.90,.45,20.88,,
Dec,10,12.50,.09,.09,52,1579,20.40,.22,7.52,,
Dec,10,13.00,.03,.03,55,1651,21.30,.09,2.51,,
Jan,11,11.00,1.05,1.09,22,-,22.80,.81,10.52,,
Jan,11,12.50,.19,.23,3,123,19.00,.31,7.94,,
Jan,11,13.00,.08,.08,11,120,18.80,.16,3.43,,
Feb,11,12.00,.44,.48,20,-,20.70,.52,13.44,,
Mar,11,13.00,.16,.36,25,501,20.00,.28,3.74,,
Jun,11,12.00,.69,.78,70,117,21.20,.58,9.74,,
,
Wesfarmers Last Sale Price $33.05,
Nov,10,31.00,2.12,3.15,20,179,29.10,.94,8.59,,
Nov,10,32.00,1.18,1.77,1,162,23.00,.84,15.95,,
Nov,10,32.50,.78,.89,5,122,21.50,.72,27.61,,
Nov,10,33.00,.44,.50,10,270,20.30,.54,47.86,,
Nov,10,33.50,.22,.22,20,293,20.00,.35,27.00,,
Nov,10,34.00,.09,.10,8,391,19.20,.17,10.43,,
Dec,10,31.50,1.94,2.48,20,51,20.30,.81,11.49,,
Dec,10,33.00,.91,.95,9,72,19.30,.56,25.52,,
Dec,10,33.50,.64,.69,29,112,18.60,.46,18.95,,
Dec,10,34.00,.43,.59,6,678,18.10,.36,12.83,,
Dec,10,34.50,.28,.30,1,183,17.80,.26,8.21,,
Dec,10,36.00,.07,.09,1,123,18.60,.09,2.24,,
Jan,11,32.50,1.53,-,1,23,18.10,.65,15.03,,
Mar,11,33.50,1.39,1.63,125,51,19.40,.55,11.99,,
Mar,11,35.50,.61,-,120,1,18.70,.34,5.31,,
Jun,11,36.00,1.07,1.25,2,106,20.10,.40,5.40,,
,
WorleyParsons Last Sale Price $25.90,
Nov,10,24.00,1.94,1.54,4,171,28.80,.97,6.26,,
Nov,10,26.00,.40,.47,1,93,28.00,.48,61.85,,
Nov,10,26.50,.26,.23,13,3,31.50,.33,39.93,,
Nov,10,27.50,.06,-,10,-,30.80,.10,8.61,,
Dec,10,24.50,1.84,.52,4,3,27.80,.77,16.57,,
Dec,10,26.00,.86,.86,201,210,26.30,.53,32.95,,
,
Woolworths Last Sale Price $27.50,
Nov,10,27.50,.29,.30,43,384,16.90,.53,42.77,,
Nov,10,28.00,.09,.14,3,340,15.70,.24,12.54,,
Nov,10,28.50,.03,.03,25,449,16.40,.08,3.69,,
Nov,10,28.51,.01,.58,50,50,14.40,.05,2.21,,
Nov,10,29.50,-,.08,50,447,16.60,-,11.80,,
Dec,10,27.00,.91,.89,5,469,15.80,.70,14.71,,
Dec,10,27.50,.61,.59,3,259,16.00,.56,22.06,,
Dec,10,28.50,.17,.17,27,642,13.90,.25,6.10,,
Dec,10,29.00,.09,.10,10,1155,14.40,.15,3.23,,
Dec,10,29.50,.04,.04,1,404,14.50,.08,1.61,,
Dec,10,30.50,.01,.01,15,193,14.50,.02,.25,,
Jan,11,28.00,.57,.57,9,31,14.00,.47,10.60,,
Jan,11,28.50,.36,.34,2,69,13.60,.35,6.73,,
Jan,11,29.50,.14,.11,9,54,13.50,.17,2.49,,
Jan,11,30.00,.08,.13,1,86,13.50,.11,1.47,,
Feb,11,28.00,.79,.77,187,33,14.70,.50,10.42,,
Feb,11,29.00,.38,.34,8,38,13.90,.32,4.98,,
Feb,11,29.50,.25,.25,5,10,13.80,.24,3.25,,
Mar,11,27.50,1.20,1.26,40,22,15.20,.61,12.39,,
Dec,14,28.00,3.94,-,6,82,20.80,.74,3.50,,
,
Woodside Petroleum Last Sale Price $40.95,
Nov,10,40.19,1.12,2.52,5,13,26.60,.70,35.16,,
Nov,10,41.19,.55,.56,35,21,26.60,.46,54.47,,
Nov,10,41.68,.35,.36,66,20,26.00,.34,34.66,,
Nov,10,42.18,.22,.23,45,44,26.20,.24,21.29,,
Nov,10,42.68,.14,.19,23,189,27.20,.16,13.87,,
Nov,10,43.17,.09,.12,20,179,28.30,.11,8.91,,
Nov,10,43.67,.06,.07,95,220,29.50,.08,5.94,,
Nov,10,44.16,.04,.06,22,360,31.40,.06,4.46,,
Nov,10,44.66,.04,.04,40,378,33.80,.05,3.96,,
Nov,10,46.65,.03,.03,1,179,43.70,.02,2.48,,
Dec,10,39.70,2.09,2.19,10,19,24.70,.70,20.24,,
Dec,10,41.19,1.19,1.23,68,9,23.50,.51,28.55,,
Dec,10,41.68,.98,.98,45,31,23.80,.45,23.61,,
Dec,10,42.18,.75,.80,158,117,23.10,.38,18.07,,
Dec,10,42.68,.60,.63,52,422,23.20,.33,14.45,,
Dec,10,43.17,.47,.49,51,88,23.20,.27,11.32,,
Dec,10,43.67,.36,.41,69,710,23.40,.22,8.79,,
Dec,10,44.16,.30,.33,61,158,24.20,.19,7.23,,
Dec,10,44.66,.24,.23,42,2204,24.40,.15,5.78,,
Dec,10,45.16,.19,.18,3,711,24.50,.12,4.46,,
Dec,10,45.65,.14,.19,2,530,25.10,.10,3.49,,
Dec,10,46.65,.10,.11,19,188,26.30,.07,2.41,,
Dec,10,47.14,.07,.10,44,362,26.30,.06,1.81,,
Dec,10,50.01,.04,.04,10,15,30.50,.02,.84,,
Dec,10,50.62,.01,.04,20,100,26.70,-,.19,,
Jan,11,41.50,1.46,1.50,10,6,21.20,.51,18.07,,
Jan,11,42.00,1.28,1.38,24,2,21.80,.46,15.91,,
Jan,11,42.50,1.07,-,2,10,21.60,.41,13.25,,
Jan,11,43.00,.90,.95,29,126,21.50,.36,11.08,,
Jan,11,43.50,.75,.82,6,31,21.60,.32,9.28,,
Jan,11,44.50,.50,.51,6,759,21.30,.24,6.13,,
Jan,11,45.00,.41,.47,28,30,21.60,.21,5.14,,
Jan,11,46.00,.28,.28,30,103,21.90,.15,3.47,,
Jan,11,47.00,.19,.19,15,65,22.10,.11,2.29,,
Mar,11,42.00,1.81,1.88,4,1,22.20,.51,12.60,,
Mar,11,43.00,1.39,1.44,10,41,21.80,.44,9.64,,
Mar,11,45.00,.79,1.05,87,381,21.60,.30,5.50,,
Mar,11,46.00,.56,1.50,1,521,21.10,.24,3.86,,
Mar,11,48.00,.30,1.21,1,43,21.50,.15,2.12,,
Jun,11,41.00,3.17,-,2,-,22.60,.61,12.88,,
Jun,11,42.50,2.44,2.50,6,35,22.20,.53,9.93,,
Jun,11,43.00,2.22,2.34,3,56,22.10,.50,9.04,,
Jun,11,46.00,1.20,2.45,2,2,21.40,.34,4.86,,
Jul,11,38.71,4.83,5.03,6,-,23.40,.72,9.07,,
Jul,11,68.48,.01,.03,22,158,23.20,-,-,,
Dec,11,47.14,2.18,2.30,1,-,23.20,.37,4.85,,
,
XJO Last Sale Price,
Nov,10,1.00,46.22,46.29,1190,2176,-,-,-,,
Nov,10,3800,8.19,8.13,7,17,84.20,-,-,,
Nov,10,4000,6.19,7.00,5,87,80.20,-,-,,
Nov,10,4200,4.19,4.47,5,467,76.20,-,-,,
Nov,10,4300,3.22,3.87,20,380,78.60,-,-,,
Nov,10,4350,2.75,3.50,58,891,78.90,-,-,,
Nov,10,4400,2.24,3.03,54,933,64.20,-,-,,
Nov,10,4450,1.75,1.76,90,794,55.00,-,-,,
Nov,10,4500,1.23,1.77,7,716,38.00,-,-,,
Nov,10,4550,.79,.95,243,1356,35.40,-,-,,
Nov,10,4600,.39,.31,1029,2085,29.60,-,-,,
Nov,10,4625,.23,.17,1048,516,26.80,-,-,,
Nov,10,4650,.12,.09,1974,1135,25.30,-,-,,
Nov,10,4675,.05,.05,1741,337,23.60,-,-,,
Nov,10,4700,.02,.03,532,3096,23.40,-,-,,
Nov,10,4725,.01,.01,419,1385,23.10,-,-,,
Nov,10,4800,-,.01,332,4945,23.10,-,-,,
Nov,10,4900,-,.01,206,4620,23.10,-,-,,
Nov,10,5000,-,.02,10,1716,23.10,-,-,,
Dec,10,1.00,46.38,46.34,1015,1488,-,-,-,,
Dec,10,3800,8.36,8.85,7,103,36.60,-,-,,
Dec,10,4000,6.41,6.77,6,423,32.00,-,-,,
Dec,10,4200,4.50,4.32,5,1133,27.40,-,-,,
Dec,10,4350,3.13,3.20,44,-,24.30,-,-,,
Dec,10,4400,2.74,4.21,53,671,24.30,-,-,,
Dec,10,4450,2.32,2.27,137,576,23.10,-,-,,
Dec,10,4500,1.90,2.73,3,2044,21.50,-,-,,
Dec,10,4525,1.72,2.23,3,170,21.20,-,-,,
Dec,10,4550,1.54,2.25,5,886,20.70,-,-,,
Dec,10,4575,1.39,1.42,63,326,20.60,-,-,,
Dec,10,4600,1.23,1.23,772,2716,20.20,-,-,,
Dec,10,4625,1.07,1.55,4,607,19.70,-,-,,
Dec,10,4650,.93,.90,239,1492,19.30,-,-,,
Dec,10,4675,.80,.86,15,1231,18.90,-,-,,
Dec,10,4700,.68,.65,953,7045,18.50,-,-,,
Dec,10,4750,.48,.49,33,2522,18.00,-,-,,
Dec,10,4800,.33,.30,1071,5205,17.60,-,-,,
Dec,10,4850,.22,.23,369,3119,17.30,-,-,,
Dec,10,4900,.15,.15,622,9025,17.40,-,-,,
Dec,10,4950,.10,.12,320,3076,17.50,-,-,,
Dec,10,5000,.07,.07,573,9878,17.90,-,-,,
Dec,10,5050,.04,.05,125,2896,17.70,-,-,,
Dec,10,5200,.02,.01,590,4224,19.70,-,-,,
Dec,10,5300,.01,.01,370,1678,20.40,-,-,,
Jan,11,4500,2.35,2.37,44,20,21.20,-,-,,
Jan,11,4600,1.66,-,49,265,19.40,-,-,,
Jan,11,4650,1.37,1.70,7,261,18.80,-,-,,
Jan,11,4700,1.11,1.14,82,568,18.30,-,-,,
Jan,11,4750,.88,.86,280,231,17.80,-,-,,
Jan,11,4800,.68,.67,41,474,17.20,-,-,,
Jan,11,4850,.52,.57,12,328,16.90,-,-,,
Jan,11,4900,.40,.40,605,616,16.70,-,-,,
Jan,11,4950,.29,.34,92,507,16.40,-,-,,
Jan,11,5000,.22,.22,5,324,16.40,-,-,,
Jan,11,5050,.17,.18,1,105,16.40,-,-,,
Jan,11,5100,.12,.13,1,644,16.50,-,-,,
Mar,11,4600,2.16,2.23,2,1133,19.30,-,-,,
Mar,11,4700,1.62,1.64,81,1385,18.50,-,-,,
Mar,11,4800,1.18,1.22,9,1432,17.80,-,-,,
Mar,11,4900,.84,1.06,107,1945,17.50,-,-,,
Mar,11,5000,.58,.74,10,1893,17.10,-,-,,
Mar,11,5200,.27,.28,255,2006,17.00,-,-,,
Mar,11,5300,.19,.19,135,1500,17.20,-,-,,
Mar,11,5400,.13,.13,512,1989,17.20,-,-,,
Mar,11,5500,.09,.09,40,1424,17.60,-,-,,
Mar,11,5700,.04,.05,573,3871,17.70,-,-,,
Mar,11,5800,.03,.04,540,1186,18.50,-,-,,
Sep,11,4500,4.11,4.11,10,1566,20.60,-,-,,
Sep,11,5500,.56,.58,2,2,17.10,-,-,,
,
