Derivatives: Call Options - Weekly,,,,,,,,,,,,,,,,,,,,
Friday, March 28, 2014.,,,,,,,,,,,,,,,,,,,,
"XAO 0.0 at 0-00-00T00:00:00. Report at Friday, March 28, 2014. Processed Saturday at 2014-03-29T23:15:05+11:00.",,,,,,,,,,,,,,,,,,,,
,,,,,,,,,,,,,,,,,,,,
,,,,,,,,,,,,,,,,,,,,
,,,,,,,,,,,,,,,,,,,,
ASX Code/Series,,Ex Price,Fair Value,Last Sale,Weekly Vol 000's,Open Int,Implied Volatility,Delta,Annual % Return,,,
CALL OPTIONS,
AGL Energy Last Sale Price $15.07,
Apr,14,15.00,.27,.27,164,168,13.50,.60,17.94,,
Apr,14,15.01,.27,.22,170,374,13.50,.60,18.39,,
Apr,14,15.50,.07,.07,3279,3936,13.00,.25,6.28,,
Apr,14,16.00,.01,.01,350,797,12.70,.05,.81,,
May,14,15.00,.41,.42,80,143,13.60,.61,13.07,,
May,14,15.01,.41,.43,100,347,13.60,.61,13.26,,
May,14,15.50,.18,.17,159,4199,13.10,.38,6.92,,
May,14,16.00,.06,.09,100,4225,12.70,.18,2.31,,
May,14,16.50,.01,.04,901,951,12.50,.06,.58,,
Jun,14,12.07,3.09,3.25,8,81,19.50,.99,2.26,,
Jun,14,15.45,.30,.29,109,547,14.20,.45,8.12,,
Jun,14,15.93,.15,.16,253,1353,13.90,.29,3.99,,
Jun,14,16.41,.07,.08,300,3961,13.60,.16,1.73,,
Jul,14,13.00,2.23,2.23,100,-,18.60,.95,3.15,,
Jul,14,13.25,2.00,2.03,81,81,18.00,.93,3.56,,
Jul,14,15.50,.36,.39,78,402,14.50,.47,7.43,,
Aug,14,15.00,.73,.70,46,146,15.80,.63,10.46,,
Aug,14,16.00,.29,.28,34,668,15.00,.38,4.64,,
Sep,14,15.50,.49,.48,210,761,15.30,.52,6.52,,
Sep,14,16.00,.30,.29,530,265,15.10,.41,4.06,,
Dec,14,15.93,.47,.64,105,273,16.10,.49,4.33,,
Mar,15,15.00,1.00,.98,73,120,16.90,.68,6.22,,
,
Asciano Last Sale Price $5.20,
Apr,14,5.25,.11,.12,77,33,22.70,.48,27.30,,
Apr,14,5.50,.03,.03,908,900,21.70,.19,7.80,,
May,14,5.50,.08,.10,8691,9191,21.50,.32,8.91,,
Jun,14,5.50,.12,.14,2726,1226,21.00,.36,8.87,,
Dec,14,5.50,.30,.32,200,-,23.70,.51,8.05,,
,
Amcor Last Sale Price $10.35,
Apr,14,9.83,.57,.68,1,1,17.70,.89,6.53,,
Apr,14,10.06,.38,.34,221,88,16.60,.78,11.10,,
Apr,14,10.28,.22,.33,1425,9771,15.70,.61,19.59,,
Apr,14,10.50,.11,.12,3768,6616,15.30,.41,14.37,,
Apr,14,10.73,.05,.05,785,1397,15.20,.22,6.53,,
Apr,14,10.95,.02,.04,200,3381,15.50,.11,2.61,,
Apr,14,11.17,.01,.02,500,317,16.00,.05,.91,,
May,14,10.50,.25,.25,2537,2924,17.30,.49,13.71,,
May,14,10.73,.16,.14,73,717,17.00,.37,8.96,,
Jun,14,10.50,.33,.39,3000,1542,17.60,.52,12.59,,
Jun,14,10.95,.16,.15,250,1336,17.10,.33,6.01,,
Jul,14,11.25,.13,.13,68,28,17.00,.27,3.85,,
Sep,14,10.73,.41,.42,100,570,19.20,.51,7.94,,
Sep,14,11.17,.26,.25,250,-,19.00,.39,5.04,,
Mar,15,12.51,.16,.16,200,-,19.30,.28,1.55,,
,
AMP Last Sale Price $4.96,
Apr,14,3.71,1.25,1.20,160,240,42.30,1.00,1.36,,
Apr,14,4.51,.46,.52,222,292,18.50,.98,2.73,,
Apr,14,4.60,.38,.36,310,3138,17.70,.96,4.09,,
Apr,14,4.61,.36,.45,250,1695,17.60,.95,4.09,,
Apr,14,4.70,.28,.32,1000,1834,17.00,.90,5.45,,
Apr,14,4.71,.27,.30,30,545,17.00,.90,5.45,,
Apr,14,4.80,.20,.16,280,1331,16.70,.80,9.54,,
Apr,14,4.81,.19,.16,3033,3730,16.70,.79,10.90,,
Apr,14,4.90,.13,.12,983,3134,16.70,.65,17.72,,
Apr,14,4.91,.12,.10,1213,1343,16.70,.63,19.08,,
Apr,14,5.00,.07,.07,8607,7734,16.90,.47,20.44,,
Apr,14,5.01,.07,.07,68,-,16.90,.46,19.08,,
Apr,14,5.25,.01,.03,8650,15050,18.30,.15,4.09,,
May,14,4.30,.69,.65,500,500,19.70,.97,2.92,,
May,14,4.61,.40,.38,20,440,17.50,.88,5.26,,
May,14,4.70,.32,.29,361,361,17.20,.82,7.01,,
May,14,4.80,.25,.16,100,3220,17.00,.74,9.93,,
May,14,4.81,.24,.22,340,390,17.00,.73,10.51,,
May,14,4.90,.18,.17,89,298,17.00,.64,14.02,,
May,14,5.00,.13,.12,3361,10377,17.20,.52,15.18,,
May,14,5.25,.06,.08,100,1040,18.50,.28,6.42,,
May,14,5.50,.03,.03,1050,1227,20.70,.15,2.92,,
May,14,5.51,.03,.04,604,604,20.80,.14,2.92,,
Jun,14,4.01,.98,.95,5,341,24.10,.97,2.83,,
Jun,14,4.60,.45,.13,223,2319,20.50,.82,7.28,,
Jun,14,5.01,.17,.17,240,1080,18.70,.54,14.15,,
Jun,14,5.25,.09,.08,200,6852,18.50,.34,6.87,,
Jul,14,4.70,.40,.42,205,427,19.90,.76,8.66,,
Jul,14,5.25,.12,.10,972,3887,18.70,.38,7.11,,
Aug,14,4.90,.32,.32,35,55,20.50,.63,12.42,,
Aug,14,5.25,.17,.15,100,235,20.00,.43,7.88,,
Aug,14,5.50,.10,.07,50,2000,20.10,.29,4.54,,
Sep,14,5.25,.17,.15,750,1415,20.20,.45,6.67,,
Sep,14,5.26,.14,.12,53,250,20.20,.44,5.46,,
Dec,14,4.90,.38,.35,250,250,21.10,.65,8.71,,
Dec,14,5.51,.14,.12,150,150,20.50,.39,3.87,,
Dec,14,5.75,.10,.09,70,-,20.50,.30,2.63,,
,
Ansell Last Sale Price $18.32,
Apr,14,19.00,.16,.23,160,390,20.40,.29,11.81,,
May,14,18.50,.65,.63,84,84,22.80,.52,20.40,,
,
ANZ Banking Grp Last Sale Price $32.82,
Mar,14,0.01,32.81,-,24590,-,-,1.00,-,,
Apr,14,0.01,32.87,32.88,542,21500,-,-,2.47,,
Apr,14,18.01,14.84,14.50,12,12,29.20,1.00,1.24,,
Apr,14,23.01,9.85,9.30,215,286,29.20,1.00,1.65,,
Apr,14,26.01,6.86,6.00,140,371,28.30,1.00,1.85,,
Apr,14,28.01,4.87,3.99,30,309,25.30,.99,2.27,,
Apr,14,29.01,3.88,3.30,11,565,22.30,.99,2.68,,
Apr,14,30.00,2.89,2.65,139,2433,18.50,.97,2.88,,
Apr,14,30.01,2.88,2.53,205,530,18.40,.97,3.09,,
Apr,14,30.50,2.40,2.40,414,5894,16.60,.96,3.30,,
Apr,14,31.00,1.92,1.59,601,7590,14.90,.94,3.91,,
Apr,14,31.01,1.91,1.40,540,1445,14.90,.94,3.91,,
Apr,14,31.50,1.45,1.13,707,2742,13.50,.90,5.15,,
Apr,14,31.51,1.44,.92,780,480,13.50,.90,5.15,,
Apr,14,32.00,1.00,1.02,1631,3755,12.30,.82,7.41,,
Apr,14,32.01,.99,.75,1729,2418,12.30,.82,7.41,,
Apr,14,32.50,.61,.64,3403,2865,11.40,.68,12.15,,
Apr,14,32.51,.60,.46,2127,2337,11.40,.68,12.15,,
Apr,14,33.00,.32,.35,6671,5132,10.80,.49,13.18,,
Apr,14,33.01,.32,.30,855,1460,10.80,.48,12.97,,
Apr,14,33.50,.14,.15,4639,3684,10.50,.28,5.77,,
Apr,14,33.51,.14,.14,396,308,10.50,.28,5.77,,
Apr,14,34.00,.06,.06,900,2600,10.70,.14,2.27,,
Apr,14,34.50,.03,.07,15,288,11.50,.07,1.03,,
May,14,30.01,2.35,1.70,20,1112,16.50,.93,-,,
May,14,30.50,2.47,2.18,220,319,15.70,.91,2.65,,
May,14,31.00,2.01,2.04,80,940,15.00,.87,3.35,,
May,14,31.01,1.51,1.20,156,1720,15.00,.87,-,,
May,14,31.50,1.58,1.56,85,735,14.40,.81,4.50,,
May,14,31.51,1.15,.85,985,1776,14.40,.81,-,,
May,14,32.00,1.18,.97,320,676,13.90,.74,6.27,,
May,14,32.01,.83,.61,1020,1597,13.90,.74,.35,,
May,14,32.50,.83,.68,225,1578,13.50,.65,9.09,,
May,14,32.51,.57,.43,445,445,13.50,.65,4.68,,
May,14,33.00,.56,.57,1969,1207,13.20,.54,9.80,,
May,14,33.01,.38,.34,1089,5163,13.20,.54,6.62,,
May,14,33.50,.34,.35,1602,2117,13.00,.43,6.09,,
May,14,33.51,.23,.23,628,-,13.00,.43,4.15,,
May,14,34.00,.20,.16,8,686,12.90,.33,3.62,,
May,14,34.01,.14,.13,166,731,12.90,.32,2.47,,
May,14,34.50,.12,.11,283,365,12.90,.23,2.03,,
May,14,35.00,.06,.06,1100,1180,13.00,.16,1.06,,
Jun,14,0.01,32.26,31.75,73,1726,-,-,-,,
Jun,14,23.00,9.89,9.48,5,-,35.10,.99,.86,,
Jun,14,26.00,6.91,3.09,50,100,25.20,.98,1.04,,
Jun,14,26.50,6.41,3.30,10,110,23.60,.98,1.04,,
Jun,14,26.51,5.79,5.71,90,687,23.60,.98,-,,
Jun,14,27.01,5.30,3.50,250,1710,22.20,.97,-,,
Jun,14,28.01,4.34,3.45,3,881,20.10,.96,-,,
Jun,14,30.00,2.96,2.38,30,3689,16.60,.90,1.77,,
Jun,14,30.01,2.51,.75,204,548,16.60,.90,-,,
Jun,14,30.50,2.50,2.32,312,700,15.80,.88,2.14,,
Jun,14,30.51,2.09,.76,79,144,15.80,.88,-,,
Jun,14,31.00,2.05,1.89,2141,2970,15.10,.84,2.81,,
Jun,14,31.01,1.70,1.56,6046,6879,15.10,.84,-,,
Jun,14,31.50,1.63,1.26,755,2515,14.60,.79,3.73,,
Jun,14,32.00,1.25,.92,500,2292,14.10,.73,5.19,,
Jun,14,32.01,1.03,.94,691,1954,14.10,.72,2.69,,
Jun,14,32.50,.92,.67,1116,4726,13.80,.65,7.27,,
Jun,14,32.51,.77,.57,307,1808,13.80,.65,5.56,,
Jun,14,33.00,.65,.50,931,5326,13.50,.57,7.88,,
Jun,14,33.01,.55,.52,929,1304,13.50,.56,6.72,,
Jun,14,33.50,.44,.33,1606,5365,13.30,.48,5.38,,
Jun,14,33.51,.38,.36,182,1533,13.30,.47,4.64,,
Jun,14,34.00,.29,.28,100,2519,13.20,.39,3.54,,
Jun,14,34.01,.26,.24,91,3384,13.20,.39,3.18,,
Jun,14,34.50,.19,.15,194,324,13.10,.30,2.26,,
Jun,14,34.51,.17,.17,17,476,13.10,.30,2.08,,
Jul,14,33.00,.77,.75,270,330,13.80,.58,7.15,,
Jul,14,33.50,.56,.56,287,302,13.60,.51,5.23,,
Aug,14,32.50,1.21,1.00,10,24,14.60,.66,6.43,,
Aug,14,33.50,.75,.73,181,232,14.20,.54,5.38,,
Aug,14,34.00,.57,.50,50,80,14.00,.47,4.12,,
Aug,14,34.50,.43,.42,30,57,13.80,.40,3.11,,
Sep,14,22.01,10.41,9.35,50,775,29.70,.98,-,,
Sep,14,24.01,8.47,8.02,150,2600,26.00,.97,-,,
Sep,14,25.51,7.02,6.52,317,469,22.70,.97,-,,
Sep,14,27.01,5.59,5.28,312,2312,19.90,.95,-,,
Sep,14,28.01,4.67,4.29,261,1592,18.60,.93,-,,
Sep,14,28.51,4.24,3.87,40,120,18.10,.92,-,,
Sep,14,29.51,3.39,3.39,30,360,17.10,.88,.49,,
Sep,14,30.01,2.99,2.65,40,644,16.70,.86,1.10,,
Sep,14,30.51,2.61,1.73,210,345,16.30,.83,1.83,,
Sep,14,31.01,2.25,2.08,40,350,15.90,.79,2.72,,
Sep,14,31.50,1.97,1.98,50,90,15.60,.76,3.97,,
Sep,14,32.01,1.63,1.16,100,337,15.40,.71,4.98,,
Sep,14,32.50,1.38,1.18,310,625,15.10,.66,6.45,,
Sep,14,33.00,1.13,.95,103,409,15.00,.61,6.90,,
Sep,14,33.01,1.12,1.02,20,413,15.00,.61,6.84,,
Sep,14,33.50,.92,.95,90,297,14.80,.55,5.59,,
Sep,14,34.00,.73,.47,60,194,14.70,.50,4.49,,
Sep,14,34.01,.73,.57,41,389,14.70,.49,4.49,,
Sep,14,35.00,.46,.43,90,693,14.40,.38,2.81,,
Sep,14,37.00,.15,.31,250,290,14.10,.19,.92,,
Sep,14,40.01,.03,.05,250,500,14.10,.05,.15,,
Dec,14,22.01,9.76,8.86,38,99,29.10,.97,-,,
Dec,14,26.51,5.54,5.14,31,89,20.60,.94,-,,
Dec,14,28.01,4.26,1.94,20,40,18.90,.91,-,,
Dec,14,29.01,3.48,1.60,20,173,18.00,.88,-,,
Dec,14,30.00,3.27,3.08,60,533,17.30,.83,1.88,,
Dec,14,31.00,2.54,2.63,50,1447,16.70,.78,2.99,,
Dec,14,32.01,1.61,1.51,54,334,16.20,.71,3.32,,
Dec,14,33.00,1.41,1.20,631,1247,15.90,.63,5.87,,
Dec,14,34.00,1.00,.75,350,1955,15.60,.55,4.18,,
Dec,14,34.01,.83,.80,40,-,15.60,.55,3.47,,
Dec,14,35.00,.69,.55,10,100,15.50,.46,2.91,,
,
Arrium Last Sale Price $1.38,
Apr,14,1.30,.12,.08,100,100,45.60,.72,34.29,,
Apr,14,1.35,.08,.05,70,70,44.10,.61,48.98,,
Apr,14,1.40,.06,.05,1859,3159,43.20,.49,53.88,,
Apr,14,1.45,.04,.03,600,623,42.90,.37,34.29,,
Apr,14,1.55,.01,.01,1200,1440,44.00,.19,14.69,,
May,14,1.40,.09,.09,500,500,43.20,.53,37.78,,
Jun,14,0.81,.57,.49,20,2885,52.50,.99,1.45,,
Jun,14,1.25,.20,.20,80,2876,45.40,.73,20.35,,
Jun,14,1.50,.07,.06,132,191,41.90,.41,20.35,,
Jun,14,1.60,.04,.06,200,2092,41.50,.29,13.08,,
,
ASX Last Sale Price $35.91,
Apr,14,35.00,1.13,1.36,22,22,13.10,.81,8.09,,
Apr,14,36.00,.42,.40,34,107,11.30,.53,15.81,,
Apr,14,36.50,.20,.22,440,360,10.70,.34,7.53,,
Apr,14,37.00,.08,.14,100,811,10.40,.18,3.01,,
May,14,35.50,1.08,1.11,50,-,13.10,.66,10.81,,
May,14,36.00,.78,.75,10,-,12.60,.57,12.58,,
May,14,37.00,.35,.34,5,82,12.00,.35,5.65,,
Jun,14,37.12,.50,.47,10,38,12.50,.39,5.58,,
Jun,14,37.61,.35,.35,250,145,12.40,.31,3.97,,
Jun,14,38.12,.25,.28,63,83,12.40,.24,2.74,,
Jul,14,35.01,1.83,1.87,32,32,14.10,.72,7.90,,
Jul,14,37.00,.71,.80,30,30,12.90,.45,6.11,,
Aug,14,38.50,.53,.52,11,-,14.00,.33,3.47,,
Dec,14,42.56,.17,.27,5,385,14.70,.17,.67,,
Dec,14,43.55,.13,.18,50,60,14.90,.13,.48,,
,
Alumina Last Sale Price $1.20,
Apr,14,1.10,.12,.09,600,600,38.10,.83,16.90,,
Apr,14,1.20,.05,.03,360,4450,36.70,.54,56.33,,
Apr,14,1.25,.03,.03,3200,3000,36.70,.37,33.80,,
Apr,14,1.30,.01,.01,1350,6076,37.20,.24,16.90,,
May,14,1.15,.10,.07,400,2390,33.50,.67,21.73,,
May,14,1.20,.07,.07,3500,3720,33.20,.56,33.80,,
May,14,1.25,.04,.04,3573,15004,33.00,.44,21.73,,
May,14,1.30,.03,.03,200,1130,33.00,.33,14.48,,
Jun,14,1.16,.11,.14,242,1092,34.50,.64,21.73,,
Jun,14,1.20,.09,.11,260,1680,33.80,.57,28.41,,
Jun,14,1.25,.06,.06,200,900,33.30,.47,20.05,,
Jun,14,1.30,.04,.03,769,422,33.10,.38,15.04,,
,
Aurizon Hldgs Last Sale Price $5.12,
Apr,14,5.25,.04,.04,316,906,14.90,.31,9.24,,
,
Bendigo & Adelaide Bk Last Sale Price $11.12,
Apr,14,11.25,.10,.17,120,190,12.60,.42,12.16,,
Apr,14,11.75,.01,.03,186,186,12.10,.06,.97,,
Apr,14,12.00,.00,.01,184,184,12.20,.01,.12,,
May,14,11.25,.23,.21,30,-,14.30,.50,11.72,,
May,14,11.50,.13,.12,15,155,14.00,.35,6.51,,
Sep,14,11.25,.41,.40,100,-,15.20,.59,7.48,,
,
BHP Billiton Last Sale Price $36.14,
Apr,14,0.01,36.20,35.92,21000,16030,-,-,2.43,,
Apr,14,30.01,6.19,6.50,20,1,28.00,1.00,2.24,,
Apr,14,33.51,2.79,3.45,16,22,22.80,.91,6.17,,
Apr,14,34.00,2.35,2.25,65,80,21.70,.88,7.67,,
Apr,14,35.00,1.49,1.36,390,250,19.50,.76,13.09,,
Apr,14,35.01,1.48,1.34,220,1087,19.50,.76,13.09,,
Apr,14,35.50,1.12,1.02,352,625,18.50,.68,17.77,,
Apr,14,35.51,1.11,1.54,54,229,18.50,.68,17.77,,
Apr,14,36.00,.79,.79,8201,4841,17.70,.58,24.13,,
Apr,14,36.01,.78,.77,942,1372,17.70,.57,24.31,,
Apr,14,36.50,.52,.56,4582,4510,17.00,.46,19.45,,
Apr,14,36.51,.52,.53,1412,1722,17.00,.46,19.26,,
Apr,14,37.00,.32,.34,7722,7686,16.50,.34,11.97,,
Apr,14,37.01,.32,.31,625,2533,16.50,.34,11.97,,
Apr,14,37.50,.19,.19,6527,5392,16.10,.23,6.92,,
Apr,14,37.51,.19,.20,1280,1535,16.10,.23,6.92,,
Apr,14,38.00,.10,.11,5431,8241,16.00,.15,3.74,,
Apr,14,38.01,.10,.22,1475,2838,16.00,.14,3.74,,
Apr,14,38.50,.05,.06,2006,6373,15.90,.09,1.87,,
Apr,14,38.51,.05,.05,573,1981,15.90,.08,1.87,,
Apr,14,39.00,.03,.03,1240,5225,15.90,.05,.94,,
Apr,14,39.01,.03,.06,360,1631,15.90,.05,.94,,
Apr,14,39.50,.01,.02,237,4940,16.00,.02,.37,,
Apr,14,39.51,.01,.02,100,3801,16.00,.02,.37,,
Apr,14,40.00,.01,.01,338,9282,16.00,.01,.19,,
Apr,14,40.01,.01,.01,440,920,16.00,.01,.19,,
Apr,14,40.50,.00,.01,2000,8926,16.00,-,-,,
May,14,35.00,1.92,1.84,139,214,19.80,.71,12.50,,
May,14,35.01,1.92,1.82,1281,1366,19.80,.71,12.58,,
May,14,35.50,1.57,1.31,100,277,19.20,.65,14.91,,
May,14,36.00,1.26,1.21,386,874,18.60,.59,17.95,,
May,14,36.01,1.25,1.21,480,582,18.60,.58,18.04,,
May,14,36.50,.98,.99,775,1151,18.10,.51,15.79,,
May,14,36.51,.98,.90,252,680,18.10,.51,15.71,,
May,14,37.00,.75,.78,4957,3329,17.70,.44,12.02,,
May,14,37.01,.75,.66,1236,3072,17.60,.44,11.94,,
May,14,37.50,.56,.57,4071,6008,17.30,.37,8.90,,
May,14,37.51,.55,.51,237,633,17.30,.36,8.82,,
May,14,38.00,.40,.41,679,11605,16.90,.29,6.41,,
May,14,38.01,.40,.39,817,721,16.90,.29,6.33,,
May,14,38.50,.28,.28,325,4708,16.70,.23,4.49,,
May,14,38.51,.28,.28,92,401,16.70,.23,4.41,,
May,14,39.00,.19,.20,2441,4997,16.50,.17,3.05,,
May,14,39.50,.13,.12,45,1422,16.40,.13,2.08,,
May,14,40.00,.09,.14,95,5033,16.30,.09,1.36,,
May,14,40.01,.09,.09,500,321,16.30,.09,1.36,,
May,14,41.00,.04,.07,160,1592,16.50,.05,.56,,
Jun,14,26.51,9.84,9.51,49,49,31.30,.98,2.33,,
Jun,14,30.01,6.47,6.30,200,200,26.80,.94,3.77,,
Jun,14,33.00,3.77,4.12,3,2447,22.60,.84,6.94,,
Jun,14,34.00,2.95,2.94,262,393,21.40,.78,8.99,,
Jun,14,35.01,2.20,2.00,3,761,20.20,.70,11.88,,
Jun,14,35.50,1.87,1.93,44,975,19.60,.65,13.60,,
Jun,14,36.00,1.56,1.60,721,4457,19.10,.59,15.76,,
Jun,14,36.01,1.55,1.40,20,382,19.10,.59,15.76,,
Jun,14,36.50,1.28,1.24,3547,8460,18.70,.54,14.21,,
Jun,14,36.51,1.27,1.26,10,604,18.70,.54,14.15,,
Jun,14,37.00,1.03,1.04,676,8509,18.30,.48,11.49,,
Jun,14,37.01,1.03,.94,20,608,18.30,.48,11.43,,
Jun,14,37.50,.81,.77,1061,2622,17.90,.42,9.05,,
Jun,14,37.51,.81,.74,35,660,17.90,.42,9.05,,
Jun,14,38.00,.64,.64,3492,6716,17.60,.36,7.05,,
Jun,14,38.01,.64,.65,498,2332,17.60,.36,7.05,,
Jun,14,38.50,.49,.50,3571,7448,17.30,.30,5.44,,
Jun,14,38.51,.48,.45,65,535,17.30,.30,5.38,,
Jun,14,39.00,.37,.32,396,6206,17.10,.25,4.11,,
Jun,14,39.01,.36,.38,2155,4016,17.10,.25,4.05,,
Jun,14,39.50,.27,.28,280,14355,16.90,.20,3.00,,
Jun,14,39.51,.27,.26,100,357,16.90,.20,3.00,,
Jun,14,40.00,.20,.18,580,8882,16.70,.16,2.16,,
Jun,14,40.01,.20,.20,125,1686,16.70,.16,2.16,,
Jun,14,40.50,.14,.13,530,2258,16.60,.12,1.55,,
Jun,14,41.00,.11,.11,510,3353,16.60,.09,1.17,,
Jun,14,42.00,.06,.06,250,1395,16.70,.06,.61,,
Jul,14,36.50,1.56,1.46,205,393,19.30,.55,13.28,,
Jul,14,36.51,1.55,1.37,70,110,19.30,.55,13.20,,
Jul,14,37.00,1.31,1.34,1580,1913,19.00,.50,11.12,,
Jul,14,37.01,1.30,1.22,10,240,19.00,.50,11.08,,
Jul,14,38.50,.72,.68,59,160,18.10,.35,6.11,,
Jul,14,39.50,.46,.45,173,675,17.70,.26,3.86,,
Jul,14,40.00,.35,.34,100,387,17.50,.22,3.01,,
Jul,14,40.01,.35,.45,30,30,17.50,.22,3.01,,
Jul,14,43.00,.07,.06,80,80,17.10,.06,.59,,
Aug,14,37.00,1.67,1.68,482,416,20.00,.53,10.92,,
Aug,14,37.50,1.44,1.29,20,80,19.70,.49,9.44,,
Aug,14,38.50,1.04,1.08,60,358,19.20,.40,6.82,,
Aug,14,39.00,.86,.78,5,35,19.00,.36,5.67,,
Aug,14,39.01,.86,1.02,654,774,19.00,.36,5.67,,
Aug,14,40.00,.59,1.10,100,206,18.50,.28,3.90,,
Sep,14,30.01,6.34,6.70,12,12,25.50,.90,1.17,,
Sep,14,31.01,5.49,5.33,57,1049,24.50,.87,2.00,,
Sep,14,34.01,3.22,2.97,15,25,22.00,.74,6.05,,
Sep,14,36.00,2.25,2.04,30,1100,20.70,.62,11.74,,
Sep,14,36.01,2.02,1.90,10,110,20.60,.62,10.52,,
Sep,14,37.00,1.73,1.70,650,625,20.10,.54,9.57,,
Sep,14,37.01,1.54,1.48,130,557,20.10,.54,8.57,,
Sep,14,38.00,1.28,1.30,241,3048,19.50,.47,7.13,,
Sep,14,38.01,1.15,.99,50,676,19.50,.46,6.35,,
Sep,14,38.50,1.09,.99,5,2281,19.30,.43,6.05,,
Sep,14,39.00,.93,1.04,756,3058,19.10,.39,5.13,,
Sep,14,39.01,.82,.77,15,7017,19.10,.39,4.58,,
Sep,14,39.50,.78,.70,651,708,18.90,.35,4.30,,
Sep,14,40.00,.65,.58,200,1116,18.70,.31,3.61,,
Sep,14,40.01,.58,.58,500,507,18.70,.31,3.22,,
Sep,14,42.00,.29,.66,535,1917,18.20,.19,1.64,,
Sep,14,43.00,.20,.23,76,15590,18.00,.14,1.08,,
Sep,14,45.00,.08,.07,80,2081,17.80,.07,.44,,
Sep,14,45.50,.06,.07,200,667,17.80,.06,.33,,
Dec,14,35.00,3.28,3.10,35,3687,21.90,.69,8.13,,
Dec,14,35.50,2.98,4.00,201,231,21.70,.66,8.88,,
Dec,14,36.00,2.71,2.56,310,413,21.40,.63,9.76,,
Dec,14,36.50,2.44,2.42,70,110,21.10,.61,9.26,,
Dec,14,37.00,2.19,2.13,135,5468,20.90,.58,8.33,,
Dec,14,37.01,2.15,2.06,20,308,20.90,.58,8.18,,
Dec,14,38.50,1.55,1.51,1015,1250,20.20,.49,5.90,,
Dec,14,40.00,1.05,.94,750,2914,19.60,.39,4.01,,
Dec,14,41.00,.80,.78,40,266,19.20,.33,3.04,,
Dec,14,42.00,.59,.55,540,1013,19.00,.28,2.26,,
Mar,15,38.00,2.21,2.27,208,268,21.20,.56,6.13,,
Mar,15,40.00,1.48,1.38,85,199,20.40,.46,4.11,,
Mar,15,42.00,.94,1.03,43,233,19.80,.36,2.62,,
Mar,15,43.00,.73,.66,103,93,19.50,.31,2.04,,
Jun,15,35.00,4.13,3.87,40,69,23.40,.71,6.65,,
Jun,15,36.00,3.65,4.00,48,333,23.10,.71,7.78,,
,
Boral Last Sale Price $5.61,
Apr,14,5.50,.22,.17,100,650,24.90,.65,25.30,,
Apr,14,5.75,.09,.07,298,210,23.90,.39,21.69,,
May,14,5.50,.29,.27,100,250,24.40,.64,19.11,,
May,14,5.75,.17,.13,26600,27190,23.80,.46,17.56,,
Jun,14,5.50,.34,.36,700,1984,24.30,.63,16.80,,
Sep,14,5.75,.34,.31,40,236,25.20,.54,12.33,,
,
Bank of Qld Last Sale Price $12.85,
Apr,14,12.00,.91,.90,20,130,20.80,.91,5.79,,
Apr,14,12.25,.69,.67,50,80,19.60,.85,8.94,,
Apr,14,12.50,.48,.32,200,408,18.70,.75,13.68,,
Apr,14,12.75,.31,.17,100,420,18.00,.61,22.09,,
Apr,14,13.00,.18,.17,60,280,17.40,.45,18.94,,
Apr,14,13.25,.10,.10,100,335,17.10,.29,9.99,,
Apr,14,13.75,.02,.03,435,435,16.80,.08,2.10,,
,
BlueScope Steel Last Sale Price $6.03,
Apr,14,4.70,1.35,.77,48,99,50.00,.98,3.36,,
Apr,14,6.25,.11,.11,537,1199,29.40,.36,23.54,,
Apr,14,6.50,.05,.05,808,861,29.90,.20,11.21,,
May,14,6.50,.14,.15,15,7289,30.70,.33,13.45,,
Jun,14,4.80,1.33,1.28,330,1081,40.30,.91,6.32,,
Jun,14,6.60,.18,.17,12302,2125,31.30,.34,11.97,,
Mar,15,6.00,.89,.84,104,204,36.10,.64,14.30,,
,
Brambles Last Sale Price $9.32,
Apr,14,9.31,.19,.19,800,438,17.50,.55,25.38,,
Apr,14,9.32,.18,.35,101,246,17.50,.54,26.11,,
Apr,14,9.54,.09,.10,2098,4320,17.30,.35,13.05,,
Apr,14,9.77,.04,.10,515,1062,17.90,.19,5.80,,
May,14,8.63,.81,.80,653,736,22.60,.84,7.77,,
May,14,8.86,.63,1.09,140,150,21.40,.77,10.57,,
May,14,9.31,.33,.33,422,3419,19.80,.57,19.89,,
May,14,9.54,.22,.22,172,917,19.30,.45,13.68,,
May,14,9.99,.09,.09,45,125,19.00,.24,5.28,,
May,14,10.22,.05,.08,246,819,19.20,.16,3.11,,
May,14,10.41,.04,.05,200,200,19.70,.12,2.18,,
Jun,14,9.73,.22,.22,250,-,19.20,.40,9.25,,
Jun,14,9.96,.14,.15,461,2011,19.00,.31,6.24,,
Jul,14,9.25,.50,.55,200,-,20.00,.61,14.15,,
Sep,14,10.18,.25,.23,250,530,20.50,.37,5.27,,
Dec,14,9.54,.60,.71,42,482,21.80,.58,8.91,,
,
C'wlth Bank of Aust Last Sale Price $77.14,
Apr,14,0.11,77.03,76.35,81,11614,24.10,1.00,-,,
Apr,14,36.01,41.20,40.42,32,32,24.10,1.00,1.14,,
Apr,14,64.01,13.24,11.65,360,368,24.10,1.00,2.02,,
Apr,14,65.01,12.25,9.90,99,461,24.10,1.00,2.10,,
Apr,14,66.01,11.25,10.60,500,500,21.90,1.00,2.10,,
Apr,14,67.01,10.26,8.50,307,347,20.70,1.00,2.19,,
Apr,14,68.01,9.26,5.55,1589,1943,19.60,.99,2.28,,
Apr,14,70.00,7.29,5.44,15,244,17.20,.99,2.54,,
Apr,14,71.01,6.28,5.02,7,45,15.70,.98,2.63,,
Apr,14,72.01,5.29,2.15,120,621,14.20,.97,2.89,,
Apr,14,73.00,4.32,3.42,342,830,12.80,.96,3.15,,
Apr,14,73.01,4.31,1.54,460,1116,12.80,.96,3.15,,
Apr,14,74.00,3.36,3.33,484,695,11.60,.93,3.86,,
Apr,14,74.01,3.35,2.64,250,2294,11.60,.93,3.86,,
Apr,14,75.00,2.44,2.35,409,3602,10.70,.87,5.17,,
Apr,14,75.01,2.43,1.89,260,1908,10.70,.87,5.26,,
Apr,14,75.50,2.00,1.35,432,719,10.30,.83,6.40,,
Apr,14,76.00,1.61,1.50,4601,8863,10.00,.77,8.15,,
Apr,14,76.01,1.60,1.25,490,2440,10.00,.76,8.24,,
Apr,14,76.50,1.25,1.24,1596,391,9.80,.69,10.69,,
Apr,14,76.51,1.24,1.00,70,745,9.80,.69,10.69,,
Apr,14,77.00,.94,.94,5966,4741,9.70,.60,14.02,,
Apr,14,77.01,.94,.93,2221,6137,9.70,.59,14.11,,
Apr,14,77.51,.68,.62,1395,885,9.60,.50,11.92,,
Apr,14,78.00,.48,.49,7062,5542,9.60,.40,8.50,,
Apr,14,78.01,.48,.42,992,2902,9.60,.40,8.41,,
Apr,14,79.00,.23,.20,4647,2426,9.80,.23,3.94,,
Apr,14,79.01,.23,.14,385,355,9.80,.23,3.94,,
Apr,14,80.00,.11,.10,4435,4255,10.20,.12,1.84,,
Apr,14,80.01,.10,.04,1800,1800,10.20,.12,1.75,,
Apr,14,81.00,.05,.06,2050,603,10.80,.06,.88,,
Apr,14,82.00,.03,.03,250,520,11.60,.03,.44,,
Apr,14,82.01,.03,.03,250,250,11.60,.03,.44,,
May,14,65.01,12.44,10.66,123,245,17.40,.99,2.29,,
May,14,72.01,5.66,5.10,20,120,13.90,.92,3.94,,
May,14,73.01,4.75,3.08,15,526,13.30,.89,4.62,,
May,14,74.01,3.88,3.04,3,735,12.70,.84,5.63,,
May,14,75.00,3.08,2.53,75,2845,12.30,.78,7.06,,
May,14,75.01,3.07,2.44,168,404,12.30,.78,7.06,,
May,14,76.00,2.35,1.73,1108,2102,11.90,.70,9.09,,
May,14,76.01,2.34,1.95,141,342,11.90,.70,9.09,,
May,14,76.51,2.01,1.61,135,135,11.70,.66,10.36,,
May,14,77.00,1.72,1.68,1150,2558,11.50,.61,11.83,,
May,14,77.01,1.71,1.62,2849,2775,11.50,.61,11.83,,
May,14,78.00,1.19,1.18,500,3147,11.30,.50,8.94,,
May,14,78.01,1.19,1.15,424,311,11.30,.50,8.90,,
May,14,79.00,.80,.75,853,753,11.10,.39,5.97,,
May,14,79.01,.79,.77,216,435,11.10,.39,5.93,,
May,14,80.00,.50,.44,1984,2321,11.00,.29,3.76,,
May,14,80.01,.50,.45,1728,1250,11.00,.29,3.76,,
May,14,81.00,.31,.18,1236,1128,11.00,.20,2.33,,
May,14,82.00,.19,.10,418,1024,11.10,.14,1.43,,
May,14,83.00,.12,.07,10,148,11.30,.09,.86,,
May,14,84.00,.07,.12,300,554,11.60,.06,.53,,
May,14,85.00,.04,.04,623,1300,11.80,.04,.30,,
Jun,14,0.01,77.64,76.71,30,5704,-,-,2.63,,
Jun,14,37.01,40.37,36.14,170,2599,36.70,1.00,1.25,,
Jun,14,50.00,27.47,26.48,23,23,21.60,1.00,1.69,,
Jun,14,50.01,27.45,24.66,437,501,21.60,1.00,1.69,,
Jun,14,51.01,26.46,24.45,36,188,21.30,1.00,1.72,,
Jun,14,54.01,23.48,23.00,54,314,20.60,1.00,1.82,,
Jun,14,56.01,21.50,19.20,20,189,20.30,1.00,1.90,,
Jun,14,57.01,20.50,19.10,152,378,20.20,1.00,1.95,,
Jun,14,58.01,19.51,17.70,15,145,20.10,1.00,1.98,,
Jun,14,59.01,18.52,14.98,236,396,19.90,1.00,2.03,,
Jun,14,60.01,17.53,17.07,155,635,19.70,1.00,2.08,,
Jun,14,61.01,16.54,15.15,40,888,19.40,1.00,2.13,,
Jun,14,62.01,15.56,15.30,65,615,19.20,.99,2.21,,
Jun,14,63.01,14.57,13.35,41,612,18.80,.99,2.29,,
Jun,14,64.00,13.60,11.94,70,70,18.40,.99,2.37,,
Jun,14,64.01,13.59,11.07,109,438,18.40,.99,2.37,,
Jun,14,65.00,12.62,10.22,21,41,18.00,.98,2.50,,
Jun,14,65.01,12.61,12.00,51,1925,18.00,.98,2.50,,
Jun,14,69.01,8.74,6.85,80,404,15.70,.95,3.17,,
Jun,14,70.00,7.81,6.84,115,555,15.20,.94,3.48,,
Jun,14,70.01,7.80,6.55,20,699,15.10,.94,3.48,,
Jun,14,72.00,5.98,4.34,130,638,14.10,.89,4.37,,
Jun,14,72.01,5.97,6.27,162,821,14.10,.89,4.37,,
Jun,14,73.00,5.11,2.45,65,1396,13.60,.86,5.04,,
Jun,14,73.01,5.10,3.40,40,715,13.60,.86,5.04,,
Jun,14,74.50,3.90,2.80,100,280,13.00,.79,6.53,,
Jun,14,75.00,3.52,3.48,435,2636,12.80,.76,7.15,,
Jun,14,75.01,3.50,2.70,128,987,12.80,.76,7.15,,
Jun,14,76.00,2.81,2.21,491,789,12.40,.69,8.68,,
Jun,14,76.01,2.80,2.28,104,406,12.40,.69,8.68,,
Jun,14,77.00,2.18,2.05,307,1679,12.10,.62,10.61,,
Jun,14,77.01,2.17,1.59,298,1322,12.10,.62,10.63,,
Jun,14,78.00,1.65,1.62,539,3932,11.90,.53,8.55,,
Jun,14,78.01,1.64,1.29,43,43,11.90,.53,8.53,,
Jun,14,79.00,1.20,1.09,1343,1252,11.70,.45,6.24,,
Jun,14,79.01,1.20,.91,313,516,11.70,.45,6.24,,
Jun,14,80.00,.85,.81,875,1281,11.50,.36,4.45,,
Jun,14,80.01,.85,.74,10,218,11.50,.36,4.42,,
Jun,14,83.00,.27,.17,31,276,11.40,.16,1.40,,
Jun,14,84.00,.18,.14,296,296,11.50,.11,.94,,
Jun,14,85.00,.12,.07,50,1863,11.70,.08,.62,,
Jul,14,67.00,10.91,10.60,3,50,17.30,.95,3.06,,
Jul,14,76.00,3.27,1.54,5,55,13.10,.69,8.45,,
Jul,14,79.00,1.63,1.11,174,380,12.30,.49,6.48,,
Aug,14,80.00,1.62,1.50,122,450,13.10,.46,4.96,,
Aug,14,81.00,1.26,1.16,250,-,12.90,.40,3.87,,
Sep,14,53.51,22.34,21.61,51,55,23.30,.99,-,,
Sep,14,72.00,6.67,4.21,60,1271,15.00,.84,3.96,,
Sep,14,76.01,3.00,2.30,125,294,14.00,.69,4.86,,
Sep,14,77.01,2.50,2.07,131,248,13.80,.64,6.17,,
Sep,14,78.00,2.62,3.79,12,122,13.60,.59,6.81,,
Sep,14,78.01,2.06,1.85,50,159,13.60,.59,5.37,,
Sep,14,80.00,1.74,1.52,12,555,13.40,.49,4.51,,
Dec,14,70.01,8.02,6.51,400,673,16.40,.86,1.58,,
Dec,14,71.00,7.88,6.76,204,204,16.10,.84,3.10,,
Dec,14,85.00,1.00,.96,10,230,13.90,.34,1.78,,
Jun,15,70.00,9.33,8.80,107,23,17.20,.82,2.28,,
Jun,15,82.00,2.83,2.70,10,16,15.30,.54,2.94,,
Dec,15,76.00,6.41,5.82,266,1266,17.50,.76,3.95,,
Dec,16,86.00,3.90,3.86,10,-,17.30,.61,1.84,,
,
Coca-Cola Amatil Last Sale Price $11.07,
Apr,14,11.00,.22,.25,209,350,14.00,.62,17.71,,
Apr,14,11.25,.09,.10,295,1585,13.30,.37,10.99,,
Apr,14,11.50,.03,.07,363,1515,13.10,.17,3.66,,
Apr,14,11.51,.03,.05,300,680,13.10,.16,3.66,,
Apr,14,11.76,.01,.03,100,966,13.20,.06,.98,,
May,14,11.25,.23,.25,11,104,15.70,.47,12.04,,
May,14,11.50,.14,.19,317,451,15.50,.34,7.07,,
May,14,11.75,.08,.09,270,541,15.70,.23,4.19,,
May,14,12.00,.05,.04,224,2774,16.10,.15,2.62,,
Jun,14,10.95,.47,.51,326,126,16.70,.64,12.50,,
Jun,14,11.20,.33,.39,58,58,16.20,.53,11.96,,
Jun,14,11.45,.22,.26,675,633,15.80,.42,7.97,,
Jun,14,11.46,.22,.26,150,678,15.80,.41,7.79,,
Jun,14,11.70,.14,.15,721,939,15.60,.31,5.07,,
Jun,14,12.19,.06,.05,125,740,15.70,.16,1.99,,
Jun,14,12.44,.04,.04,50,1090,15.90,.10,1.27,,
Jun,14,12.69,.02,.03,30,410,16.20,.07,.72,,
Jul,14,11.26,.36,.38,60,-,16.20,.53,10.11,,
Jul,14,12.00,.12,.14,50,1000,15.60,.26,3.32,,
Aug,14,12.00,.20,.19,875,375,17.20,.33,4.18,,
Sep,14,11.45,.38,.37,420,1050,17.20,.51,6.88,,
Sep,14,11.71,.25,.29,20,20,17.00,.43,4.44,,
Dec,14,11.96,.31,.29,30,-,17.40,.44,3.84,,
Dec,14,12.19,.25,.33,40,157,17.30,.38,3.10,,
Dec,14,12.69,.16,.16,30,40,17.10,.28,1.92,,
,
Computershare Last Sale Price $12.10,
Apr,14,11.75,.46,.44,109,229,18.00,.76,12.29,,
Apr,14,12.25,.15,.14,130,689,16.10,.43,16.76,,
Apr,14,12.50,.07,.06,278,406,15.70,.26,7.82,,
Apr,14,12.75,.03,.07,142,142,15.60,.13,3.35,,
Apr,14,13.00,.01,.04,300,650,15.60,.05,1.12,,
May,14,12.00,.42,.55,300,355,17.40,.61,15.56,,
May,14,12.75,.12,.19,150,269,16.40,.28,5.75,,
Jun,14,12.00,.53,.72,40,250,18.20,.62,14.25,,
Sep,14,12.50,.51,.24,20,45,19.30,.52,8.45,,
Dec,14,12.25,.81,.59,30,40,20.40,.60,9.19,,
Dec,14,13.50,.34,.32,24,400,19.40,.37,3.91,,
,
CSL Last Sale Price $69.85,
Apr,14,64.01,6.04,7.80,36,319,20.50,.96,3.77,,
Apr,14,65.01,5.07,6.80,280,315,18.90,.94,4.35,,
Apr,14,66.00,4.13,5.00,35,35,17.50,.91,5.32,,
Apr,14,68.00,2.36,4.55,260,160,15.00,.79,9.77,,
Apr,14,69.01,1.59,1.20,200,221,14.00,.67,14.52,,
Apr,14,70.00,.98,1.03,645,822,13.30,.53,18.97,,
Apr,14,70.50,.73,.89,78,18,13.00,.45,14.22,,
Apr,14,71.00,.54,.57,1741,1564,12.90,.37,10.45,,
Apr,14,71.50,.39,.45,44,24,12.80,.29,7.45,,
Apr,14,72.00,.28,.32,1209,1222,12.80,.23,5.32,,
Apr,14,72.01,.27,.35,477,547,12.80,.23,5.23,,
Apr,14,72.50,.19,.34,100,100,12.90,.17,3.68,,
Apr,14,73.00,.14,.14,1902,1932,13.00,.13,2.61,,
Apr,14,73.01,.14,.20,524,601,13.00,.13,2.61,,
Apr,14,74.00,.07,.12,388,897,13.50,.07,1.26,,
Apr,14,75.00,.04,.14,162,539,14.10,.04,.68,,
Apr,14,75.01,.04,.14,66,316,14.10,.04,.68,,
Apr,14,76.01,.02,.09,50,50,14.90,.02,.39,,
Apr,14,77.00,.01,.06,500,721,15.60,.01,.19,,
May,14,64.01,6.38,6.50,2,17,17.80,.91,4.44,,
May,14,65.01,5.46,6.10,240,250,17.00,.89,5.18,,
May,14,68.00,3.02,4.21,10,10,15.30,.73,9.70,,
May,14,70.01,1.75,1.80,65,67,14.60,.56,14.56,,
May,14,71.00,1.28,1.30,423,412,14.30,.47,10.62,,
May,14,72.00,.90,.91,194,1215,14.10,.37,7.42,,
May,14,73.00,.60,.64,1605,1421,14.00,.29,4.98,,
May,14,74.00,.39,.41,106,661,14.00,.21,3.23,,
May,14,75.00,.26,.27,203,289,14.00,.15,2.12,,
May,14,78.00,.07,.17,42,42,14.30,.05,.54,,
May,14,79.00,.04,.09,71,71,14.60,.03,.33,,
May,14,80.00,.03,.07,27,27,14.60,.02,.21,,
Jun,14,44.01,26.16,28.75,20,407,38.90,.99,1.81,,
Jun,14,47.00,23.19,22.24,18,18,35.30,.99,1.95,,
Jun,14,54.01,16.27,13.90,15,180,27.20,.98,2.47,,
Jun,14,61.01,9.46,11.60,75,161,20.00,.94,3.56,,
Jun,14,66.00,5.00,4.09,29,84,16.60,.82,6.57,,
Jun,14,66.01,4.99,6.03,30,74,16.60,.82,6.57,,
Jun,14,68.01,3.48,5.02,14,236,15.80,.71,9.39,,
Jun,14,72.00,1.32,1.40,570,659,14.70,.43,7.58,,
Jun,14,73.00,.98,1.01,1737,1818,14.50,.35,5.63,,
Jun,14,74.00,.71,2.02,756,860,14.40,.28,4.08,,
Jun,14,77.00,.25,.46,40,50,14.30,.13,1.41,,
Jun,14,78.00,.17,.35,7,507,14.30,.09,.95,,
Jul,14,74.00,1.07,1.16,40,122,15.00,.34,4.70,,
Aug,14,78.00,.68,.64,124,279,15.90,.22,2.29,,
Sep,14,68.00,4.79,3.59,500,565,17.60,.70,8.43,,
Sep,14,70.00,3.61,2.73,3,28,17.20,.61,10.35,,
Sep,14,71.00,3.08,3.15,20,70,17.00,.57,8.84,,
Sep,14,75.00,1.54,2.13,16,316,16.50,.38,4.44,,
Sep,14,76.00,1.26,1.80,21,51,16.40,.34,3.63,,
Dec,14,64.00,8.40,7.65,3,14,19.60,.81,5.01,,
Dec,14,72.00,3.62,4.59,33,330,17.90,.56,7.10,,
,
CSR Last Sale Price $3.40,
Apr,14,2.80,.60,.52,500,500,24.40,1.00,1.99,,
Apr,14,3.20,.23,.24,74,125,23.80,.85,9.94,,
Apr,14,3.30,.15,.13,250,75,24.00,.71,19.88,,
Apr,14,3.40,.09,.10,315,1500,24.50,.54,35.78,,
Apr,14,3.50,.06,.03,3530,2199,25.10,.37,21.87,,
Apr,14,3.60,.03,.04,220,589,25.90,.23,11.93,,
May,14,3.20,.27,.12,200,260,25.60,.76,11.93,,
May,14,3.50,.11,.13,230,500,26.50,.45,18.74,,
Jun,14,2.01,1.37,1.23,300,290,34.10,1.00,-,,
Jun,14,2.61,.77,.63,20,20,26.40,.99,-,,
,
David Jones Last Sale Price $3.21,
Apr,14,3.40,.01,.05,500,654,25.30,.22,4.21,,
May,14,3.20,.10,.06,2000,2000,24.70,.57,15.34,,
May,14,3.30,.06,.06,1124,500,25.00,.45,10.83,,
Jun,14,3.20,.11,.12,770,250,23.00,.58,12.50,,
Jun,14,3.30,.07,.08,649,150,22.80,.48,9.37,,
Jun,14,3.50,.04,.11,500,1650,23.10,.28,4.37,,
,
Domino's Pizza Last Sale Price $19.51,
May,14,20.00,.69,.90,30,30,27.00,.47,20.49,,
Jun,14,19.50,1.13,.96,21,21,27.70,.57,23.03,,
Jun,14,20.00,.90,.97,21,21,27.40,.50,18.50,,
,
Echo Entertainment Last Sale Price $2.46,
Apr,14,2.40,.12,.07,200,200,29.40,.66,30.22,,
May,14,2.30,.22,.23,20,-,29.90,.75,14.13,,
May,14,2.40,.16,.13,60,-,29.00,.64,22.37,,
Jun,14,0.01,2.46,2.40,100,200,-,-,2.45,,
Jun,14,2.59,.09,.07,500,646,27.60,.42,14.67,,
Jun,14,2.68,.06,.06,500,500,27.70,.33,9.78,,
Mar,15,3.40,.04,.04,300,-,26.00,.19,1.43,,
,
Flight Centre Travel Last Sale Price $52.02,
Apr,14,52.00,1.36,2.85,3,3,23.60,.54,34.82,,
Apr,14,53.00,.90,.95,13,2,23.10,.42,23.26,,
Apr,14,55.00,.33,.35,86,22,22.60,.20,8.45,,
Jun,14,54.00,1.85,1.80,9,9,24.60,.45,14.23,,
,
Fortescue Metals Grp Last Sale Price $5.34,
Mar,14,0.01,5.33,-,900,-,-,1.00,-,,
Apr,14,4.50,.86,.79,400,550,44.50,.94,6.33,,
Apr,14,4.75,.64,.66,100,100,39.80,.88,11.39,,
Apr,14,5.00,.42,.36,1642,2002,36.40,.78,20.25,,
Apr,14,5.01,.41,.25,2320,3545,36.30,.77,21.52,,
Apr,14,5.25,.25,.25,7542,6271,34.10,.61,39.24,,
Apr,14,5.26,.24,.22,1455,2035,34.10,.60,40.50,,
Apr,14,5.50,.13,.13,17519,17760,32.90,.40,31.64,,
Apr,14,5.51,.12,.12,5300,3540,32.80,.39,30.38,,
Apr,14,5.75,.06,.06,6416,10581,32.50,.22,13.92,,
Apr,14,5.76,.06,.04,2523,2458,32.60,.22,13.92,,
Apr,14,6.00,.03,.02,5218,10923,33.10,.11,6.33,,
Apr,14,6.01,.02,.02,100,726,33.20,.11,5.06,,
Apr,14,6.25,.01,.01,560,4280,34.50,.05,2.53,,
May,14,4.50,.94,.92,100,100,44.20,.86,10.85,,
May,14,4.60,.85,.87,110,260,42.90,.84,12.48,,
May,14,5.00,.54,.58,165,510,38.60,.71,21.70,,
May,14,5.25,.38,.38,4283,5234,36.70,.60,31.46,,
May,14,5.50,.25,.24,1056,1404,35.40,.48,27.12,,
May,14,5.51,.25,.25,530,210,35.30,.47,26.58,,
May,14,5.75,.16,.16,1961,3577,34.40,.35,17.36,,
May,14,5.76,.16,.14,400,140,34.40,.35,16.82,,
May,14,6.00,.10,.09,2210,1852,33.80,.24,10.31,,
May,14,6.01,.09,.07,210,240,33.80,.24,9.76,,
May,14,6.25,.06,.06,732,1645,33.50,.16,5.97,,
May,14,6.50,.03,.04,400,735,33.40,.10,3.25,,
Jun,14,4.10,1.33,1.41,761,899,45.90,.91,6.38,,
Jun,14,5.00,.60,.36,90,10877,38.20,.70,19.90,,
Jun,14,5.25,.45,.42,537,11073,36.70,.60,27.04,,
Jun,14,5.26,.45,.48,250,150,36.70,.60,27.42,,
Jun,14,5.50,.32,.27,55,12087,35.60,.50,24.04,,
Jun,14,5.51,.32,.32,194,315,35.50,.50,23.66,,
Jun,14,5.75,.22,.23,686,3962,34.60,.40,16.52,,
Jun,14,5.76,.22,.19,280,1080,34.60,.39,16.15,,
Jun,14,6.00,.14,.10,100,15846,33.80,.30,10.89,,
Jun,14,6.26,.09,.11,333,513,33.20,.21,6.76,,
Jul,14,4.50,1.03,1.05,800,4,42.20,.82,10.91,,
Jul,14,5.25,.52,.48,500,500,37.40,.61,24.70,,
Sep,14,6.75,.13,.14,207,309,34.50,.23,4.88,,
Sep,14,7.00,.10,.11,239,1709,34.20,.19,3.57,,
Dec,14,5.25,.73,.67,6,214,38.70,.63,16.57,,
Dec,14,6.50,.28,.26,50,8450,35.50,.36,7.07,,
Mar,16,7.50,.42,.40,150,-,36.30,.41,4.00,,
Jun,16,5.50,1.05,1.08,50,80,38.80,.65,8.80,,
Dec,16,5.00,1.39,1.38,100,50,41.10,.76,7.14,,
,
21st Century Fox Last Sale Price $33.39,
Apr,14,32.50,1.27,1.75,100,170,20.00,.73,15.59,,
Apr,14,33.50,.61,.65,130,30,18.00,.52,24.90,,
Apr,14,34.00,.40,.38,682,13,17.60,.39,15.99,,
Apr,14,34.50,.25,.21,32,29,17.50,.28,9.92,,
Apr,14,35.00,.14,.45,13,13,17.80,.19,5.87,,
Apr,14,35.50,.09,.08,100,529,18.30,.13,3.64,,
Apr,14,36.50,.04,.04,503,305,19.60,.06,1.42,,
Jun,14,24.05,9.50,10.00,12,12,22.20,1.00,1.92,,
Mar,15,27.62,6.55,6.51,50,-,16.70,.94,2.34,,
Mar,15,28.51,5.83,5.56,250,-,17.10,.91,2.84,,
,
Fairfax Media Last Sale Price $0.90,
Apr,14,0.75,.16,.16,1750,1750,43.10,.95,7.51,,
Apr,14,0.80,.11,.11,1000,1000,39.80,.89,7.51,,
Apr,14,0.90,.04,.03,1682,1314,35.50,.54,52.57,,
Apr,14,0.95,.01,.03,500,665,34.50,.31,22.53,,
May,14,0.85,.09,.08,1162,1162,36.10,.70,22.53,,
,
GPT Grp Last Sale Price $3.63,
Apr,14,3.70,.03,.03,630,10931,14.50,.36,11.17,,
Jun,14,3.60,.14,.17,100,3630,16.30,.63,12.15,,
Jun,14,3.70,.09,.09,1510,4929,16.30,.49,9.94,,
Jun,14,3.80,.06,.06,213,2999,16.60,.37,6.63,,
Jun,14,4.10,.01,.01,427,427,18.50,.13,1.66,,
,
Harvey Norman Last Sale Price $3.27,
Mar,14,0.01,3.26,-,300,-,-,1.00,-,,
Apr,14,3.20,.11,.09,654,375,26.00,.66,16.54,,
Apr,14,3.30,.06,.05,100,550,24.10,.48,22.74,,
May,14,3.30,.10,.09,150,250,24.10,.52,16.83,,
,
Insurance Aust Grp Last Sale Price $5.57,
Apr,14,5.50,.14,.13,790,1274,15.50,.67,15.78,,
Apr,14,5.51,.13,.13,532,420,15.40,.65,16.99,,
Apr,14,5.75,.03,.03,30,6878,14.30,.24,6.07,,
May,14,5.00,.60,.56,90,90,16.50,.96,3.12,,
May,14,5.50,.19,.19,950,5173,14.40,.66,11.96,,
May,14,5.75,.07,.07,5231,3070,14.30,.37,7.28,,
May,14,5.76,.07,.06,950,19,14.40,.36,6.76,,
Jun,14,5.00,.62,.62,675,725,16.70,.94,3.60,,
Jun,14,5.50,.23,.22,1730,3065,15.50,.65,11.16,,
Jun,14,5.75,.11,.11,3460,4909,15.00,.42,7.56,,
Sep,14,5.75,.22,.14,20,1024,18.20,.52,7.74,,
Sep,14,6.01,.09,.07,50,200,18.20,.38,3.24,,
,
IOOF Hldgs Last Sale Price $8.77,
Apr,14,8.75,.20,.19,149,-,19.50,.56,27.75,,
May,14,9.00,.21,.20,115,155,20.30,.44,13.87,,
May,14,9.25,.13,.12,100,425,20.30,.32,8.59,,
Jun,14,9.50,.13,.18,38,263,20.80,.28,5.95,,
,
Iluka Res Last Sale Price $9.71,
Apr,14,9.00,.78,.85,10,10,27.60,.87,9.75,,
Apr,14,9.50,.39,.46,279,368,25.30,.66,25.06,,
Apr,14,9.75,.25,.32,328,1489,24.70,.51,34.11,,
Apr,14,10.00,.14,.14,739,1038,24.40,.36,20.19,,
Apr,14,10.01,.14,.33,530,660,24.40,.36,19.49,,
Apr,14,10.25,.08,.12,341,585,24.50,.23,11.14,,
Apr,14,10.50,.04,.10,194,320,25.00,.14,5.57,,
Apr,14,10.75,.03,.11,500,565,26.00,.09,3.48,,
May,14,9.50,.59,.52,35,45,28.90,.63,22.97,,
May,14,9.75,.45,.37,100,100,27.90,.54,26.85,,
May,14,10.00,.33,.32,709,4695,27.20,.45,19.69,,
May,14,10.25,.23,.23,80,80,26.70,.36,14.02,,
May,14,10.50,.17,.20,220,573,26.40,.28,9.85,,
May,14,10.75,.11,.14,350,480,26.20,.21,6.56,,
May,14,11.00,.07,.10,150,250,26.30,.16,4.48,,
Jun,14,9.50,.69,.60,100,770,29.00,.63,20.03,,
Jun,14,10.01,.44,.33,30,100,28.00,.48,17.97,,
Jun,14,10.25,.34,.45,300,791,27.60,.41,14.04,,
Jun,14,10.50,.26,.36,312,312,27.40,.34,10.74,,
Jun,14,12.00,.05,.06,43,43,28.20,.09,2.07,,
Dec,14,9.00,1.54,1.64,40,40,36.20,.70,11.73,,
Dec,14,11.00,.65,.60,30,33,33.40,.44,9.11,,
,
Incitec Pivot Last Sale Price $2.93,
Apr,14,3.00,.04,.04,314,1918,23.50,.39,20.76,,
Apr,14,3.01,.04,.04,140,240,23.40,.37,20.76,,
May,14,2.90,.13,.13,100,1136,23.70,.60,18.78,,
May,14,3.00,.08,.09,1765,1668,23.20,.46,15.82,,
May,14,3.01,.07,.07,1100,1100,23.20,.45,12.85,,
May,14,3.10,.04,.05,1100,700,23.10,.33,8.90,,
May,14,3.11,.04,.04,390,-,23.10,.32,7.91,,
Jun,14,3.00,.11,.09,1010,2450,24.80,.49,14.37,,
,
James Hardie Ind Last Sale Price $14.23,
Apr,14,11.50,2.76,2.62,96,96,38.50,.98,2.85,,
Apr,14,14.44,.27,.33,200,200,23.00,.44,25.18,,
May,14,14.19,.65,.67,116,165,25.70,.57,24.84,,
May,14,15.17,.26,.27,100,100,24.80,.32,10.59,,
Jun,14,13.55,1.16,1.12,50,50,26.40,.71,13.53,,
Jun,14,14.75,.51,.53,24,99,25.00,.46,14.23,,
Jun,14,15.22,.34,.34,250,115,24.60,.35,9.72,,
Jun,14,15.70,.22,.20,22,32,24.30,.26,6.20,,
Sep,14,15.70,.47,.45,267,132,25.20,.38,6.55,,
Mar,15,13.32,1.98,1.96,100,-,27.30,.72,7.54,,
,
Leighton Hldgs Last Sale Price $21.10,
Apr,14,18.00,3.13,2.65,75,75,25.00,.99,2.24,,
Apr,14,19.01,2.15,1.60,165,165,25.00,.95,4.16,,
Apr,14,20.01,1.28,.44,15,126,25.00,.81,12.49,,
Apr,14,21.50,.41,.41,134,357,25.10,.43,26.27,,
Apr,14,22.00,.25,.25,220,522,25.20,.30,15.70,,
Apr,14,22.50,.14,.45,200,220,25.40,.20,8.97,,
Apr,14,23.00,.08,.06,800,400,25.50,.12,5.13,,
Apr,14,23.50,.04,.05,250,1150,25.70,.07,2.56,,
May,14,17.51,3.69,3.25,12,55,23.00,.98,2.61,,
May,14,22.00,.47,.42,63,610,23.00,.39,13.04,,
Jun,14,19.01,2.40,.39,100,198,22.10,.87,5.80,,
Jun,14,21.50,.84,.70,20,144,22.90,.51,15.97,,
Jul,14,17.51,3.89,2.91,60,122,27.40,.92,4.36,,
,
Lend Lease Grp Last Sale Price $11.87,
Apr,14,10.50,1.40,1.29,90,130,26.80,.96,3.42,,
Apr,14,11.25,.70,.64,265,2844,22.30,.84,9.68,,
Apr,14,11.75,.33,.23,1262,1652,20.20,.62,23.92,,
Apr,14,12.00,.20,.17,47,360,19.60,.46,22.78,,
Apr,14,12.25,.11,.17,770,259,19.40,.31,12.53,,
May,14,11.25,.83,.34,140,240,21.70,.77,10.25,,
May,14,11.50,.65,.64,115,122,20.90,.70,13.42,,
May,14,11.75,.48,.21,100,138,20.30,.61,17.82,,
May,14,12.00,.35,.35,30,275,19.90,.51,17.33,,
May,14,12.25,.25,.18,134,122,19.60,.41,11.96,,
Jun,14,10.00,1.99,.61,10,28,26.30,.93,4.05,,
Jun,14,11.75,.58,.56,15,40,20.40,.62,15.54,,
Jun,14,12.00,.45,.52,24,241,20.00,.53,15.04,,
Dec,14,11.75,.98,.96,106,58,22.80,.64,9.94,,
Dec,14,13.00,.47,.48,50,210,21.90,.43,5.38,,
Mar,15,14.00,.35,.35,129,129,22.00,.35,3.00,,
,
Macquarie Grp Last Sale Price $57.65,
Apr,14,33.41,24.30,23.70,93,97,43.80,1.00,1.41,,
Apr,14,50.10,7.69,5.80,20,232,28.60,.97,3.28,,
Apr,14,54.03,3.92,3.90,51,255,22.00,.89,7.15,,
Apr,14,54.04,3.92,2.65,425,425,22.00,.89,7.15,,
Apr,14,55.01,3.06,2.45,170,1077,20.60,.83,9.73,,
Apr,14,55.02,3.05,2.31,15,282,20.60,.83,9.85,,
Apr,14,55.99,2.26,2.03,321,722,19.40,.75,14.07,,
Apr,14,56.00,2.25,1.83,720,680,19.40,.75,14.07,,
Apr,14,56.98,1.56,1.55,349,993,18.60,.63,20.87,,
Apr,14,56.99,1.55,.98,622,1228,18.60,.63,20.99,,
Apr,14,57.45,1.27,1.24,264,212,18.30,.57,25.21,,
Apr,14,57.96,1.00,1.05,982,877,17.90,.50,23.57,,
Apr,14,57.97,1.00,.73,451,904,17.90,.50,23.45,,
Apr,14,58.94,.60,.59,1295,1673,17.50,.36,14.07,,
Apr,14,58.95,.59,.58,630,911,17.50,.36,13.95,,
Apr,14,59.92,.33,.26,1009,945,17.30,.23,7.74,,
Apr,14,59.93,.33,.33,11,146,17.30,.23,7.62,,
Apr,14,60.90,.17,.16,1834,1244,17.40,.14,3.99,,
Apr,14,60.91,.17,.17,240,160,17.40,.14,3.99,,
Apr,14,61.89,.09,.09,450,350,17.70,.08,2.11,,
Apr,14,62.87,.05,.23,300,300,18.50,.05,1.17,,
Apr,14,63.85,.04,.03,1487,1280,20.20,.04,.94,,
May,14,54.03,4.29,4.16,48,278,23.90,.79,6.68,,
May,14,54.04,2.63,1.69,70,100,23.90,.79,-,,
May,14,55.01,3.52,1.66,30,50,23.30,.74,8.79,,
May,14,55.02,2.08,1.35,46,476,23.30,.74,-,,
May,14,55.99,2.81,2.60,100,234,22.90,.68,11.61,,
May,14,56.00,1.60,2.10,215,1270,22.90,.68,-,,
May,14,56.98,2.19,1.75,11,329,22.40,.61,15.28,,
May,14,56.99,1.21,1.68,260,178,22.40,.61,5.48,,
May,14,57.96,1.66,1.62,270,321,22.10,.54,16.68,,
May,14,57.97,.89,1.06,180,265,22.10,.54,8.94,,
May,14,58.94,1.23,1.23,322,731,21.90,.46,12.31,,
May,14,58.95,.65,.85,137,185,21.90,.46,6.48,,
May,14,59.93,.46,.61,142,235,21.80,.39,4.62,,
May,14,60.90,.63,.62,169,159,21.80,.32,6.28,,
May,14,61.89,.44,.40,15,115,22.00,.26,4.42,,
May,14,63.85,.21,.22,15,15,22.30,.17,2.11,,
Jun,14,0.01,55.05,56.45,50,6427,-,-,-,,
Jun,14,36.36,18.75,16.83,200,446,46.80,.98,-,,
Jun,14,38.31,19.47,2.79,10,10,43.60,.98,.90,,
Jun,14,40.29,14.94,12.60,80,922,40.40,.97,-,,
Jun,14,42.24,15.56,14.90,10,5,37.40,.97,1.04,,
Jun,14,47.15,10.70,3.00,10,40,29.40,.94,1.36,,
Jun,14,51.08,6.92,2.40,232,775,25.70,.87,2.47,,
Jun,14,52.06,6.04,4.95,30,652,25.20,.84,3.10,,
Jun,14,52.07,4.42,5.00,252,1052,25.20,.84,-,,
Jun,14,53.05,5.18,4.90,383,312,24.80,.80,4.07,,
Jun,14,54.03,4.39,3.54,10,3633,24.30,.76,5.36,,
Jun,14,55.01,3.65,3.44,18,97,23.90,.72,7.03,,
Jun,14,56.00,2.13,1.91,30,820,23.50,.67,3.37,,
Jun,14,56.98,2.37,1.88,120,118,23.20,.61,11.83,,
Jun,14,57.96,1.87,1.75,22,100,22.90,.55,12.98,,
Jun,14,58.94,1.44,1.29,16,32,22.80,.50,10.02,,
Jun,14,58.95,1.08,1.10,40,135,22.80,.49,7.48,,
Jun,14,59.92,1.10,1.06,23,13,22.70,.44,7.62,,
Jun,14,60.90,.82,.68,10,260,22.60,.38,5.71,,
Jun,14,60.91,.65,.78,250,-,22.60,.38,4.52,,
Jun,14,62.87,.46,.34,44,44,22.60,.28,3.17,,
Jul,14,57.00,2.67,2.47,70,98,24.20,.61,10.75,,
Jul,14,58.00,2.17,1.95,45,5,24.00,.56,11.57,,
Jul,14,61.00,1.10,.77,50,65,23.40,.41,5.83,,
Jul,14,62.00,.86,.79,21,-,23.30,.37,4.60,,
Sep,14,30.46,25.34,25.20,24,24,62.00,.96,-,,
Sep,14,32.43,23.37,23.35,15,25,56.00,.96,-,,
Sep,14,55.01,4.54,4.05,20,372,26.50,.69,6.63,,
Sep,14,58.94,2.53,2.38,15,765,25.00,.55,8.80,,
Dec,14,19.65,38.06,13.00,500,500,72.70,.98,.14,,
Dec,14,34.38,23.39,22.88,4,70,46.90,.95,.27,,
Dec,14,57.96,3.64,3.60,42,35,27.20,.61,8.66,,
Dec,14,84.48,.10,.20,500,540,25.70,.07,.23,,
Mar,15,56.98,4.93,4.59,50,-,29.00,.65,7.42,,
,
Metcash Last Sale Price $2.67,
Apr,14,2.60,.12,.11,80,80,24.80,.69,22.78,,
Apr,14,2.70,.06,.05,340,-,25.60,.47,30.38,,
Jun,14,2.90,.07,.12,320,370,26.50,.33,9.76,,
,
Myer Hldgs Last Sale Price $2.23,
Apr,14,2.30,.04,.04,3081,2951,29.90,.38,27.28,,
Apr,14,2.60,.00,.01,250,22247,28.20,.03,.61,,
May,14,2.30,.08,.09,800,800,29.40,.46,20.78,,
May,14,2.40,.05,.04,3657,1463,29.50,.32,12.99,,
May,14,2.41,.04,.08,520,520,29.50,.31,11.69,,
May,14,2.50,.03,.06,100,309,29.70,.21,7.79,,
May,14,2.51,.03,.04,405,553,29.80,.21,7.79,,
Jun,14,2.30,.11,.11,300,300,28.90,.48,18.89,,
Jun,14,2.40,.07,.11,50,50,28.70,.37,12.59,,
Jun,14,2.41,.07,.09,50,50,28.80,.36,11.69,,
Jun,14,2.90,.01,.01,100,419,31.50,.07,1.44,,
Sep,14,2.80,.04,.14,115,435,28.40,.19,3.15,,
,
National Aust Bank Last Sale Price $35.32,
Mar,14,0.01,35.31,-,14000,-,-,1.00,-,,
Apr,14,27.01,8.36,7.60,70,470,26.60,1.00,1.91,,
Apr,14,28.01,7.36,7.11,145,782,26.60,1.00,1.91,,
Apr,14,29.01,6.37,4.89,204,403,26.60,1.00,2.11,,
Apr,14,30.00,5.38,5.23,84,557,24.30,1.00,2.11,,
Apr,14,30.01,5.37,5.23,240,3186,24.20,1.00,2.11,,
Apr,14,31.51,3.88,3.15,110,282,20.40,.99,2.49,,
Apr,14,32.50,2.90,2.45,208,403,17.70,.97,3.06,,
Apr,14,33.00,2.42,2.06,70,550,16.30,.95,3.64,,
Apr,14,33.01,2.40,1.89,622,1009,16.30,.95,3.64,,
Apr,14,33.50,1.94,1.50,128,497,14.90,.93,4.40,,
Apr,14,34.00,1.47,1.51,760,5993,13.60,.88,5.74,,
Apr,14,34.01,1.46,1.21,702,2312,13.60,.88,5.74,,
Apr,14,34.50,1.03,1.08,1390,7894,12.50,.80,8.23,,
Apr,14,34.51,1.02,.77,330,420,12.50,.80,8.23,,
Apr,14,35.00,.66,.67,2979,7178,11.70,.67,12.82,,
Apr,14,35.01,.65,.49,1876,2499,11.70,.67,12.82,,
Apr,14,35.50,.36,.38,4294,5613,11.10,.49,13.78,,
Apr,14,35.51,.35,.41,232,64,11.10,.49,13.59,,
Apr,14,36.00,.17,.18,3881,3388,10.70,.31,6.51,,
Apr,14,36.01,.17,.18,185,865,10.70,.30,6.51,,
Apr,14,36.50,.07,.08,680,1773,10.70,.16,2.68,,
Apr,14,36.51,.07,.06,100,305,10.70,.16,2.68,,
Apr,14,37.00,.03,.25,15,280,10.90,.07,.96,,
Apr,14,37.01,.03,.11,800,1415,10.90,.07,.96,,
May,14,31.00,4.43,3.93,100,120,17.80,.97,1.89,,
May,14,31.50,3.94,3.69,85,642,17.30,.96,2.05,,
May,14,32.50,2.98,2.99,110,370,16.10,.92,2.62,,
May,14,32.51,2.21,2.35,300,285,16.10,.92,-,,
May,14,33.00,2.52,.90,352,1645,15.50,.89,3.20,,
May,14,33.01,1.80,1.27,80,2991,15.50,.89,-,,
May,14,33.50,2.06,1.72,750,3819,15.10,.85,4.02,,
May,14,34.00,1.65,1.72,386,2731,14.70,.79,5.41,,
May,14,34.01,1.10,.81,232,1856,14.70,.79,-,,
May,14,34.50,1.27,.98,48,1072,14.40,.72,7.38,,
May,14,34.51,.81,.80,972,3466,14.40,.72,-,,
May,14,35.00,.94,.98,3756,4277,14.10,.64,10.09,,
May,14,35.01,.57,.55,1295,1224,14.10,.64,4.35,,
May,14,35.50,.66,.67,3866,1888,13.80,.54,10.74,,
May,14,35.51,.39,.36,1478,1500,13.80,.54,6.40,,
May,14,36.00,.44,.44,5629,6145,13.50,.45,7.14,,
May,14,36.01,.25,.23,186,350,13.50,.44,4.10,,
May,14,36.50,.28,.28,796,5759,13.40,.35,4.51,,
May,14,37.00,.17,.17,1019,1583,13.30,.26,2.71,,
May,14,37.01,.10,.08,25,54,13.30,.26,1.56,,
May,14,38.00,.06,.06,1000,3960,13.40,.13,.90,,
Jun,14,0.01,34.50,34.06,69,2643,-,-,-,,
Jun,14,18.01,16.47,15.88,730,2290,43.80,1.00,-,,
Jun,14,21.01,13.49,13.20,28,218,39.40,1.00,-,,
Jun,14,26.01,8.57,7.70,2082,2681,31.00,.98,-,,
Jun,14,28.00,7.42,4.51,40,67,24.50,.98,1.14,,
Jun,14,29.00,6.42,3.56,12,112,21.20,.98,1.19,,
Jun,14,30.00,5.42,4.30,50,1247,18.50,.98,1.19,,
Jun,14,30.01,4.62,3.70,63,485,18.40,.98,-,,
Jun,14,30.51,4.13,3.92,25,785,17.40,.97,-,,
Jun,14,31.00,4.43,3.48,25,3121,16.60,.96,1.31,,
Jun,14,31.01,3.67,1.65,78,285,16.60,.96,-,,
Jun,14,31.51,3.21,1.95,128,868,16.00,.95,-,,
Jun,14,32.01,2.77,2.40,45,670,15.60,.93,-,,
Jun,14,32.51,2.35,1.79,128,1566,15.20,.91,-,,
Jun,14,33.00,2.52,1.92,10,2300,14.90,.87,2.33,,
Jun,14,33.01,1.96,2.00,368,1532,14.90,.87,-,,
Jun,14,33.50,2.09,1.77,269,1210,14.60,.83,3.01,,
Jun,14,33.51,1.60,1.50,593,768,14.60,.83,-,,
Jun,14,34.00,1.68,1.27,1257,1697,14.30,.78,4.03,,
Jun,14,34.01,1.27,.98,1269,1458,14.30,.78,-,,
Jun,14,34.50,1.30,1.08,711,10676,14.00,.72,5.51,,
Jun,14,34.51,.99,.99,474,1179,14.00,.72,2.04,,
Jun,14,35.00,.98,.93,3146,5262,13.80,.65,7.50,,
Jun,14,35.01,.75,.69,416,3855,13.80,.65,4.94,,
Jun,14,35.50,.71,.77,1180,4888,13.60,.57,8.06,,
Jun,14,35.51,.55,.58,1729,2542,13.60,.57,6.19,,
Jun,14,36.00,.50,.51,2816,5544,13.40,.49,5.62,,
Jun,14,36.01,.39,.38,561,1910,13.40,.48,4.37,,
Jun,14,36.50,.33,.35,805,1242,13.20,.40,3.75,,
Jun,14,36.51,.27,.25,165,1637,13.20,.40,3.01,,
Jun,14,37.00,.22,.23,365,1339,13.10,.32,2.44,,
Jun,14,37.01,.17,.17,167,1878,13.10,.32,1.99,,
Jun,14,37.50,.14,.11,139,1216,13.10,.25,1.53,,
Jun,14,38.00,.09,.07,500,885,13.10,.19,.97,,
Jun,14,38.50,.05,.44,34,228,13.10,.14,.57,,
Jul,14,33.01,2.19,1.32,410,410,15.90,.84,-,,
Jul,14,34.50,1.42,1.12,50,1300,14.80,.71,5.17,,
Jul,14,35.00,1.11,1.00,5,25,14.50,.65,6.82,,
Jul,14,35.01,.96,.76,10,265,14.50,.65,5.69,,
Jul,14,35.50,.84,.78,60,70,14.20,.58,7.29,,
Jul,14,36.01,.56,.56,35,120,14.00,.51,4.91,,
Jul,14,36.50,.46,.36,80,110,13.80,.44,3.95,,
Aug,14,35.00,1.27,1.32,60,82,14.90,.65,6.37,,
Aug,14,36.00,.81,.63,45,85,14.50,.54,5.44,,
Aug,14,36.50,.63,.60,203,35,14.30,.48,4.23,,
Sep,14,24.51,10.21,10.00,10,10,24.00,.99,-,,
Sep,14,26.01,8.74,6.98,270,839,22.30,.99,-,,
Sep,14,26.51,8.27,8.17,10,350,21.90,.98,-,,
Sep,14,28.00,7.42,7.68,10,10,20.80,.97,.57,,
Sep,14,29.01,5.93,4.35,336,264,20.00,.95,-,,
Sep,14,29.51,5.48,5.04,170,220,19.50,.94,-,,
Sep,14,30.01,5.04,4.57,245,821,19.10,.93,-,,
Sep,14,33.01,2.61,2.11,155,718,16.60,.81,1.68,,
Sep,14,34.50,1.72,1.49,5,702,15.60,.70,5.08,,
Sep,14,34.51,1.66,1.35,30,80,15.60,.70,4.83,,
Sep,14,35.00,1.43,1.27,1832,2533,15.40,.66,6.30,,
Sep,14,35.01,1.40,1.30,40,410,15.40,.66,6.16,,
Sep,14,35.50,1.19,1.22,460,2014,15.20,.61,6.73,,
Sep,14,36.00,.97,.94,295,1097,15.00,.56,5.51,,
Sep,14,36.01,.95,.97,20,175,15.00,.56,5.42,,
Sep,14,36.50,.79,.76,561,750,14.80,.51,4.46,,
Sep,14,36.51,.78,.61,15,15,14.80,.50,4.43,,
Sep,14,37.01,.63,.47,40,554,14.70,.45,3.58,,
Sep,14,37.50,.51,.48,79,369,14.60,.40,2.87,,
Sep,14,38.00,.40,.33,85,232,14.50,.35,2.27,,
Sep,14,38.50,.32,.28,76,518,14.50,.30,1.79,,
Sep,14,39.00,.25,.32,85,570,14.40,.26,1.39,,
Dec,14,26.01,8.04,7.63,100,850,22.10,.97,-,,
Dec,14,30.01,4.59,4.09,10,248,19.20,.91,-,,
Dec,14,33.00,2.96,2.88,37,324,17.40,.79,2.47,,
Dec,14,34.01,1.92,1.67,10,180,16.90,.74,2.35,,
Dec,14,34.51,1.67,1.49,20,158,16.70,.70,3.34,,
Dec,14,35.00,1.74,1.65,551,1429,16.50,.67,5.50,,
Dec,14,35.01,1.45,.85,10,654,16.50,.67,4.43,,
Dec,14,35.51,1.25,1.07,50,143,16.30,.63,4.86,,
Dec,14,38.50,.55,.45,30,30,15.80,.40,2.12,,
Mar,15,41.00,.34,.31,44,44,15.50,.30,.98,,
Dec,15,35.00,2.66,2.75,845,8,19.10,.75,3.84,,
,
Newcrest Min Last Sale Price $9.80,
Apr,14,7.50,2.34,3.60,154,156,58.70,.97,4.83,,
Apr,14,8.50,1.43,1.85,1,421,54.40,.86,17.24,,
Apr,14,9.00,1.03,1.02,585,560,52.50,.76,31.73,,
Apr,14,9.25,.85,.75,20,120,51.60,.70,42.07,,
Apr,14,9.50,.69,.65,1816,1170,50.80,.63,54.49,,
Apr,14,9.51,.69,.62,13,58,50.80,.63,55.18,,
Apr,14,9.75,.56,.73,1098,996,50.10,.55,69.66,,
Apr,14,10.00,.44,.47,1179,1649,49.60,.48,60.01,,
Apr,14,10.01,.43,.50,100,20,49.60,.48,59.32,,
Apr,14,10.25,.34,.36,959,591,49.20,.40,46.21,,
Apr,14,10.50,.26,.26,3777,1974,49.00,.33,35.18,,
Apr,14,10.51,.26,.17,400,670,49.00,.33,35.18,,
Apr,14,10.75,.20,.22,1551,686,49.00,.27,26.90,,
Apr,14,10.76,.19,.19,772,347,49.00,.27,26.21,,
Apr,14,11.00,.14,.16,4163,3117,49.20,.22,20.00,,
Apr,14,11.01,.14,.16,1238,771,49.20,.21,20.00,,
Apr,14,11.25,.11,.06,1219,614,49.50,.17,15.17,,
Apr,14,11.26,.11,.06,230,165,49.50,.17,14.48,,
Apr,14,11.50,.08,.09,10407,4323,49.90,.13,11.04,,
Apr,14,11.51,.08,.14,445,384,50.00,.13,11.04,,
Apr,14,11.75,.06,.06,755,1000,50.60,.11,8.28,,
Apr,14,12.00,.04,.04,3038,3195,51.40,.08,6.21,,
Apr,14,12.01,.04,.04,65,498,51.40,.08,6.21,,
Apr,14,12.25,.04,.04,798,1131,52.50,.07,4.83,,
Apr,14,12.50,.03,.03,1510,6384,53.80,.06,4.14,,
Apr,14,12.51,.03,.04,210,305,53.90,.06,4.14,,
Apr,14,12.75,.03,.02,500,1536,55.50,.05,3.45,,
Apr,14,13.00,.02,.04,95,5814,57.30,.04,2.76,,
Apr,14,13.25,.02,.02,350,2612,59.20,.04,2.76,,
Apr,14,13.50,.02,.01,100,4841,61.20,.03,2.76,,
May,14,8.01,2.02,1.95,8,53,54.90,.85,13.60,,
May,14,9.00,1.28,1.04,300,451,51.50,.71,28.38,,
May,14,9.01,1.27,1.13,150,745,51.50,.71,28.67,,
May,14,9.25,1.13,1.02,35,40,50.80,.67,33.99,,
May,14,9.50,.97,.93,329,623,50.10,.62,39.91,,
May,14,9.75,.84,.64,85,333,49.50,.57,46.70,,
May,14,10.00,.72,.79,286,1591,49.00,.52,42.57,,
May,14,10.01,.71,.65,14,14,49.00,.52,42.27,,
May,14,10.25,.61,.56,143,224,48.50,.47,36.06,,
May,14,10.26,.60,.60,1145,565,48.50,.47,35.77,,
May,14,10.50,.52,.56,1162,889,48.10,.42,30.45,,
May,14,10.75,.44,.35,556,369,47.80,.37,25.72,,
May,14,11.00,.36,.41,618,744,47.50,.33,21.28,,
May,14,11.01,.35,.85,880,1321,47.50,.33,20.99,,
May,14,11.25,.30,.22,668,521,47.40,.29,17.74,,
May,14,11.50,.25,.16,866,1216,47.30,.25,14.78,,
May,14,11.75,.21,.23,660,235,47.40,.22,12.41,,
May,14,12.00,.17,.16,1165,1055,47.50,.19,10.05,,
May,14,12.01,.17,.12,752,770,47.50,.19,10.05,,
May,14,12.25,.14,.13,621,987,47.70,.16,8.57,,
May,14,12.50,.12,.11,204,3902,47.80,.14,7.09,,
May,14,12.51,.12,.08,96,339,47.80,.14,7.09,,
May,14,12.75,.10,.27,320,1238,48.00,.12,5.91,,
May,14,13.00,.08,.06,3250,3472,48.10,.10,4.73,,
May,14,13.01,.08,.06,10,338,48.10,.10,4.73,,
May,14,13.25,.07,.14,2,1160,48.30,.09,4.14,,
May,14,13.50,.06,.16,72,376,48.70,.07,3.25,,
May,14,13.75,.05,.07,100,575,49.20,.06,2.96,,
May,14,14.00,.04,.03,295,1585,49.60,.06,2.36,,
Jun,14,5.98,3.90,4.15,30,170,59.70,.97,3.27,,
Jun,14,7.96,2.17,3.69,6,90,54.20,.83,13.71,,
Jun,14,9.20,1.31,1.17,100,223,50.80,.67,29.26,,
Jun,14,9.70,1.04,1.00,1,312,49.70,.59,38.47,,
Jun,14,9.94,.92,1.10,5,2198,49.20,.55,37.65,,
Jun,14,10.19,.81,.86,64,1105,48.80,.51,33.15,,
Jun,14,10.44,.70,.56,108,211,48.40,.47,28.85,,
Jun,14,10.69,.61,.59,22,4587,48.10,.43,25.17,,
Jun,14,10.94,.54,.55,116,116,47.80,.39,21.90,,
Jun,14,11.01,.51,.41,40,-,47.70,.38,20.87,,
Jun,14,11.19,.46,.36,60,1455,47.50,.35,18.83,,
Jun,14,11.68,.34,.72,200,302,47.20,.28,14.12,,
Jun,14,11.69,.34,.40,99,250,47.20,.28,13.92,,
Jun,14,11.93,.29,.31,1067,815,47.00,.25,12.07,,
Jun,14,12.01,.28,.24,170,190,47.00,.24,11.46,,
Jun,14,12.18,.25,.59,36,364,46.90,.23,10.23,,
Jun,14,12.19,.25,.19,126,249,46.90,.22,10.23,,
Jun,14,13.92,.08,.25,49,1891,46.40,.09,3.27,,
Jun,14,14.91,.04,.11,80,80,46.10,.05,1.64,,
Jun,14,14.92,.04,.09,99,709,46.10,.05,1.64,,
Jul,14,9.00,1.56,1.84,5,16,50.10,.69,23.79,,
Jul,14,9.50,1.28,1.21,10,10,49.60,.62,30.67,,
Jul,14,9.51,1.27,1.19,30,150,49.60,.62,30.83,,
Jul,14,9.75,1.15,1.10,18,18,49.30,.59,34.43,,
Jul,14,10.00,1.03,1.03,3,402,48.90,.55,32.39,,
Jul,14,12.00,.39,.57,50,55,46.50,.29,12.05,,
Jul,14,12.01,.38,.33,120,400,46.50,.29,11.89,,
Jul,14,12.50,.29,.23,191,322,46.20,.23,9.23,,
Aug,14,10.50,.96,.84,4,50,47.50,.50,23.34,,
Aug,14,11.25,.71,.66,4,104,46.80,.41,17.17,,
Aug,14,12.00,.52,.46,8,53,46.40,.33,12.46,,
Sep,14,9.20,1.69,.78,30,50,49.10,.67,22.20,,
Sep,14,9.70,1.43,1.39,33,287,48.50,.61,27.22,,
Sep,14,10.69,1.00,1.62,10,100,47.30,.50,20.57,,
Sep,14,11.68,.69,.68,4,169,46.30,.39,14.02,,
Sep,14,12.18,.56,1.02,5,120,46.00,.34,11.46,,
Dec,14,7.50,3.04,4.00,15,85,52.50,.82,10.29,,
Dec,14,8.50,2.38,1.41,20,520,50.50,.74,15.19,,
Dec,14,9.50,1.83,1.76,100,1270,48.80,.65,21.42,,
Dec,14,11.00,1.19,2.71,10,225,47.10,.51,16.66,,
Dec,14,11.50,1.02,.85,58,600,46.60,.46,14.28,,
Dec,14,12.00,.88,.74,83,1103,46.30,.42,12.32,,
Dec,14,12.50,.75,.71,128,367,46.00,.38,10.50,,
Dec,14,12.51,.75,.82,2,-,46.00,.37,10.50,,
Dec,14,13.00,.65,.62,55,174,45.80,.34,9.03,,
Dec,14,14.00,.47,.65,20,410,45.50,.27,6.65,,
Dec,14,14.50,.40,.29,10,310,45.40,.24,5.60,,
Dec,14,16.01,.26,.20,100,100,45.20,.17,3.57,,
Dec,14,20.00,.07,.08,25,1719,45.10,.06,1.05,,
Dec,14,30.00,.00,.01,400,1052,45.10,-,-,,
Dec,14,35.00,.00,.00,250,450,45.10,-,-,,
Dec,14,40.00,-,.00,300,1500,45.10,-,-,,
Jun,15,6.00,4.43,4.50,10,-,52.30,.87,5.16,,
Dec,15,8.00,3.39,3.29,20,120,50.30,.82,9.40,,
Dec,15,23.00,.24,.23,30,1070,42.60,.14,1.42,,
,
News Corp Last Sale Price $17.82,
May,14,18.50,.38,.33,50,-,21.20,.39,12.35,,
Sep,14,19.00,.75,.82,10,-,22.60,.44,8.44,,
,
Origin Energy Last Sale Price $14.30,
Mar,14,0.01,14.29,-,20,-,-,1.00,-,,
Apr,14,13.76,.61,.76,20,36,15.20,.86,7.09,,
Apr,14,14.00,.42,.88,6,2276,14.70,.75,11.34,,
Apr,14,14.25,.26,.26,215,399,14.20,.59,19.38,,
Apr,14,14.50,.14,.13,700,2958,14.00,.40,13.23,,
Apr,14,14.75,.07,.07,1196,4738,14.00,.24,6.14,,
May,14,13.75,.80,.79,37,164,18.50,.75,10.13,,
May,14,14.00,.63,.66,50,260,17.90,.68,13.17,,
May,14,14.50,.34,.58,1500,1980,17.00,.49,13.57,,
May,14,14.51,.34,.35,13,568,17.00,.49,13.57,,
May,14,14.75,.23,.25,21,158,16.70,.39,9.52,,
May,14,15.00,.16,.14,2031,2510,16.50,.30,6.48,,
Jun,14,9.25,5.12,5.08,62,62,34.00,1.00,1.82,,
Jun,14,14.59,.41,.40,256,2149,17.40,.49,11.36,,
Jun,14,14.60,.40,.60,50,70,17.40,.49,11.22,,
Jun,14,15.07,.23,.23,25,1723,16.90,.34,6.31,,
Sep,14,15.07,.47,.50,279,383,19.10,.46,6.66,,
Sep,14,15.08,.43,.42,10,-,19.00,.45,6.03,,
Dec,14,14.75,.81,.79,15,30,20.40,.56,7.72,,
Mar,15,17.00,.30,.34,107,107,19.70,.31,2.14,,
,
Orica Last Sale Price $21.56,
Apr,14,0.01,21.59,21.22,50,50,-,-,2.51,,
Apr,14,17.00,4.61,4.66,71,171,43.10,.98,2.82,,
Apr,14,21.00,.91,.65,114,114,24.60,.69,21.63,,
Apr,14,21.50,.59,.58,10,-,23.40,.56,33.23,,
Apr,14,22.00,.35,.36,545,1282,22.70,.41,21.95,,
Apr,14,22.50,.20,.20,472,284,22.50,.27,12.23,,
Apr,14,22.51,.19,.21,190,100,22.50,.27,11.91,,
Apr,14,23.00,.11,.16,1317,1808,22.70,.17,6.58,,
Apr,14,23.50,.06,.17,32,280,23.50,.10,3.76,,
Apr,14,24.00,.04,.04,800,1759,24.80,.06,2.19,,
Apr,14,24.50,.03,.04,35,1103,26.60,.04,1.57,,
May,14,22.00,.71,.55,15,14,25.10,.48,19.21,,
May,14,22.50,.51,.41,434,271,24.70,.39,13.70,,
May,14,22.51,.40,.36,264,231,24.60,.39,10.61,,
May,14,23.00,.35,.28,475,342,24.30,.31,9.54,,
May,14,23.01,.27,.30,250,250,24.30,.31,7.26,,
Jun,14,0.01,21.29,21.11,40,35,-,-,-,,
Jun,14,21.21,1.21,.96,73,152,25.50,.62,15.91,,
Jun,14,21.22,1.11,.85,15,15,25.40,.62,14.23,,
Jun,14,21.66,.95,.95,27,55,24.90,.56,17.67,,
Jun,14,21.67,.88,1.10,10,10,24.90,.55,16.28,,
Jun,14,22.58,.52,.51,94,-,24.00,.42,9.67,,
Jun,14,23.02,.42,.38,500,26,23.70,.35,7.81,,
Jun,14,24.37,.16,.21,192,182,23.20,.19,2.98,,
Jun,14,25.27,.09,.11,50,90,23.30,.12,1.58,,
Jun,14,25.73,.07,.10,60,328,23.60,.09,1.21,,
Jul,14,25.50,.11,.10,50,-,22.50,.14,1.56,,
Aug,14,22.00,1.15,.93,50,50,25.50,.54,12.59,,
Aug,14,23.50,.59,.56,44,44,24.20,.38,6.54,,
Aug,14,24.01,.46,.35,12,-,23.90,.32,5.06,,
Sep,14,22.00,1.19,1.16,240,20,23.90,.55,11.02,,
Sep,14,23.00,.79,.80,150,210,23.10,.44,7.30,,
,
Oil Search Last Sale Price $8.36,
Apr,14,0.01,8.38,8.21,15,55,-,-,4.04,,
Apr,14,8.00,.44,.35,28,28,23.10,.79,12.94,,
Apr,14,8.25,.26,.17,254,88,21.40,.63,24.26,,
Apr,14,8.50,.13,.11,1851,6910,20.30,.42,20.21,,
Apr,14,8.75,.05,.04,596,4101,19.70,.22,8.09,,
Apr,14,8.76,.05,.04,1170,700,19.70,.22,8.09,,
May,14,8.50,.21,.23,120,90,18.70,.48,14.55,,
May,14,8.51,.20,.22,20,20,18.60,.47,14.21,,
May,14,8.75,.12,.13,250,4591,17.90,.33,7.97,,
Jun,14,8.00,.59,.67,332,342,21.70,.72,11.27,,
Jun,14,8.50,.28,.30,1105,350,19.70,.51,13.67,,
Jun,14,8.75,.18,.19,2077,5548,18.90,.39,8.64,,
Jun,14,9.25,.06,.08,200,6924,18.00,.18,2.88,,
Jul,14,9.00,.16,.20,750,750,19.20,.33,5.87,,
Sep,14,9.00,.27,.26,750,-,20.40,.40,6.48,,
Dec,14,9.00,.42,.51,450,558,21.70,.47,6.89,,
,
OZ Minerals Last Sale Price $3.42,
Apr,14,3.00,.46,.36,20,-,47.50,.87,13.83,,
Apr,14,3.30,.22,.14,116,116,42.00,.66,39.53,,
Apr,14,3.40,.16,.14,150,700,40.90,.56,55.34,,
Apr,14,3.50,.12,.10,912,863,40.20,.45,45.46,,
Apr,14,3.60,.08,.06,260,250,40.00,.35,31.62,,
May,14,2.90,.59,.54,15,15,46.20,.84,12.71,,
May,14,3.20,.36,.28,50,100,42.60,.70,24.56,,
,
Qantas Airways Last Sale Price $1.09,
Apr,14,1.05,.07,.05,1040,1040,39.10,.66,37.38,,
Apr,14,1.15,.02,.01,8300,1605,36.90,.31,24.92,,
May,14,1.05,.09,.07,40,40,40.00,.63,29.37,,
May,14,1.10,.07,.07,500,425,39.10,.52,34.71,,
May,14,1.15,.04,.05,1200,50,38.70,.41,24.03,,
Jun,14,1.00,.13,.14,100,700,37.70,.73,16.64,,
Sep,14,1.20,.08,.08,1000,39,39.20,.45,14.79,,
Dec,14,1.10,.15,.14,150,2477,39.50,.60,18.97,,
,
QBE Insurance Grp Last Sale Price $12.65,
Mar,14,0.01,12.64,-,78,-,-,1.00,-,,
Apr,14,12.00,.77,.83,110,4292,24.60,.82,12.29,,
Apr,14,12.50,.40,.48,298,875,22.80,.62,26.72,,
Apr,14,12.51,.40,.57,313,1109,22.80,.61,27.25,,
Apr,14,12.75,.27,.25,318,978,22.30,.49,28.32,,
Apr,14,13.00,.17,.16,1706,6616,22.00,.36,17.63,,
Apr,14,13.01,.16,.21,60,403,22.00,.35,17.10,,
Apr,14,13.25,.10,.08,1290,6148,22.10,.25,10.69,,
Apr,14,13.50,.06,.04,1818,3585,22.50,.16,6.41,,
Apr,14,13.51,.06,.16,20,406,22.50,.16,6.41,,
Apr,14,13.75,.04,.07,74,594,23.30,.11,3.74,,
Apr,14,14.00,.03,.04,80,1499,24.40,.07,2.67,,
May,14,11.26,1.55,1.64,110,170,28.40,.87,7.33,,
May,14,12.00,.94,1.14,100,549,25.50,.74,13.28,,
May,14,12.01,.94,1.05,70,360,25.40,.74,13.51,,
May,14,12.50,.61,.88,40,1625,24.20,.61,21.07,,
May,14,12.51,.60,.75,60,210,24.10,.60,21.07,,
May,14,13.00,.36,.34,432,10760,23.40,.45,16.49,,
May,14,13.01,.35,.37,100,359,23.40,.44,16.26,,
May,14,13.25,.27,.32,41,4643,23.10,.37,12.37,,
May,14,13.50,.20,.19,264,4644,23.00,.30,8.93,,
May,14,13.51,.20,.10,727,862,23.00,.29,8.93,,
May,14,13.75,.14,.13,153,109,23.00,.23,6.41,,
May,14,13.76,.14,.21,94,694,23.00,.23,6.41,,
May,14,14.00,.10,.16,314,3133,23.00,.18,4.58,,
May,14,14.01,.10,.16,194,100,23.00,.18,4.58,,
May,14,14.25,.07,.10,200,400,23.30,.14,3.43,,
Jun,14,11.00,1.85,2.05,20,94,28.50,.88,6.34,,
Jun,14,12.00,1.05,1.14,5,420,25.40,.72,12.68,,
Jun,14,13.00,.47,.48,92,2088,23.60,.48,15.06,,
Jun,14,13.25,.37,.34,1523,261,23.30,.41,11.73,,
Jun,14,13.50,.29,.27,83,1869,23.10,.35,9.20,,
Jun,14,13.51,.29,.33,15,15,23.10,.35,9.20,,
Jun,14,13.75,.23,.24,1088,2290,23.00,.29,7.13,,
Jun,14,14.00,.17,.27,80,1473,23.00,.24,5.55,,
Jun,14,14.25,.13,.21,40,185,23.10,.20,4.12,,
Jun,14,15.00,.06,.07,280,530,23.90,.10,1.90,,
Jul,14,12.75,.71,.78,5,25,24.50,.56,17.22,,
Jul,14,13.75,.32,.38,54,54,23.60,.34,7.76,,
Jul,14,14.25,.20,.45,50,50,23.50,.25,4.97,,
Aug,14,13.00,.71,.77,12,12,25.30,.53,13.40,,
Aug,14,13.50,.52,.52,750,35,25.00,.43,9.74,,
Aug,14,13.75,.44,.45,12,12,25.00,.39,8.15,,
Aug,14,14.00,.36,.40,10,10,24.90,.35,6.84,,
Sep,14,8.00,4.78,3.25,200,75,40.00,.97,1.98,,
Sep,14,11.00,2.05,1.23,200,687,29.20,.82,6.34,,
Sep,14,12.50,1.04,1.12,73,808,27.00,.62,14.11,,
Sep,14,13.00,.79,.91,10,128,26.40,.54,12.52,,
Sep,14,13.25,.68,.64,4,6,26.20,.50,10.78,,
Sep,14,14.00,.42,.55,65,1338,25.60,.38,6.74,,
Sep,14,15.00,.22,.28,15,275,25.40,.24,3.49,,
Dec,14,13.50,.81,.93,35,175,26.90,.51,8.73,,
Dec,14,14.75,.43,.40,30,-,26.10,.35,4.66,,
Dec,14,15.50,.29,.35,1,101,26.00,.27,3.15,,
Mar,15,12.00,1.74,1.67,100,-,29.20,.70,8.64,,
Mar,15,16.00,.35,.32,100,65,26.30,.29,2.81,,
,
Rio Tinto Last Sale Price $63.24,
Mar,14,0.01,63.23,-,43,-,-,1.00,-,,
Apr,14,60.00,3.75,3.80,901,465,23.20,.83,10.80,,
Apr,14,60.01,3.73,3.99,55,1262,23.20,.83,10.80,,
Apr,14,61.00,2.92,1.82,70,179,22.00,.76,14.54,,
Apr,14,62.00,2.18,1.98,1974,2189,21.00,.68,20.09,,
Apr,14,62.01,2.17,1.76,40,96,21.00,.67,20.09,,
Apr,14,62.51,1.84,1.80,82,65,20.60,.62,23.62,,
Apr,14,63.00,1.54,1.59,2215,1985,20.10,.57,27.79,,
Apr,14,63.01,1.53,2.05,635,631,20.10,.57,27.79,,
Apr,14,63.51,1.25,1.13,289,262,19.80,.51,26.83,,
Apr,14,64.00,1.02,1.06,2447,792,19.40,.45,21.80,,
Apr,14,64.01,1.01,.93,1746,1820,19.40,.45,21.70,,
Apr,14,65.00,.64,.66,3966,3225,18.90,.33,13.57,,
Apr,14,65.01,.63,.65,957,1055,18.90,.33,13.47,,
Apr,14,66.00,.37,.38,2991,2912,18.60,.23,7.91,,
Apr,14,66.01,.36,.38,383,550,18.60,.23,7.80,,
Apr,14,67.00,.20,.21,1122,3422,18.50,.14,4.38,,
Apr,14,67.01,.20,.22,820,1060,18.50,.14,4.38,,
Apr,14,68.00,.11,.11,1015,3834,18.60,.09,2.35,,
Apr,14,68.01,.11,.12,349,507,18.60,.09,2.35,,
Apr,14,69.00,.06,.07,47,2452,18.90,.05,1.28,,
Apr,14,69.01,.06,.06,6,751,18.90,.05,1.28,,
Apr,14,70.00,.04,.07,27,831,19.40,.03,.75,,
Apr,14,70.01,.04,.04,8,898,19.40,.03,.75,,
Apr,14,71.00,.02,.02,220,476,20.00,.02,.43,,
Apr,14,71.01,.02,.04,90,653,20.00,.02,.43,,
Apr,14,76.00,.00,.01,10,485,22.80,-,-,,
May,14,58.00,6.16,6.00,250,260,25.20,.84,8.38,,
May,14,60.00,4.54,3.97,202,131,23.60,.76,11.96,,
May,14,61.00,3.80,4.25,2050,750,22.90,.70,14.29,,
May,14,61.01,3.79,4.10,50,90,22.90,.70,14.34,,
May,14,62.00,3.13,3.11,116,401,22.30,.64,17.27,,
May,14,63.00,2.52,2.57,556,738,21.70,.58,20.89,,
May,14,63.01,2.52,1.85,1025,1077,21.70,.58,20.93,,
May,14,64.00,1.99,1.90,750,947,21.20,.51,18.19,,
May,14,64.01,1.98,1.45,20,41,21.20,.51,18.14,,
May,14,65.00,1.53,1.43,1541,874,20.70,.44,14.02,,
May,14,65.01,1.52,1.75,1075,1216,20.70,.43,13.93,,
May,14,66.00,1.15,1.18,1016,2497,20.30,.36,10.49,,
May,14,66.01,1.14,1.05,1480,1322,20.30,.36,10.44,,
May,14,67.00,.83,.78,635,1195,20.00,.29,7.65,,
May,14,67.01,.83,.85,311,541,20.00,.29,7.60,,
May,14,68.00,.59,.58,725,1242,19.70,.23,5.45,,
May,14,68.01,.59,.56,839,415,19.70,.23,5.41,,
May,14,69.00,.41,.44,2693,2404,19.40,.18,3.80,,
May,14,70.00,.28,.36,425,2196,19.30,.13,2.61,,
May,14,72.00,.13,.20,90,374,19.20,.07,1.19,,
May,14,73.00,.09,.10,10,855,19.40,.05,.78,,
May,14,73.01,.09,.18,100,204,19.40,.05,.82,,
May,14,74.00,.06,.06,400,704,19.60,.04,.55,,
Jun,14,52.01,11.91,5.30,40,7,30.10,.93,4.34,,
Jun,14,57.01,7.43,9.38,59,76,25.90,.84,7.64,,
Jun,14,59.00,5.82,5.20,45,35,24.50,.77,10.02,,
Jun,14,60.00,5.07,4.53,16,109,23.80,.73,11.61,,
Jun,14,61.00,4.37,4.70,15,408,23.20,.69,13.48,,
Jun,14,62.00,3.70,3.54,220,332,22.70,.64,15.60,,
Jun,14,63.00,3.11,3.06,105,488,22.20,.59,18.17,,
Jun,14,64.00,2.57,2.59,34,889,21.80,.53,16.30,,
Jun,14,65.00,2.09,2.01,517,3225,21.40,.47,13.26,,
Jun,14,66.00,1.67,1.57,283,2417,21.00,.41,10.59,,
Jun,14,67.00,1.32,1.25,2190,3859,20.70,.36,8.37,,
Jun,14,68.00,1.02,1.15,97,1397,20.40,.30,6.50,,
Jun,14,68.01,1.02,.99,10,95,20.40,.30,6.47,,
Jun,14,69.00,.78,.91,210,699,20.10,.25,4.95,,
Jun,14,69.51,.68,.80,69,418,20.00,.22,4.28,,
Jun,14,70.00,.58,.59,70,5288,19.90,.20,3.71,,
Jun,14,71.00,.43,.43,85,542,19.70,.16,2.73,,
Jun,14,72.00,.32,.32,642,1526,19.60,.13,2.03,,
Jun,14,72.01,.32,.32,7,335,19.60,.13,2.00,,
Jun,14,73.00,.23,.30,50,567,19.50,.10,1.46,,
Jun,14,74.00,.17,.55,700,1489,19.40,.08,1.05,,
Jun,14,77.00,.06,.07,200,273,19.50,.03,.38,,
Jul,14,63.00,3.65,3.90,10,26,22.70,.59,16.51,,
Jul,14,65.00,2.61,2.92,31,31,22.00,.50,12.66,,
Jul,14,69.00,1.18,1.11,87,317,20.70,.30,5.70,,
Jul,14,70.01,.93,.88,41,120,20.50,.26,4.51,,
Jul,14,73.00,.44,.44,190,298,20.00,.15,2.13,,
Aug,14,65.00,3.06,3.25,100,330,22.80,.52,11.49,,
Aug,14,68.00,1.85,1.50,24,84,21.90,.39,6.93,,
Aug,14,69.00,1.54,1.46,171,83,21.60,.35,5.77,,
Aug,14,70.00,1.27,1.21,110,429,21.40,.31,4.78,,
Aug,14,73.00,.68,.66,144,180,20.80,.21,2.55,,
Sep,14,61.00,5.56,5.75,6,30,24.50,.68,10.53,,
Sep,14,64.00,3.84,3.02,100,710,23.40,.57,12.18,,
Sep,14,65.00,3.36,3.33,90,1733,23.10,.54,10.66,,
Sep,14,68.00,2.14,2.21,120,565,22.20,.42,6.79,,
Sep,14,72.01,1.03,1.01,200,100,21.40,.28,3.28,,
Sep,14,74.00,.73,.75,270,2416,21.10,.22,2.32,,
Sep,14,76.00,.49,.45,200,529,20.80,.16,1.55,,
Dec,14,61.00,6.54,5.50,5,5,25.10,.68,9.33,,
Dec,14,64.00,4.91,4.71,33,781,24.20,.60,10.64,,
Dec,14,66.00,3.98,3.83,2,3350,23.70,.54,8.62,,
Dec,14,69.00,2.81,2.69,20,8,23.00,.45,6.10,,
Dec,14,70.00,2.47,2.55,80,940,22.80,.42,5.36,,
Dec,14,73.00,1.68,1.60,6,70,22.20,.33,3.65,,
Dec,14,75.00,1.26,.99,104,229,21.90,.28,2.73,,
Dec,14,76.01,1.10,1.03,10,10,21.80,.25,2.39,,
Mar,15,72.00,2.70,2.75,24,29,23.00,.42,4.28,,
,
ResMed Inc Last Sale Price $4.73,
Apr,14,4.80,.09,.08,250,-,23.10,.44,25.72,,
Apr,14,4.81,.09,.11,200,200,23.10,.43,24.29,,
Apr,14,4.90,.06,.05,2090,587,22.90,.32,15.72,,
May,14,5.00,.08,.07,620,240,22.90,.33,9.80,,
Jun,14,4.70,.24,.25,52,-,24.30,.59,17.81,,
Jun,14,5.00,.12,.11,104,250,23.40,.38,9.75,,
Jun,14,5.25,.06,.07,100,2878,23.10,.23,4.66,,
,
Regis Res Last Sale Price $2.19,
Apr,14,2.21,.13,.12,514,-,55.90,.52,77.16,,
Apr,14,2.30,.09,.08,514,100,55.20,.41,52.47,,
Apr,14,2.40,.06,.06,150,50,54.50,.30,33.95,,
,
Seek Last Sale Price $17.26,
Apr,14,17.00,.56,.40,40,40,26.50,.62,23.89,,
Apr,14,17.50,.32,.25,50,60,25.70,.46,25.06,,
Apr,14,19.00,.03,.40,350,355,24.90,.09,2.35,,
May,14,17.50,.59,.46,5,32,26.00,.51,19.97,,
May,14,18.00,.41,.76,1350,1373,25.60,.40,13.59,,
Jun,14,17.50,.76,.74,45,1445,26.00,.53,17.66,,
,
Sims Metal Mgt Last Sale Price $9.65,
Apr,14,9.50,.34,.33,2432,10,24.30,.63,26.62,,
Apr,14,9.75,.20,.25,74,107,23.60,.47,28.72,,
Apr,14,10.00,.12,.13,6093,6380,23.40,.32,16.11,,
Apr,14,10.75,.02,.01,213,188,26.00,.07,2.80,,
May,14,10.00,.28,.28,20,11,25.90,.43,17.11,,
May,14,10.25,.20,.28,10,45,25.60,.34,12.01,,
,
Stockland Last Sale Price $3.70,
Apr,14,3.70,.06,.04,384,384,14.00,.55,21.92,,
Apr,14,3.90,.01,.01,100,440,14.00,.10,2.19,,
May,14,3.70,.09,.09,50,-,13.50,.58,14.09,,
Jun,14,3.70,.12,.10,3402,3702,14.80,.59,12.47,,
Jun,14,3.80,.07,.08,140,380,14.90,.45,7.59,,
Jun,14,3.90,.04,.04,631,2465,15.20,.32,4.88,,
Sep,14,3.80,.10,.09,26,20,15.80,.53,5.42,,
,
Santos Last Sale Price $13.32,
Mar,14,0.01,13.31,-,60,-,-,1.00,-,,
Apr,14,12.75,.66,.63,100,120,18.30,.84,8.63,,
Apr,14,13.25,.28,.28,753,537,16.30,.59,21.31,,
Apr,14,13.50,.16,.17,598,625,15.80,.42,15.73,,
Apr,14,13.75,.08,.08,3818,2787,15.70,.26,8.12,,
Apr,14,13.76,.07,.09,444,514,15.70,.26,7.61,,
Apr,14,14.00,.04,.06,2250,5879,16.00,.15,4.06,,
Apr,14,14.25,.02,.04,200,4938,16.80,.08,2.03,,
Apr,14,14.50,.01,.02,100,2118,17.70,.05,1.01,,
Apr,14,15.00,.00,.01,377,1793,19.70,.02,.30,,
May,14,13.50,.34,.42,514,794,18.30,.50,15.01,,
May,14,13.75,.24,.24,978,891,18.00,.40,10.44,,
May,14,14.00,.17,.16,790,1677,17.70,.30,7.18,,
May,14,14.25,.11,.11,112,1811,17.70,.23,4.78,,
May,14,14.50,.07,.09,120,3084,17.80,.16,3.04,,
May,14,14.75,.04,.10,238,1526,18.00,.11,1.96,,
Jun,14,13.50,.47,.46,1160,1566,19.40,.52,14.15,,
Jun,14,13.75,.36,.34,827,2157,19.10,.45,10.84,,
Jun,14,13.76,.35,.38,397,477,19.10,.44,10.69,,
Jun,14,14.00,.27,.28,3610,4353,18.80,.37,8.13,,
Jun,14,14.01,.27,.26,85,91,18.80,.37,7.98,,
Jun,14,14.25,.20,.20,547,2400,18.70,.30,5.87,,
Jun,14,14.50,.14,.14,45,782,18.70,.24,4.37,,
Jun,14,14.75,.11,.12,100,290,18.70,.18,3.16,,
Jun,14,15.50,.04,.06,300,5100,19.10,.08,1.05,,
Jul,14,14.00,.36,.38,66,136,19.60,.41,8.40,,
Jul,14,14.75,.17,.17,1000,1500,19.10,.24,3.80,,
Aug,14,14.00,.48,.48,5,18,20.60,.45,8.54,,
Sep,14,14.00,.55,.55,125,2003,21.30,.47,8.21,,
Sep,14,14.25,.46,.44,500,128,21.10,.43,6.85,,
Sep,14,14.50,.38,.38,185,265,20.90,.38,5.65,,
Sep,14,15.00,.26,.26,626,1133,20.70,.29,3.84,,
Dec,14,12.50,1.55,3.02,2039,1315,23.80,.73,7.57,,
Dec,14,13.50,.98,1.01,9,159,22.70,.60,10.15,,
Dec,14,14.50,.58,.55,195,3220,21.90,.45,5.97,,
Dec,14,15.00,.44,.44,20,626,21.60,.37,4.48,,
,
Suncorp Grp Last Sale Price $12.65,
Apr,14,12.25,.47,.60,154,190,14.70,.83,8.01,,
Apr,14,12.50,.28,.38,1040,5743,13.80,.68,14.43,,
Apr,14,12.51,.28,.33,195,787,13.70,.67,14.43,,
Apr,14,12.75,.14,.17,543,2743,13.20,.46,15.50,,
Apr,14,12.76,.14,.17,325,771,13.20,.46,14.96,,
Apr,14,13.00,.06,.10,1940,1948,13.10,.26,6.41,,
Apr,14,13.01,.06,.06,50,589,13.10,.25,6.41,,
Apr,14,13.25,.03,.04,300,491,13.30,.12,2.67,,
Apr,14,13.26,.02,.04,300,300,13.30,.12,2.14,,
May,14,11.25,1.49,1.51,45,45,21.00,.93,4.12,,
May,14,12.01,.80,.82,40,170,17.40,.82,7.33,,
May,14,12.50,.44,.47,158,1336,15.80,.64,13.28,,
May,14,12.51,.43,.52,4,115,15.70,.64,13.28,,
May,14,12.75,.29,.30,220,9117,15.10,.53,13.51,,
May,14,13.00,.19,.18,1660,2284,14.70,.40,8.47,,
May,14,13.25,.11,.10,2941,266,14.40,.28,5.04,,
May,14,13.26,.11,.12,100,139,14.40,.28,4.81,,
May,14,13.75,.04,.04,400,480,14.40,.11,1.60,,
Jun,14,12.34,.63,.48,577,1558,16.20,.70,9.99,,
Jun,14,12.83,.34,.35,29,326,15.10,.52,10.62,,
Jun,14,13.06,.23,.21,2205,1395,14.80,.42,7.45,,
Jun,14,13.30,.16,.16,239,2919,14.60,.32,5.07,,
Jun,14,13.54,.11,.12,51,1361,14.50,.24,3.33,,
Sep,14,12.83,.41,.22,70,264,16.30,.57,6.50,,
Sep,14,13.06,.40,.42,39,350,16.10,.51,6.26,,
Sep,14,13.31,.25,.20,175,1814,15.80,.44,3.88,,
Sep,14,14.27,.09,.28,200,769,15.60,.22,1.43,,
Dec,14,13.55,.33,.39,38,178,16.20,.45,3.58,,
Dec,14,13.79,.26,.25,68,139,16.00,.40,2.82,,
Dec,14,14.03,.20,.24,76,184,15.90,.35,2.22,,
Mar,15,12.79,.70,.73,200,200,16.70,.64,5.55,,
Mar,15,14.27,.23,.28,320,200,15.90,.38,1.78,,
,
Sydney Airport Last Sale Price $4.22,
Apr,14,4.10,.15,.09,100,6125,15.10,.80,9.61,,
Apr,14,4.20,.08,.10,400,3518,14.90,.60,19.22,,
Apr,14,4.30,.04,.04,300,500,14.90,.36,12.81,,
May,14,4.10,.19,.22,565,915,16.00,.73,9.61,,
May,14,4.20,.13,.14,400,569,15.40,.60,14.42,,
May,14,4.30,.08,.08,487,1600,15.00,.46,10.98,,
Jun,14,3.73,.42,.35,2487,2887,18.20,.94,-,,
Jun,14,3.88,.29,.27,3716,3716,17.00,.89,-,,
Jun,14,4.07,.23,.12,460,999,16.10,.75,8.08,,
Jun,14,4.45,.05,.07,500,846,15.20,.32,4.75,,
Jun,14,4.65,.01,.02,162,162,15.10,.14,1.43,,
Sep,14,3.71,.49,.50,150,150,18.10,.90,-,,
Sep,14,3.90,.39,.32,1650,1650,17.10,.83,3.09,,
Sep,14,4.01,.27,.29,150,256,16.70,.77,2.85,,
Sep,14,4.50,.07,.07,200,200,15.40,.39,3.09,,
,
Tabcorp Hldgs Last Sale Price $3.42,
May,14,3.30,.19,.19,50,50,19.50,.73,11.86,,
May,14,3.50,.08,.07,150,-,18.90,.45,13.55,,
Jun,14,3.40,.16,.12,150,-,19.40,.60,15.83,,
Jun,14,3.50,.11,.08,50,140,19.20,.48,12.31,,
,
Transurban Grp Last Sale Price $7.25,
Apr,14,7.00,.29,.23,600,1075,15.80,.83,8.39,,
May,14,5.76,1.52,1.47,109,525,28.60,.98,2.40,,
May,14,7.00,.35,.23,2500,4077,15.10,.77,7.99,,
May,14,7.01,.34,.25,30,54,15.00,.77,8.39,,
May,14,7.25,.18,.17,1019,1699,13.70,.58,14.38,,
May,14,7.50,.07,.08,750,600,12.90,.34,5.59,,
Jun,14,7.00,.36,.16,1991,3719,13.40,.78,6.36,,
Jun,14,7.25,.20,.23,1901,5528,12.60,.60,11.06,,
Jun,14,7.50,.09,.11,2893,6265,12.40,.39,4.98,,
Jul,14,7.50,.11,.09,65,-,13.20,.44,4.65,,
Sep,14,7.75,.10,.10,150,250,14.20,.37,2.63,,
Dec,14,7.25,.34,.29,400,503,14.60,.66,6.34,,
Dec,14,7.50,.23,.23,200,450,14.30,.55,4.35,,
,
Ten Network Hldgs Last Sale Price $0.27,
May,14,0.25,.04,.04,200,-,61.40,.68,42.92,,
,
Telstra Corp Last Sale Price $5.03,
Apr,14,4.91,.14,.14,1562,1637,9.50,.87,5.38,,
Apr,14,5.00,.07,.10,765,3900,9.20,.66,10.75,,
Apr,14,5.01,.07,.07,2607,5050,9.20,.63,12.09,,
Apr,14,5.10,.03,.03,8442,7252,9.00,.35,6.72,,
Apr,14,5.11,.02,.03,2381,5983,9.00,.32,5.38,,
Apr,14,5.20,.01,.01,2100,10008,9.10,.12,1.61,,
Apr,14,5.21,.01,.01,200,15210,9.10,.10,1.34,,
May,14,5.00,.12,.13,11496,10336,10.40,.65,9.79,,
May,14,5.01,.11,.11,100,407,10.40,.64,10.37,,
May,14,5.10,.06,.07,6959,5428,10.10,.47,6.91,,
May,14,5.11,.06,.06,1596,9656,10.00,.45,6.91,,
May,14,5.20,.03,.03,40600,44412,10.00,.29,3.46,,
May,14,5.31,.01,.04,1000,1963,10.10,.15,1.15,,
Jun,14,3.51,1.54,1.56,320,5575,33.00,.99,1.99,,
Jun,14,3.80,1.26,1.25,360,360,27.50,.99,2.39,,
Jun,14,4.21,.85,.88,65,3928,20.50,.97,2.79,,
Jun,14,4.31,.76,.73,83,842,18.60,.97,2.79,,
Jun,14,4.71,.37,.37,45,1506,12.60,.91,3.99,,
Jun,14,4.90,.21,.23,41,1810,11.00,.78,6.38,,
Jun,14,5.00,.14,.15,630,5351,10.50,.66,8.77,,
Jun,14,5.01,.13,.14,710,7867,10.40,.65,8.77,,
Jun,14,5.10,.09,.10,12983,17176,10.10,.51,6.78,,
Jun,14,5.11,.08,.09,686,15869,10.10,.50,6.38,,
Jun,14,5.20,.04,.05,3120,28044,10.00,.36,3.59,,
Jun,14,5.21,.04,.05,2940,7170,10.00,.35,3.59,,
Jun,14,5.25,.04,.07,1065,28151,10.00,.29,2.79,,
Jun,14,5.26,.03,.04,734,12449,10.00,.28,2.39,,
Jul,14,4.70,.40,.37,50,50,12.50,.90,3.96,,
Jul,14,5.10,.11,.13,330,360,10.70,.54,6.71,,
Jul,14,5.25,.06,.06,18362,6350,10.50,.36,3.35,,
Aug,14,4.70,.40,.40,100,100,11.10,.91,3.30,,
Aug,14,5.00,.19,.21,1050,1049,11.10,.68,7.30,,
Aug,14,5.01,.11,.13,250,250,11.10,.67,4.24,,
Sep,14,4.40,.69,.69,100,2100,14.40,.95,2.39,,
Sep,14,4.41,.56,.59,180,5802,14.40,.95,-,,
Sep,14,4.60,.51,.51,1000,1300,13.60,.90,2.99,,
Sep,14,5.00,.20,.20,41,3238,12.30,.67,6.78,,
Sep,14,5.01,.14,.14,200,2578,12.30,.66,4.78,,
Sep,14,5.11,.10,.10,1170,7495,12.10,.58,3.99,,
Sep,14,5.20,.11,.11,9000,4920,12.00,.50,4.19,,
Sep,14,5.26,.06,.06,1945,5170,12.00,.44,2.39,,
Sep,14,5.30,.07,.07,160,10146,12.00,.41,2.79,,
Dec,14,5.11,.16,.22,530,8620,13.00,.62,4.36,,
Dec,14,5.20,.14,.14,416,7711,12.90,.55,3.82,,
Dec,14,5.21,.13,.12,852,750,12.90,.55,3.41,,
Dec,14,5.25,.12,.11,438,857,12.90,.52,3.27,,
Dec,14,5.30,.11,.10,227,1157,12.90,.49,2.86,,
Dec,14,5.50,.06,.06,5000,19644,12.90,.35,1.64,,
Mar,15,5.25,.16,.17,979,-,13.80,.57,3.19,,
Jun,15,5.00,.31,.42,1000,1010,15.40,.74,4.47,,
Dec,15,5.50,.19,.19,2000,78601,16.40,.56,2.13,,
Dec,16,5.50,.28,.28,2000,39101,18.60,.60,1.99,,
,
Toll Hldgs Last Sale Price $5.09,
Apr,14,5.25,.05,.05,4298,1302,19.80,.32,13.28,,
Apr,14,5.50,.01,.02,684,1188,19.50,.08,2.39,,
Apr,14,5.75,.00,.01,90,1573,19.30,.01,.27,,
May,14,5.25,.12,.12,466,335,20.70,.42,13.09,,
May,14,5.50,.05,.04,361,6336,20.60,.23,5.69,,
Jun,14,5.00,.27,.28,67,80,19.90,.65,13.79,,
Jun,14,5.25,.14,.14,1000,160,19.60,.45,11.43,,
Jun,14,5.50,.07,.08,150,1562,19.80,.28,5.52,,
Sep,14,5.50,.16,.15,1500,1109,22.00,.41,6.30,,
Dec,14,5.75,.14,.13,144,640,21.90,.37,3.77,,
Mar,15,6.00,.13,.14,50,50,21.90,.35,2.56,,
,
Treasury Wine Estates Last Sale Price $3.59,
Apr,14,3.60,.08,.07,170,170,20.70,.52,30.12,,
May,14,3.80,.06,.07,211,-,22.60,.32,9.68,,
May,14,3.90,.04,.04,57,-,22.60,.23,6.46,,
,
Virgin Australia Last Sale Price $0.39,
May,14,0.30,.10,.04,2000,4000,70.50,.85,15.05,,
,
Westpac Banking Last Sale Price $34.43,
Mar,14,0.01,34.42,-,16000,-,-,1.00,-,,
Apr,14,0.01,34.48,34.53,16060,26000,-,-,2.36,,
Apr,14,26.93,7.55,4.90,145,157,27.10,1.00,1.96,,
Apr,14,27.93,6.55,3.75,17,390,26.60,1.00,1.96,,
Apr,14,28.00,6.48,3.61,36,36,26.50,1.00,1.96,,
Apr,14,28.42,6.06,5.30,183,226,25.30,1.00,1.96,,
Apr,14,30.91,3.59,3.48,10,561,18.90,.99,2.55,,
Apr,14,30.92,3.58,3.00,582,614,18.90,.99,2.55,,
Apr,14,31.41,3.09,1.63,360,1037,17.80,.98,2.75,,
Apr,14,31.90,2.61,2.04,230,2551,16.70,.97,3.14,,
Apr,14,31.91,2.60,2.35,1046,1573,16.60,.97,3.14,,
Apr,14,32.40,2.13,1.31,216,2165,15.40,.95,3.73,,
Apr,14,32.90,1.65,1.65,1508,2584,14.20,.91,4.71,,
Apr,14,32.91,1.65,1.68,1918,1719,14.20,.91,4.91,,
Apr,14,33.40,1.21,1.22,736,2670,13.10,.84,6.87,,
Apr,14,33.41,1.20,.90,258,298,13.00,.84,6.87,,
Apr,14,33.90,.80,.83,2244,8062,12.10,.73,10.40,,
Apr,14,33.91,.79,.55,464,1386,12.10,.73,10.60,,
Apr,14,34.40,.47,.48,3733,3225,11.40,.57,17.08,,
Apr,14,34.41,.46,.47,1588,1923,11.40,.57,17.28,,
Apr,14,34.90,.23,.25,5942,3838,11.00,.38,9.23,,
Apr,14,34.91,.23,.25,395,405,11.00,.38,9.03,,
Apr,14,35.39,.11,.12,1265,3162,10.80,.21,4.12,,
Apr,14,35.40,.10,.04,30,110,10.80,.21,3.93,,
Apr,14,35.89,.04,.06,902,1294,11.00,.10,1.57,,
May,14,27.00,7.52,4.17,100,106,23.50,1.00,1.51,,
May,14,27.50,7.02,6.60,20,60,23.30,.99,1.51,,
May,14,28.51,5.17,4.75,21,21,20.80,.99,-,,
May,14,29.50,5.03,4.30,10,70,17.90,.99,1.68,,
May,14,30.01,3.71,2.95,10,205,17.00,.98,-,,
May,14,31.01,2.77,2.59,30,65,15.90,.96,-,,
May,14,31.50,3.06,2.53,12000,5284,15.40,.94,2.19,,
May,14,32.00,2.59,2.50,1134,4043,14.90,.92,2.61,,
May,14,32.01,1.90,1.45,180,914,14.80,.92,-,,
May,14,32.50,2.13,.51,80,988,14.40,.88,3.28,,
May,14,32.51,1.50,.96,40,368,14.30,.88,-,,
May,14,33.00,1.69,1.27,12,761,13.90,.83,4.38,,
May,14,33.01,1.15,1.05,436,4389,13.90,.83,-,,
May,14,33.50,1.29,.82,17294,17624,13.60,.76,6.06,,
May,14,33.51,.84,.52,237,1115,13.60,.75,-,,
May,14,34.00,.94,.80,31,1037,13.40,.67,8.67,,
May,14,34.01,.59,.54,2879,2782,13.40,.67,2.94,,
May,14,34.50,.66,.68,1162,1068,13.30,.57,11.11,,
May,14,34.51,.41,.38,1150,2033,13.30,.57,6.82,,
May,14,35.00,.44,.44,388,951,13.20,.46,7.32,,
May,14,35.01,.27,.25,791,5128,13.20,.46,4.46,,
May,14,35.50,.28,.28,520,510,13.20,.36,4.63,,
May,14,36.50,.10,.07,100,5,13.20,.19,1.60,,
May,14,37.00,.05,.06,1701,1850,13.30,.13,.84,,
May,14,37.50,.03,.03,20,700,13.60,.09,.50,,
May,14,38.00,.02,.01,5,20,14.00,.07,.34,,
Jun,14,0.01,33.73,33.33,70,1744,-,-,-,,
Jun,14,16.90,17.59,17.34,28,28,45.20,1.00,.64,,
Jun,14,23.36,11.15,1.75,492,492,29.60,1.00,.87,,
Jun,14,24.36,9.35,8.90,33,43,28.70,1.00,-,,
Jun,14,25.84,8.68,3.30,30,141,27.00,.99,.99,,
Jun,14,25.85,7.88,4.72,20,1890,26.90,.99,-,,
Jun,14,26.34,8.18,5.13,52,70,26.10,.99,.99,,
Jun,14,26.35,7.39,4.45,10,1079,26.10,.99,-,,
Jun,14,26.85,6.91,3.98,46,207,25.00,.99,-,,
Jun,14,27.33,7.19,4.78,107,147,23.90,.98,1.05,,
Jun,14,27.83,6.70,6.45,80,80,22.60,.98,1.11,,
Jun,14,28.82,5.71,4.16,20,33,20.10,.98,1.11,,
Jun,14,28.83,4.96,2.63,21,2977,20.10,.98,-,,
Jun,14,29.82,4.71,2.28,60,756,18.00,.97,1.22,,
Jun,14,30.82,3.09,1.05,1426,1949,16.60,.94,-,,
Jun,14,31.32,2.65,2.20,17,229,16.00,.92,-,,
Jun,14,31.80,2.79,2.68,28,435,15.50,.90,1.92,,
Jun,14,31.91,2.17,1.93,142,631,15.40,.89,-,,
Jun,14,32.30,2.34,1.62,10,1793,15.00,.86,2.45,,
Jun,14,32.31,1.86,1.74,156,241,15.00,.86,-,,
Jun,14,32.80,1.91,1.69,217,1359,14.60,.82,3.20,,
Jun,14,32.81,1.50,.85,85,659,14.60,.82,-,,
Jun,14,32.91,1.43,1.05,126,1633,14.50,.81,-,,
Jun,14,33.30,1.50,1.25,110,2037,14.20,.76,4.31,,
Jun,14,33.31,1.18,1.08,7375,9653,14.20,.76,.64,,
Jun,14,33.79,1.15,.94,990,5520,13.90,.70,5.94,,
Jun,14,33.80,.90,.87,1003,3208,13.90,.70,3.09,,
Jun,14,34.29,.84,.87,37,4040,13.60,.62,8.15,,
Jun,14,34.30,.66,.66,1774,2844,13.60,.62,6.17,,
Jun,14,34.79,.59,.45,150,2137,13.40,.54,6.93,,
Jun,14,34.80,.47,.45,40,467,13.40,.54,5.53,,
Jun,14,35.29,.34,.32,80,1750,13.20,.45,3.90,,
Jun,14,35.78,.27,.25,100,1710,13.10,.37,3.09,,
Jun,14,35.79,.23,.23,40,475,13.10,.37,2.62,,
Jun,14,36.79,.10,.29,800,830,13.10,.22,1.16,,
Jun,14,38.27,.03,.03,5,255,13.70,.10,.35,,
Jul,14,27.01,6.80,6.40,40,190,21.30,.99,-,,
Jul,14,28.01,5.84,5.61,165,385,20.50,.98,-,,
Jul,14,35.00,.61,.53,3252,3165,13.50,.53,5.48,,
Jul,14,35.50,.45,.41,90,30,13.40,.45,3.96,,
Sep,14,24.36,9.54,9.12,25,491,23.40,.99,-,,
Sep,14,24.86,9.04,7.92,554,2599,22.60,.99,-,,
Sep,14,26.85,7.13,6.36,64,2099,20.30,.98,-,,
Sep,14,27.34,6.67,6.36,100,140,19.90,.97,-,,
Sep,14,28.34,5.74,4.75,220,790,19.10,.96,-,,
Sep,14,29.33,4.84,3.17,40,110,18.30,.94,-,,
Sep,14,30.33,3.98,3.35,70,200,17.60,.91,-,,
Sep,14,31.32,3.19,1.32,90,265,16.90,.86,.44,,
Sep,14,31.80,2.98,1.33,15,338,16.50,.84,2.01,,
Sep,14,31.81,2.81,1.10,20,368,16.50,.84,1.14,,
Sep,14,32.31,2.46,1.41,30,2380,16.20,.81,1.95,,
Sep,14,32.80,2.20,1.44,7,458,15.90,.77,3.32,,
Sep,14,33.30,1.87,1.42,25,2829,15.60,.73,4.31,,
Sep,14,33.79,1.57,1.21,1742,2725,15.30,.69,5.42,,
Sep,14,33.80,1.53,1.27,70,714,15.30,.69,5.24,,
Sep,14,34.29,1.29,1.19,1500,2637,15.10,.64,6.73,,
Sep,14,34.80,1.05,.44,20,480,14.80,.59,6.12,,
Sep,14,35.29,.85,.80,5,234,14.60,.54,4.98,,
Sep,14,35.79,.69,.49,21,775,14.50,.48,3.99,,
Sep,14,36.28,.54,.52,70,224,14.30,.43,3.15,,
Dec,14,19.89,13.25,12.28,40,40,34.80,.98,-,,
Dec,14,26.85,6.62,6.39,1190,1064,21.50,.95,-,,
Dec,14,31.80,3.14,3.07,248,2043,17.10,.82,2.03,,
Dec,14,32.80,2.44,2.35,800,4650,16.60,.76,3.23,,
Dec,14,33.31,1.80,1.69,50,260,16.40,.73,2.71,,
Dec,14,33.79,1.86,1.45,790,2522,16.20,.70,4.84,,
Dec,14,34.29,1.60,1.30,7,159,16.00,.66,5.80,,
Dec,14,34.80,1.15,1.07,30,120,15.90,.62,4.58,,
Dec,14,36.78,.69,.68,20,143,15.40,.45,2.75,,
,
Westfield Grp Last Sale Price $10.28,
Apr,14,10.00,.35,.33,40,71,14.90,.79,9.21,,
Apr,14,10.25,.17,.18,1080,1077,13.90,.58,19.07,,
Apr,14,10.26,.17,.17,9,5932,13.90,.57,19.73,,
Apr,14,10.50,.07,.07,760,993,13.20,.32,8.55,,
Apr,14,10.75,.02,.07,100,200,12.80,.12,2.63,,
May,14,9.51,.84,1.12,25,65,16.20,.91,4.23,,
May,14,10.25,.28,.28,875,730,14.20,.60,14.09,,
May,14,10.50,.16,.13,144,1050,14.00,.43,9.02,,
May,14,10.51,.16,.17,400,588,14.00,.43,9.02,,
Jun,14,10.60,.20,.14,787,1864,14.80,.43,7.61,,
Jun,14,10.79,.14,.10,1500,1500,14.70,.33,5.27,,
Jul,14,9.50,.95,.93,100,-,16.90,.86,5.22,,
Sep,14,9.03,1.40,1.27,16,16,18.60,.90,2.93,,
Sep,14,10.61,.27,.20,70,70,15.90,.51,5.27,,
Dec,14,10.79,.34,.32,48,78,16.00,.51,4.47,,
Dec,14,11.58,.14,.14,200,107,15.70,.31,1.80,,
,
Wesfarmers Last Sale Price $41.39,
Apr,14,39.04,2.49,2.81,40,20,16.50,.93,4.57,,
Apr,14,40.04,1.58,1.96,40,-,14.50,.84,7.51,,
Apr,14,40.54,1.17,1.30,478,220,13.70,.76,10.45,,
Apr,14,41.04,.81,2.33,50,80,13.10,.65,15.02,,
Apr,14,41.05,.81,1.64,200,3876,13.10,.65,15.19,,
Apr,14,41.54,.52,.54,58,1970,12.70,.51,16.98,,
Apr,14,42.04,.31,.31,802,694,12.40,.37,10.13,,
Apr,14,42.05,.30,.38,919,921,12.40,.37,9.96,,
Apr,14,42.54,.17,.19,2081,1575,12.30,.24,5.55,,
Apr,14,42.55,.17,.20,103,-,12.30,.24,5.55,,
Apr,14,43.04,.09,.11,803,2096,12.30,.15,2.94,,
Apr,14,43.05,.09,.12,1115,3252,12.30,.15,2.94,,
Apr,14,43.54,.04,.07,673,3588,12.50,.08,1.47,,
Apr,14,44.04,.02,.04,9,3705,12.80,.05,.65,,
Apr,14,44.54,.01,.04,541,2496,12.90,.02,.33,,
May,14,37.01,4.62,4.94,25,25,18.10,.95,3.36,,
May,14,41.00,1.26,1.50,20,45,14.10,.64,12.25,,
May,14,41.50,.97,1.02,172,262,13.80,.56,13.65,,
May,14,42.00,.73,.77,653,225,13.50,.48,10.22,,
May,14,42.50,.53,.61,255,377,13.30,.39,7.42,,
May,14,43.00,.37,.42,1324,1559,13.10,.31,5.18,,
May,14,43.50,.26,.26,26,910,13.00,.24,3.57,,
May,14,44.00,.17,.33,500,1920,13.00,.18,2.38,,
May,14,45.00,.07,.13,50,114,13.20,.09,1.05,,
Jun,14,34.04,7.62,7.62,13,888,21.60,.98,2.62,,
Jun,14,35.04,6.64,6.81,125,290,20.30,.97,2.86,,
Jun,14,36.53,5.22,3.80,19,19,18.50,.94,3.49,,
Jun,14,37.54,4.28,4.74,40,355,17.40,.91,4.17,,
Jun,14,38.54,3.40,3.54,40,40,16.50,.86,5.33,,
Jun,14,41.04,1.52,1.78,52,397,14.60,.64,11.34,,
Jun,14,41.54,1.23,1.26,52,286,14.30,.57,11.92,,
Jun,14,42.05,.97,1.03,43,402,14.00,.51,9.40,,
Jun,14,42.54,.76,.78,586,1405,13.80,.44,7.32,,
Jun,14,43.04,.58,.58,1414,4214,13.60,.37,5.62,,
Jun,14,43.05,.58,.62,69,568,13.60,.37,5.62,,
Jun,14,44.05,.32,1.17,10,413,13.40,.25,3.10,,
Jul,14,35.01,6.72,6.76,10,10,16.70,.98,2.56,,
Jul,14,36.01,5.79,5.75,19,19,16.70,.96,3.00,,
Jul,14,37.01,4.88,5.38,73,73,16.70,.92,3.67,,
Jul,14,39.01,3.21,3.19,20,20,16.30,.81,6.19,,
Jul,14,42.50,1.01,1.08,100,-,14.20,.48,7.48,,
Jul,14,43.00,.81,.86,20,165,14.00,.42,6.00,,
Jul,14,43.01,.81,1.85,100,100,14.00,.42,5.97,,
Aug,14,43.50,.86,1.07,46,46,15.00,.42,4.95,,
Aug,14,45.50,.36,.45,100,100,14.70,.24,2.09,,
Sep,14,42.04,1.51,1.78,6,45,15.50,.57,7.34,,
Sep,14,43.54,.91,.94,250,-,15.10,.44,4.39,,
Sep,14,44.04,.75,.78,12,430,14.90,.40,3.61,,
Sep,14,44.05,.61,.58,69,180,14.90,.40,2.96,,
Sep,14,45.05,.41,.40,30,508,14.70,.31,1.96,,
Sep,14,46.54,.25,.25,400,609,14.50,.21,1.21,,
Sep,14,47.04,.20,.25,14,318,14.60,.18,.99,,
Sep,14,48.04,.14,.19,50,145,14.80,.14,.68,,
Dec,14,41.54,2.17,2.24,15,485,16.50,.64,7.19,,
,
WorleyParsons Last Sale Price $14.93,
Apr,14,14.00,1.07,1.19,40,40,28.30,.83,12.68,,
Apr,14,14.75,.53,.47,60,60,26.50,.60,31.69,,
Apr,14,15.00,.40,.45,162,237,26.10,.51,35.77,,
Apr,14,15.50,.20,.18,494,238,25.50,.32,18.11,,
Apr,14,15.51,.20,.18,56,-,25.50,.32,17.66,,
Apr,14,16.00,.09,.14,156,3120,25.10,.17,7.70,,
May,14,15.50,.45,.59,120,80,26.70,.42,17.27,,
May,14,16.00,.28,.40,2,2759,26.30,.31,11.06,,
May,14,16.50,.17,.23,79,85,26.20,.22,6.79,,
May,14,16.51,.16,.16,195,50,26.20,.22,6.21,,
May,14,17.00,.11,.13,2,154,26.40,.15,4.07,,
Jun,14,15.00,.81,.78,59,50,26.80,.56,21.63,,
Jun,14,15.50,.58,.56,35,-,26.30,.46,15.58,,
Jun,14,16.00,.40,.39,149,209,26.00,.36,10.75,,
Jun,14,16.50,.27,.26,13,20,25.70,.27,7.25,,
Jun,14,17.00,.17,.17,81,388,25.50,.20,4.70,,
Jun,14,17.50,.12,.14,19,133,25.60,.14,3.09,,
Jun,14,18.00,.07,.14,60,305,25.80,.10,2.01,,
Sep,14,15.01,1.00,1.05,35,93,28.10,.59,13.43,,
Sep,14,17.00,.42,.39,510,13,26.90,.33,5.64,,
Mar,15,15.00,1.52,1.46,55,55,28.80,.63,10.24,,
Mar,15,15.50,1.31,1.28,75,-,28.50,.58,8.80,,
Mar,15,16.00,1.10,1.08,100,50,28.00,.54,7.39,,
,
Woolworths Last Sale Price $35.60,
Apr,14,31.50,4.17,4.49,83,83,22.70,.98,2.66,,
Apr,14,34.01,1.74,2.05,2025,2224,15.20,.89,5.51,,
Apr,14,34.51,1.29,1.44,450,501,14.00,.83,7.59,,
Apr,14,35.01,.89,1.11,1750,3033,13.00,.73,11.20,,
Apr,14,35.50,.56,.68,126,89,12.30,.59,17.28,,
Apr,14,35.51,.55,.95,50,687,12.30,.59,17.28,,
Apr,14,36.00,.30,.33,821,710,11.90,.42,11.58,,
Apr,14,36.01,.30,.53,1299,2187,11.90,.42,11.39,,
Apr,14,36.50,.15,.20,4836,3809,11.70,.26,5.70,,
Apr,14,36.51,.15,.19,529,3515,11.70,.25,5.70,,
Apr,14,37.00,.07,.11,840,1101,11.80,.14,2.47,,
Apr,14,37.50,.03,.04,310,716,12.00,.07,1.14,,
Apr,14,38.01,.01,.04,400,400,12.30,.03,.38,,
May,14,35.01,1.20,1.55,430,400,13.30,.70,9.93,,
May,14,35.50,.90,1.00,60,60,12.90,.60,12.94,,
May,14,36.00,.63,.89,50,2380,12.70,.50,10.25,,
May,14,36.01,.63,.66,1350,1434,12.70,.50,10.17,,
May,14,36.50,.42,.47,243,818,12.40,.39,6.92,,
May,14,36.51,.42,.46,430,1788,12.40,.39,6.84,,
May,14,37.00,.28,.28,423,1138,12.30,.29,4.48,,
May,14,37.50,.17,.22,668,574,12.30,.21,2.77,,
May,14,38.00,.11,.16,204,308,12.30,.14,1.71,,
May,14,38.50,.07,.10,606,626,12.50,.10,1.06,,
Jun,14,26.74,9.05,9.35,4,54,25.40,.99,2.14,,
Jun,14,27.73,8.07,8.65,64,873,23.70,.99,2.25,,
Jun,14,29.22,6.60,6.94,150,919,20.70,.98,2.48,,
Jun,14,30.21,5.63,2.88,687,849,18.90,.97,2.70,,
Jun,14,34.66,1.64,1.56,247,390,13.60,.74,7.89,,
Jun,14,35.16,1.29,1.50,23,228,13.20,.67,9.63,,
Jun,14,35.64,1.00,1.14,50,741,12.90,.59,11.32,,
Jun,14,35.65,1.00,1.33,58,302,12.90,.59,11.27,,
Jun,14,36.14,.75,.96,155,3554,12.60,.51,8.45,,
Jun,14,36.63,.55,.75,70,1171,12.40,.42,6.14,,
Jun,14,36.64,.54,.67,51,146,12.40,.42,6.08,,
Jun,14,37.13,.38,.56,55,676,12.20,.33,4.28,,
Jun,14,37.14,.38,.36,10,193,12.20,.33,4.28,,
Jun,14,38.12,.17,.29,157,1117,12.00,.19,1.92,,
Jun,14,39.11,.07,.07,157,705,12.00,.10,.79,,
Jul,14,37.51,.41,.53,30,30,12.30,.33,3.58,,
Jul,14,38.00,.29,.43,30,500,12.20,.26,2.54,,
Sep,14,37.13,.79,.93,10,1604,13.10,.46,4.42,,
Sep,14,37.62,.61,.69,250,34,12.90,.40,3.44,,
Sep,14,39.11,.27,.57,10,1171,12.60,.25,1.52,,
Sep,14,40.60,.11,.13,24,1008,12.50,.13,.62,,
Dec,14,30.21,5.57,6.14,124,203,16.60,.94,.67,,
Dec,14,40.60,.26,.28,225,584,13.20,.23,.98,,
Mar,15,37.00,1.47,1.38,20,20,14.30,.58,4.13,,
,
Woodside Petroleum Last Sale Price $38.65,
Apr,14,37.01,1.79,1.81,300,602,14.60,.89,5.42,,
Apr,14,37.50,1.36,1.38,304,419,13.50,.83,7.17,,
Apr,14,38.00,.94,1.02,247,2592,12.40,.74,10.32,,
Apr,14,38.01,.94,.80,245,1167,12.40,.74,10.32,,
Apr,14,38.50,.59,.61,1068,2806,11.60,.61,15.56,,
Apr,14,38.51,.59,.66,590,1769,11.60,.61,15.74,,
Apr,14,39.00,.33,.36,1836,3013,11.00,.44,11.54,,
Apr,14,39.01,.33,.36,694,2610,11.00,.44,11.37,,
Apr,14,39.50,.16,.17,1093,3334,10.60,.27,5.42,,
Apr,14,39.51,.16,.17,468,598,10.60,.27,5.42,,
Apr,14,40.00,.06,.09,553,1908,10.30,.14,2.10,,
Apr,14,40.01,.06,.21,135,1686,10.30,.14,2.10,,
Apr,14,40.50,.02,.03,963,2115,10.10,.06,.70,,
May,14,35.01,3.91,3.60,9,9,18.60,.93,4.05,,
May,14,36.50,2.56,2.20,10,10,16.20,.85,6.07,,
May,14,37.50,1.73,1.44,10,19,14.80,.75,8.69,,
May,14,38.00,1.36,1.23,40,210,14.20,.69,10.64,,
May,14,38.01,1.36,1.23,630,693,14.10,.69,10.72,,
May,14,38.50,1.03,.96,562,1705,13.60,.61,13.27,,
May,14,39.00,.76,.77,450,1496,13.20,.52,11.32,,
May,14,39.01,.75,.76,241,96,13.20,.52,11.24,,
May,14,39.50,.53,.54,306,1662,12.80,.42,7.94,,
May,14,40.00,.35,.33,1563,1444,12.60,.33,5.32,,
May,14,40.01,.35,.35,544,543,12.50,.33,5.32,,
May,14,40.50,.23,.23,350,492,12.40,.24,3.45,,
May,14,40.51,.23,.32,60,213,12.40,.24,3.37,,
May,14,41.00,.14,.30,760,173,12.30,.17,2.17,,
May,14,41.50,.09,.10,230,372,12.30,.12,1.27,,
May,14,42.00,.06,.08,545,862,12.30,.08,.82,,
Jun,14,35.66,3.50,3.61,100,100,17.90,.87,5.34,,
Jun,14,36.64,2.67,2.55,4,89,16.60,.81,6.85,,
Jun,14,37.12,2.29,2.05,150,160,16.00,.77,7.84,,
Jun,14,37.61,1.91,1.80,810,1612,15.40,.72,9.03,,
Jun,14,37.62,1.91,1.88,49,140,15.40,.72,9.08,,
Jun,14,38.10,1.56,1.40,3401,6501,14.80,.67,10.53,,
Jun,14,38.11,1.56,1.40,96,313,14.80,.66,10.59,,
Jun,14,38.58,1.26,1.26,283,715,14.40,.60,12.35,,
Jun,14,39.07,.99,.86,93,1262,14.00,.53,10.27,,
Jun,14,39.08,.98,1.00,626,1082,13.90,.53,10.22,,
Jun,14,39.55,.77,.70,160,781,13.60,.46,7.94,,
Jun,14,39.56,.76,.68,10,275,13.60,.46,7.89,,
Jun,14,40.05,.57,.55,831,4481,13.40,.39,5.92,,
Jun,14,40.06,.56,.47,230,1482,13.40,.39,5.86,,
Jun,14,40.55,.41,.92,40,138,13.20,.32,4.31,,
Jul,14,39.50,1.03,1.25,15,102,14.40,.50,8.17,,
Jul,14,40.00,.81,.88,33,270,14.10,.44,6.47,,
Jul,14,41.00,.48,.47,25,87,13.70,.32,3.81,,
Jul,14,41.50,.36,.37,23,85,13.50,.26,2.86,,
Jul,14,42.00,.26,.27,91,42,13.30,.21,2.06,,
Jul,14,42.50,.19,.20,92,-,13.20,.16,1.47,,
Aug,14,41.00,.74,.71,1,1,15.30,.38,4.54,,
Aug,14,42.00,.47,.48,80,45,14.90,.29,2.91,,
Sep,14,35.43,4.10,3.10,100,221,18.50,.83,4.57,,
Sep,14,38.58,1.87,1.80,20,920,16.40,.63,9.34,,
Sep,14,39.55,1.37,1.34,210,540,16.00,.54,7.08,,
Sep,14,40.54,.95,.91,603,86,15.60,.45,4.93,,
Sep,14,40.55,.78,.68,27,259,15.60,.45,4.05,,
Sep,14,41.34,.69,.68,5,180,15.30,.38,3.61,,
Sep,14,42.49,.42,.51,103,48,15.10,.29,2.18,,
Sep,14,43.30,.29,.30,16,16,15.00,.23,1.50,,
Dec,14,37.61,2.81,2.78,75,25,17.80,.70,6.30,,
Dec,14,38.38,2.36,2.32,825,85,17.40,.66,7.42,,
Dec,14,39.37,1.84,1.84,75,515,16.90,.59,6.53,,
Mar,15,42.98,.94,.94,12,12,17.00,.42,2.45,,
Jun,15,42.98,1.16,1.15,10,-,17.10,.52,2.41,,
,
Westfield Retail Tr Last Sale Price $2.97,
Apr,14,3.00,.04,.05,350,-,13.80,.44,15.93,,
Apr,14,3.10,.01,.03,500,1868,13.10,.14,2.73,,
Apr,14,3.20,.00,.01,500,3211,13.10,.02,.46,,
May,14,3.10,.03,.06,433,1700,13.50,.29,4.88,,
Jun,14,3.10,.04,.05,6900,9449,14.10,.36,5.40,,
Sep,14,3.00,.11,.12,2250,-,15.20,.59,7.43,,
Sep,14,3.10,.07,.10,500,3500,14.80,.47,4.39,,
Dec,14,2.91,.17,.19,80,130,15.90,.70,4.85,,
,
XJO Last Sale Price,
Apr,14,4500,8.65,8.42,2,117,31.50,-,-,,
Apr,14,4700,6.66,6.38,1,182,25.80,-,-,,
Apr,14,4800,5.66,6.13,16,83,23.40,-,-,,
Apr,14,4825,5.42,5.20,3,47,22.80,-,-,,
Apr,14,5000,3.69,3.12,58,1048,18.50,-,-,,
Apr,14,5025,3.45,3.30,10,28,18.00,-,-,,
Apr,14,5050,3.21,1.55,80,771,17.40,-,-,,
Apr,14,5100,2.73,2.50,22,1097,16.30,-,-,,
Apr,14,5125,2.50,2.20,3,375,15.80,-,-,,
Apr,14,5150,2.27,1.96,80,1859,15.30,-,-,,
Apr,14,5200,1.82,1.73,228,1253,14.40,-,-,,
Apr,14,5225,1.60,1.65,89,411,13.90,-,-,,
Apr,14,5250,1.39,1.29,309,1540,13.50,-,-,,
Apr,14,5275,1.20,1.19,174,856,13.10,-,-,,
Apr,14,5300,1.01,.94,888,2903,12.70,-,-,,
Apr,14,5325,.83,.71,635,705,12.30,-,-,,
Apr,14,5350,.68,.66,3203,5438,12.00,-,-,,
Apr,14,5375,.54,.54,1698,1145,11.70,-,-,,
Apr,14,5400,.41,.37,4015,5915,11.40,-,-,,
Apr,14,5425,.31,.30,1004,1103,11.10,-,-,,
Apr,14,5450,.23,.20,3273,4324,10.90,-,-,,
Apr,14,5475,.16,.16,4860,3436,10.70,-,-,,
Apr,14,5500,.11,.11,3873,4450,10.50,-,-,,
Apr,14,5525,.07,.07,1257,1622,10.40,-,-,,
Apr,14,5550,.05,.06,1201,2483,10.30,-,-,,
Apr,14,5575,.03,.04,1087,1950,10.30,-,-,,
Apr,14,5600,.02,.03,389,1268,10.20,-,-,,
Apr,14,5625,.01,.02,227,1550,10.20,-,-,,
Apr,14,5650,.01,.01,1165,2644,10.10,-,-,,
Apr,14,5700,.00,.01,60,681,10.10,-,-,,
Apr,14,5725,.00,.01,60,529,10.10,-,-,,
May,14,5200,1.84,1.81,20,46,12.90,-,-,,
May,14,5250,1.47,1.66,51,1543,12.40,-,-,,
May,14,5300,1.13,1.04,140,266,11.90,-,-,,
May,14,5325,.98,.91,220,1078,11.60,-,-,,
May,14,5350,.84,.79,530,631,11.40,-,-,,
May,14,5375,.71,.61,127,158,11.20,-,-,,
May,14,5400,.59,.53,3480,4014,11.00,-,-,,
May,14,5425,.49,.47,1075,1166,10.80,-,-,,
May,14,5450,.40,.32,618,802,10.60,-,-,,
May,14,5475,.32,.28,263,554,10.50,-,-,,
May,14,5500,.25,.24,624,1089,10.30,-,-,,
May,14,5525,.20,.15,404,236,10.20,-,-,,
May,14,5550,.15,.14,276,824,10.10,-,-,,
May,14,5575,.11,.10,482,358,10.00,-,-,,
May,14,5600,.09,.07,256,577,9.90,-,-,,
May,14,5625,.06,.06,174,158,9.90,-,-,,
May,14,5650,.05,.07,500,662,9.80,-,-,,
May,14,5675,.04,.05,170,1005,9.80,-,-,,
May,14,5700,.03,.03,110,149,9.80,-,-,,
May,14,5775,.01,.11,25,131,9.80,-,-,,
May,14,5850,.00,.01,3,3,9.90,-,-,,
May,14,5900,.00,.04,40,16,9.90,-,-,,
Jun,14,1.00,53.55,53.39,76,36,-,-,-,,
Jun,14,4400,9.56,7.18,10,99,21.60,-,-,,
Jun,14,4700,6.65,6.30,17,462,18.30,-,-,,
Jun,14,4725,6.41,6.20,3,4,18.00,-,-,,
Jun,14,4750,6.17,5.99,2,54,17.80,-,-,,
Jun,14,4900,4.78,5.33,15,224,16.20,-,-,,
Jun,14,5150,2.63,2.62,4,109,13.70,-,-,,
Jun,14,5200,2.25,2.29,11,719,13.30,-,-,,
Jun,14,5250,1.89,2.13,71,456,12.90,-,-,,
Jun,14,5275,1.72,1.94,90,237,12.70,-,-,,
Jun,14,5300,1.56,1.47,188,1129,12.60,-,-,,
Jun,14,5325,1.41,1.24,97,203,12.40,-,-,,
Jun,14,5350,1.26,1.20,88,999,12.20,-,-,,
Jun,14,5375,1.13,1.04,193,325,12.00,-,-,,
Jun,14,5400,1.00,.99,670,2880,11.80,-,-,,
Jun,14,5425,.88,.81,74,733,11.70,-,-,,
Jun,14,5450,.77,.77,98,872,11.50,-,-,,
Jun,14,5475,.67,.67,54,228,11.40,-,-,,
Jun,14,5500,.57,.58,1184,2670,11.20,-,-,,
Jun,14,5525,.49,.55,33,862,11.10,-,-,,
Jun,14,5550,.42,.42,386,1904,11.00,-,-,,
Jun,14,5575,.35,.33,26,256,10.80,-,-,,
Jun,14,5600,.29,.30,306,1765,10.70,-,-,,
Jun,14,5625,.25,.21,30,378,10.60,-,-,,
Jun,14,5650,.20,.20,213,776,10.60,-,-,,
Jun,14,5675,.17,.27,60,366,10.50,-,-,,
Jun,14,5700,.14,.11,130,1490,10.40,-,-,,
Jun,14,5725,.11,.11,1080,1587,10.40,-,-,,
Jun,14,5750,.09,.09,204,577,10.40,-,-,,
Jun,14,5775,.07,.08,50,131,10.30,-,-,,
Jun,14,5800,.06,.08,367,1121,10.30,-,-,,
Jun,14,5825,.05,.14,340,521,10.30,-,-,,
Jun,14,5850,.04,.09,1,190,10.30,-,-,,
Sep,14,3100,21.85,21.69,15,15,23.30,-,-,,
Sep,14,4900,4.80,4.70,87,527,15.70,-,-,,
Sep,14,5000,4.01,3.65,8,99,15.10,-,-,,
Sep,14,5350,1.71,1.86,30,615,13.00,-,-,,
Sep,14,5400,1.46,1.45,670,766,12.70,-,-,,
Sep,14,5450,1.23,1.38,650,750,12.50,-,-,,
Sep,14,5600,.69,.77,61,738,11.90,-,-,,
Sep,14,5700,.45,.50,86,650,11.60,-,-,,
Sep,14,5900,.17,.15,125,406,11.20,-,-,,
Dec,14,5300,2.54,2.76,3,675,14.10,-,-,,
Dec,14,5350,2.27,1.26,15,100,13.80,-,-,,
Dec,14,5500,1.57,2.04,15,252,13.20,-,-,,
Dec,14,5600,1.19,1.31,22,322,12.90,-,-,,
Dec,14,5800,.63,.70,1,3370,12.30,-,-,,
Dec,14,5900,.45,.54,16,180,12.00,-,-,,
Dec,14,6000,.31,.29,247,337,11.90,-,-,,
Mar,15,5500,1.85,1.80,25,-,13.50,-,-,,
Mar,15,5900,.65,.58,1,26,12.30,-,-,,
Sep,15,6000,.85,.81,1,1,12.10,-,-,,
,
