Derivatives: Put Options - daily trades ,,,,,,,,,,,,
XAO 4753.3 at 16:47 4/5/2010  Report at 19:06 Tuesday 4/5/2010. Processed 19:43 Tuesday 4/5/2010.,,,,,,,,,,,,
,,,,,,,,,,,,
,,,,,,,,,,,,
,,,,,,,,,,,,
ASX Code/Series,,Ex Price,Fair Value,Last Sale,Vol 000's,Open Int,Implied Volatility,Delta,Annual % Return,,,
PUT OPTIONS ,,,,,,,,,,,,
AGL Energy Ltd Last Sale Price $14.88,,,,,,,,,,,,
May,10,15.00,0.28,0.26,11,80,15.70,-0.55,16.35,,,
Jun,10,14.50,0.19,0.17,3,74,17.20,-0.30,8.96,,,
Jun,10,15.00,0.40,0.36,3,159,16.60,-0.51,12.97,,,
Asciano Grp Last Sale Price $1.68,,,,,,,,,,,,
May,10,1.90,0.23,0.09,20,162,35.20,-0.94,4.54,,,
Jun,10,1.90,0.25,0.20,20,114,41.80,-0.77,10.48,,,
Jun,10,2.00,0.34,0.32,30,204,42.50,-0.86,6.29,,,
Dec,10,1.96,0.34,0.31,1,126,33.10,-0.68,4.66,,,
Amcor Ltd Last Sale Price $6.75,,,,,,,,,,,,
May,10,6.41,0.02,0.04,7,60,18.80,-0.12,4.51,,,
Jun,10,6.18,0.04,0.04,16,73,22.10,-0.12,3.64,,,
Jun,10,6.64,0.14,0.14,100,-,19.90,-0.37,14.04,,,
Jul,10,6.75,0.22,0.23,6,-,18.80,-0.44,13.36,,,
Dec,10,6.25,0.23,-,1,-,21.60,-0.24,5.31,,,
AMP Ltd Last Sale Price $6.25,,,,,,,,,,,,
May,10,6.00,0.05,0.04,100,577,23.20,-0.22,12.17,,,
Jun,10,6.02,0.11,0.14,60,672,23.10,-0.29,11.79,,,
Jun,10,6.26,0.20,0.20,10,401,23.00,-0.46,21.90,,,
Jun,10,6.50,0.34,0.34,60,352,23.00,-0.64,10.67,,,
Jul,10,6.25,0.26,0.23,10,513,23.20,-0.44,17.12,,,
Dec,10,7.00,0.95,0.94,15,70,24.40,-0.69,4.99,,,
Mar,11,6.25,0.58,0.54,90,43,25.10,-0.40,10.42,,,
Dec,12,5.50,0.65,0.63,90,125,28.30,-0.27,3.95,,,
ANZ Banking Grp Last Sale Price $24.66,,,,,,,,,,,,
May,10,20.00,0.04,0.03,41,431,43.60,-0.02,2.47,,,
May,10,21.50,0.08,0.10,68,42,34.90,-0.05,4.93,,,
May,10,22.00,0.13,0.12,43,557,33.50,-0.07,7.71,,,
May,10,22.50,0.17,0.14,73,171,30.60,-0.10,10.18,,,
May,10,23.00,0.25,0.19,182,834,28.80,-0.15,15.11,,,
May,10,23.50,0.35,0.35,295,1053,27.20,-0.22,21.89,,,
May,10,23.51,0.36,0.34,28,36,27.20,-0.22,22.20,,,
May,10,24.00,0.53,0.53,527,1460,25.80,-0.31,32.69,,,
May,10,24.01,0.51,0.53,40,28,24.90,-0.30,31.14,,,
May,10,24.50,0.73,0.59,45,879,23.40,-0.42,45.33,,,
May,10,25.00,1.06,0.98,102,538,23.10,-0.56,44.40,,,
May,10,25.50,1.43,1.32,35,180,21.10,-0.72,36.08,,,
Jun,10,22.50,0.32,0.41,68,208,27.30,-0.15,8.97,,,
Jun,10,23.50,0.54,0.56,9,413,24.50,-0.26,15.37,,,
Jun,10,24.00,0.71,0.73,63,214,23.30,-0.33,20.21,,,
Jun,10,24.50,0.93,0.95,23,404,22.30,-0.42,26.47,,,
Jun,10,25.00,1.21,1.22,11,177,21.50,-0.53,24.76,,,
Jun,10,25.50,1.55,1.46,6,164,21.00,-0.63,20.35,,,
Jun,10,26.00,1.95,2.37,20,591,20.30,-0.74,17.22,,,
Jun,10,27.00,2.86,2.75,4,79,20.10,-0.93,14.80,,,
Jul,10,19.00,0.09,0.08,59,119,32.80,-0.04,1.45,,,
Jul,10,19.50,0.13,0.09,12,-,32.70,-0.05,2.13,,,
Jul,10,20.50,0.19,0.16,7,8,30.10,-0.08,3.23,,,
Jul,10,23.00,0.57,0.55,10,114,24.80,-0.23,9.70,,,
Jul,10,23.50,0.72,0.72,1,21,23.90,-0.28,12.25,,,
Jul,10,24.00,0.91,0.93,10,36,23.20,-0.35,15.48,,,
Jul,10,24.50,1.14,1.11,11,11,22.70,-0.42,19.39,,,
Jul,10,25.00,1.40,1.34,15,24,22.00,-0.50,18.03,,,
Jul,10,26.00,2.15,2.00,1,31,23.10,-0.65,13.70,,,
Aug,10,24.00,1.06,1.05,75,20,23.70,-0.35,13.64,,,
Aug,10,24.50,1.27,0.97,20,1,22.80,-0.42,16.35,,,
Sep,10,21.00,0.39,0.36,5,43,27.80,-0.13,3.98,,,
Sep,10,25.00,1.67,1.60,15,425,23.00,-0.47,13.77,,,
Sep,10,25.50,1.96,1.90,10,86,22.60,-0.53,11.54,,,
Sep,10,26.00,2.28,2.15,6,59,22.20,-0.60,9.73,,,
Dec,10,21.00,0.73,0.68,30,498,27.50,-0.16,4.65,,,
Dec,10,22.00,1.00,0.95,5,383,26.50,-0.22,6.29,,,
Dec,10,22.50,1.16,1.10,15,193,26.20,-0.25,7.34,,,
Dec,10,23.00,1.35,1.28,10,241,25.90,-0.28,8.54,,,
Dec,10,24.50,2.02,2.02,4,309,25.10,-0.40,12.78,,,
Dec,10,26.00,2.88,5.50,17,43,24.30,-0.54,9.71,,,
Mar,11,20.00,0.73,0.70,1,67,28.50,-0.14,3.35,,,
May,11,18.00,0.55,0.54,5,71,30.40,-0.09,2.10,,,
Jun,11,25.00,2.81,2.39,3,160,24.80,-0.44,8.77,,,
Dec,11,22.00,1.99,2.58,4,159,27.00,-0.23,4.93,,,
ASX Ltd Last Sale Price $32.62,,,,,,,,,,,,
May,10,31.50,0.24,0.23,8,57,21.00,-0.23,11.19,,,
May,10,32.50,0.56,0.27,2,148,20.20,-0.44,26.34,,,
May,10,33.00,0.82,0.75,1,326,20.10,-0.56,20.75,,,
May,10,36.00,3.38,2.12,9,10,18.80,-1.00,-,,,
Jun,10,31.50,0.50,0.43,2,42,21.30,-0.29,10.76,,,
Jun,10,33.00,1.04,1.02,2,47,19.00,-0.52,14.20,,,
Jun,10,36.00,3.40,0.77,9,38,20.40,-0.96,0.54,,,
Dec,10,38.00,5.84,6.46,5,6,19.70,-0.95,2.18,,,
Jun,11,38.00,6.41,5.68,5,37,20.90,-0.79,2.77,,,
Alumina Ltd Last Sale Price $1.52,,,,,,,,,,,,
May,10,1.60,0.11,0.09,47,1222,40.20,-0.67,30.02,,,
May,10,1.70,0.20,0.15,2,1284,48.70,-0.80,15.01,,,
Jun,10,1.50,0.08,0.08,85,486,41.50,-0.42,36.94,,,
Jun,10,1.60,0.14,0.12,250,954,40.80,-0.59,25.40,,,
Jul,10,1.50,0.11,0.09,13,90,42.30,-0.41,28.98,,,
Aug,10,1.60,0.18,0.18,3,150,42.10,-0.52,20.88,,,
Oct,10,1.60,0.22,-,2,-,44.10,-0.48,18.21,,,
Dec,10,1.56,0.21,0.19,139,199,43.20,-0.44,17.45,,,
Dec,12,1.23,0.20,0.65,139,150,44.70,-0.21,5.12,,,
AXA Asia Pacific Last Sale Price $6.17,,,,,,,,,,,,
May,10,6.00,0.08,0.08,293,120,25.50,-0.30,19.72,,,
May,10,6.25,0.17,0.15,75,126,21.20,-0.57,22.18,,,
Jul,10,5.75,0.06,0.06,8,-,19.20,-0.18,4.08,,,
BHP Billiton Ltd Last Sale Price $38.59,,,,,,,,,,,,
May,10,34.00,0.24,0.24,76,373,43.90,-0.11,9.46,,,
May,10,34.50,0.27,0.25,14,214,41.70,-0.12,10.44,,,
May,10,35.00,0.34,0.34,120,508,41.40,-0.15,13.40,,,
May,10,36.00,0.51,0.47,296,493,39.60,-0.22,20.10,,,
May,10,36.50,0.60,0.60,35,297,38.30,-0.25,23.84,,,
May,10,37.00,0.72,0.72,489,1769,37.30,-0.30,28.57,,,
May,10,38.00,1.04,1.03,840,1049,35.30,-0.40,40.99,,,
May,10,38.50,1.24,1.25,318,728,34.30,-0.46,48.67,,,
May,10,39.00,1.46,1.46,332,803,33.30,-0.52,41.38,,,
May,10,39.50,1.73,1.72,195,1558,32.50,-0.58,32.12,,,
May,10,40.00,2.06,2.04,180,1474,32.80,-0.64,25.42,,,
May,10,40.50,2.40,2.25,21,2047,32.60,-0.70,19.31,,,
May,10,41.00,2.75,2.75,102,1424,31.80,-0.76,13.60,,,
May,10,41.01,2.75,2.01,2,64,32.10,-0.76,13.01,,,
May,10,41.50,3.15,3.08,103,821,31.20,-0.81,9.26,,,
May,10,42.00,3.63,3.47,18,2724,33.70,-0.83,8.47,,,
May,10,42.01,3.54,1.08,8,37,31.10,-0.86,4.93,,,
May,10,42.50,4.01,3.88,89,2936,30.90,-0.90,3.94,,,
May,10,43.00,4.52,4.42,51,1154,34.30,-0.90,4.34,,,
May,10,43.01,4.42,0.99,100,213,30.50,-0.94,0.20,,,
May,10,43.50,4.95,4.85,32,626,31.20,-0.96,1.38,,,
May,10,44.00,5.41,5.40,66,762,11.20,-1.00,-,,,
May,10,45.00,6.41,6.39,17,191,18.10,-1.00,-,,,
Jun,10,30.00,0.14,0.11,13,218,43.90,-0.05,2.55,,,
Jun,10,33.00,0.34,0.33,30,555,38.50,-0.11,6.09,,,
Jun,10,33.50,0.39,0.40,151,446,38.00,-0.13,7.09,,,
Jun,10,34.00,0.47,0.46,33,480,37.40,-0.15,8.46,,,
Jun,10,34.50,0.53,0.53,8,48,36.50,-0.17,9.64,,,
Jun,10,35.00,0.61,0.59,45,1128,35.50,-0.20,11.10,,,
Jun,10,35.50,0.72,0.63,53,146,35.30,-0.23,13.10,,,
Jun,10,36.00,0.83,0.84,47,484,34.50,-0.26,15.10,,,
Jun,10,36.50,0.94,0.95,40,157,33.50,-0.29,17.10,,,
Jun,10,37.00,1.11,1.09,116,2109,33.10,-0.32,20.10,,,
Jun,10,37.50,1.27,1.22,223,1819,32.60,-0.36,23.10,,,
Jun,10,38.00,1.45,1.46,358,4289,31.80,-0.40,26.28,,,
Jun,10,38.01,1.46,1.34,1,25,32.20,-0.41,26.47,,,
Jun,10,38.50,1.63,1.59,46,184,31.00,-0.45,29.65,,,
Jun,10,39.00,1.89,1.84,223,2384,30.90,-0.49,26.92,,,
Jun,10,39.50,2.14,1.90,7,345,30.40,-0.54,22.37,,,
Jun,10,40.00,2.42,2.41,77,2620,29.90,-0.59,18.46,,,
Jun,10,40.01,2.40,2.13,3,41,29.90,-0.59,17.73,,,
Jun,10,40.50,2.72,2.24,10,327,29.40,-0.64,14.73,,,
Jun,10,41.00,3.05,3.03,132,369,29.00,-0.68,11.64,,,
Jun,10,41.50,3.37,3.31,9,1103,27.90,-0.74,8.37,,,
Jun,10,42.00,3.75,3.76,79,1640,27.70,-0.78,6.18,,,
Jun,10,42.50,4.21,3.30,13,1959,28.70,-0.81,5.37,,,
Jun,10,43.00,4.71,4.64,41,2047,31.10,-0.82,5.55,,,
Jun,10,44.00,5.50,4.45,1,888,28.20,-0.92,1.64,,,
Jun,10,46.00,7.42,5.00,2,17,29.10,-1.00,-,,,
Jul,10,35.00,0.88,0.88,36,112,33.10,-0.22,9.57,,,
Jul,10,36.00,1.12,1.11,18,20,31.90,-0.27,12.12,,,
Jul,10,36.50,1.28,1.16,124,12,31.70,-0.30,13.92,,,
Jul,10,37.00,1.43,1.40,35,95,31.00,-0.33,15.49,,,
Jul,10,37.50,1.62,1.60,3,5,30.90,-0.37,17.56,,,
Jul,10,38.00,1.81,1.65,26,165,30.50,-0.40,19.73,,,
Jul,10,38.50,2.02,1.88,10,166,30.00,-0.44,21.91,,,
Jul,10,39.00,2.25,2.15,50,1321,29.50,-0.47,19.95,,,
Jul,10,39.50,2.49,2.32,6,63,29.20,-0.51,17.18,,,
Jul,10,40.00,2.76,2.25,30,170,28.80,-0.55,14.68,,,
Jul,10,41.00,3.37,2.70,35,345,28.30,-0.63,10.38,,,
Jul,10,42.00,4.04,2.58,18,62,27.70,-0.71,6.85,,,
Jul,10,42.50,4.41,4.15,2,22,27.40,-0.75,5.44,,,
Jul,10,43.50,5.20,5.05,20,3,27.00,-0.82,3.15,,,
Jul,10,45.00,6.50,4.65,1,41,26.50,-0.93,0.98,,,
Aug,10,39.50,2.74,2.20,5,96,29.00,-0.50,15.05,,,
Aug,10,40.00,3.00,2.84,1,94,28.70,-0.53,13.12,,,
Aug,10,41.00,3.59,1.24,3,15,28.20,-0.60,9.66,,,
Sep,10,30.00,0.55,0.19,5,145,37.70,-0.10,3.60,,,
Sep,10,33.00,0.94,0.90,11,46,33.70,-0.17,6.25,,,
Sep,10,35.00,1.39,1.40,209,377,31.80,-0.25,9.19,,,
Sep,10,37.00,2.06,2.00,71,610,30.60,-0.34,13.63,,,
Sep,10,37.50,2.25,1.82,348,18,30.20,-0.37,14.85,,,
Sep,10,38.00,2.42,2.41,38,868,29.50,-0.40,15.97,,,
Sep,10,39.00,3.06,2.75,8,356,30.90,-0.45,17.56,,,
Sep,10,40.00,3.41,2.84,5,202,28.50,-0.52,13.23,,,
Sep,10,40.01,3.40,3.30,3,4,28.80,-0.52,13.06,,,
Sep,10,42.00,4.63,3.84,22,465,27.50,-0.65,8.04,,,
Sep,10,43.50,5.68,2.52,2,42,27.10,-0.74,5.13,,,
Sep,10,46.00,7.59,3.32,3,75,24.40,-0.96,1.19,,,
Dec,10,21.00,0.06,0.12,4,786,37.60,-0.01,0.22,,,
Dec,10,26.00,0.35,0.35,3,563,37.20,-0.06,1.41,,,
Dec,10,28.00,0.57,0.59,2,527,36.50,-0.09,2.32,,,
Dec,10,30.00,0.82,0.78,4,282,34.70,-0.12,3.31,,,
Dec,10,32.00,1.15,1.05,5,122,32.90,-0.17,4.65,,,
Dec,10,35.00,1.91,1.73,1,206,31.00,-0.26,7.70,,,
Dec,10,36.00,2.23,2.22,5,470,30.60,-0.30,9.03,,,
Dec,10,37.00,2.63,2.62,445,353,30.10,-0.34,10.61,,,
Dec,10,38.00,3.01,3.00,6,793,29.50,-0.39,12.17,,,
Dec,10,39.00,3.50,3.35,13,348,29.20,-0.43,12.51,,,
Dec,10,40.00,4.01,3.51,7,455,28.80,-0.48,10.51,,,
Dec,10,43.50,6.17,3.25,2,19,27.60,-0.67,5.07,,,
Mar,11,32.00,1.56,1.49,10,50,32.50,-0.18,4.55,,,
Mar,11,36.00,2.73,2.60,3,192,30.20,-0.30,7.93,,,
Mar,11,40.00,4.48,4.25,1,38,28.60,-0.46,8.93,,,
Mar,11,40.50,4.78,-,2,-,28.60,-0.48,8.34,,,
Jun,11,32.00,1.94,1.94,4,58,32.50,-0.22,4.41,,,
Jun,11,34.00,2.56,2.51,70,162,31.80,-0.23,5.81,,,
Jun,11,38.00,4.01,3.85,2,22,29.80,-0.35,9.13,,,
Dec,11,29.00,1.86,1.83,1,458,34.30,-0.14,2.93,,,
Dec,11,38.00,4.67,3.92,20,74,29.60,-0.34,7.39,,,
Dec,11,40.00,5.62,5.25,10,189,28.90,-0.44,6.65,,,
Dec,11,42.00,6.74,5.95,20,236,28.60,-0.48,5.27,,,
Dec,12,35.00,4.44,4.28,1,85,31.10,-0.28,4.37,,,
Dec,13,38.00,7.76,10.69,20,18,36.20,-0.30,5.54,,,
Dec,13,50.00,13.22,13.00,1,10,28.00,-0.68,1.29,,,
Boral Ltd Last Sale Price $5.83,,,,,,,,,,,,
May,10,5.75,0.10,0.10,12,113,23.60,-0.38,24.78,,,
Jul,10,5.50,0.14,0.14,4,230,26.80,-0.27,10.07,,,
BlueScope Steel Last Sale Price $2.55,,,,,,,,,,,,
May,10,2.00,0.01,0.01,200,50,61.90,-0.05,5.37,,,
May,10,2.25,0.02,0.01,200,1393,46.90,-0.12,11.93,,,
May,10,2.50,0.07,0.07,15,625,37.80,-0.39,41.75,,,
May,10,2.75,0.22,0.22,44,913,34.50,-0.80,11.93,,,
May,10,3.25,0.70,0.66,10,27,59.50,-0.95,2.98,,,
Jun,10,2.25,0.04,0.03,70,288,38.80,-0.16,9.63,,,
Jun,10,2.75,0.25,0.23,47,742,34.20,-0.69,13.76,,,
Jul,10,2.50,0.13,0.13,41,88,33.60,-0.39,21.39,,,
Aug,10,2.50,0.15,0.15,25,78,33.50,-0.39,18.67,,,
Aug,10,2.75,0.30,0.20,20,90,34.40,-0.60,12.45,,,
Oct,10,2.44,0.17,0.14,2,-,34.80,-0.35,13.67,,,
Dec,10,2.44,0.20,0.19,75,103,36.40,-0.35,12.54,,,
Dec,10,2.63,0.30,0.28,7,162,36.60,-0.45,13.76,,,
Mar,11,3.00,0.58,0.58,4,40,36.40,-0.61,5.73,,,
Brambles Ltd Last Sale Price $7.45,,,,,,,,,,,,
May,10,6.00,0.01,0.01,10,60,47.80,-0.03,2.04,,,
May,10,6.50,0.03,0.02,5,140,40.10,-0.07,5.10,,,
May,10,6.75,0.04,0.04,280,558,37.30,-0.13,9.19,,,
May,10,7.00,0.09,0.07,292,166,35.10,-0.21,17.35,,,
May,10,7.25,0.14,0.12,12,471,30.80,-0.33,27.56,,,
May,10,7.50,0.23,0.20,240,49,28.10,-0.51,36.74,,,
Jun,10,6.56,0.06,0.07,54,97,33.20,-0.13,5.65,,,
Jun,10,6.81,0.09,0.09,148,856,30.60,-0.18,8.48,,,
Jun,10,7.05,0.14,0.09,60,1909,29.50,-0.27,13.66,,,
Jul,10,7.25,0.27,0.28,4,15,27.70,-0.36,15.20,,,
Jul,10,7.50,0.40,0.36,11,11,27.90,-0.46,19.43,,,
Aug,10,6.75,0.17,0.16,23,35,29.20,-0.22,7.24,,,
Aug,10,7.25,0.33,0.31,5,20,28.00,-0.37,13.85,,,
Dec,10,7.50,0.62,0.58,25,20,26.70,-0.43,11.93,,,
Mar,11,7.50,0.76,0.74,15,20,28.90,-0.41,10.70,,,
C'wlth Bank  of Aust  Last Sale Price $58.31,,,,,,,,,,,,
May,10,50.00,0.13,0.13,61,211,39.50,-0.05,3.39,,,
May,10,52.00,0.22,0.18,59,95,35.40,-0.09,5.61,,,
May,10,53.00,0.31,0.26,50,143,34.40,-0.12,8.09,,,
May,10,54.00,0.41,0.36,2,358,32.60,-0.15,10.56,,,
May,10,55.00,0.54,0.30,71,313,30.90,-0.20,14.08,,,
May,10,56.00,0.72,0.70,512,401,29.20,-0.26,18.91,,,
May,10,56.50,0.80,0.69,10,93,27.70,-0.30,20.87,,,
May,10,57.00,0.94,0.92,487,1119,26.90,-0.34,24.52,,,
May,10,57.01,0.93,0.80,20,5,26.80,-0.34,24.26,,,
May,10,57.50,1.11,1.10,176,27,26.50,-0.39,28.82,,,
May,10,58.00,1.25,1.20,61,606,25.10,-0.43,32.60,,,
May,10,58.50,1.47,1.50,54,20,24.50,-0.49,33.25,,,
May,10,59.00,1.70,1.55,36,128,23.90,-0.55,26.21,,,
May,10,59.50,1.95,1.74,9,14,22.90,-0.61,19.82,,,
May,10,60.00,2.29,2.17,24,140,23.00,-0.67,15.52,,,
May,10,61.00,3.02,2.70,16,11,23.00,-0.77,8.74,,,
Jun,10,45.00,0.09,0.09,7,317,38.50,-0.03,1.08,,,
Jun,10,54.00,0.65,0.52,2,169,26.90,-0.19,7.82,,,
Jun,10,55.00,0.87,0.76,24,381,26.50,-0.24,10.47,,,
Jun,10,56.00,1.06,0.93,9,302,24.90,-0.29,12.76,,,
Jun,10,57.00,1.38,1.37,38,178,24.40,-0.36,16.61,,,
Jun,10,58.00,1.77,1.75,30,520,23.80,-0.43,21.31,,,
Jun,10,60.00,2.67,2.65,5,63,21.50,-0.60,11.86,,,
Jul,10,51.00,0.58,0.48,10,93,28.60,-0.13,4.17,,,
Jul,10,52.00,0.76,0.54,7,92,28.40,-0.16,5.43,,,
Jul,10,53.00,0.85,0.81,21,386,26.80,-0.19,6.15,,,
Jul,10,55.00,1.26,1.25,25,122,25.30,-0.26,9.07,,,
Jul,10,56.00,1.53,1.24,103,42,24.60,-0.31,11.01,,,
Jul,10,57.00,1.81,1.72,3,18,23.70,-0.36,13.06,,,
Jul,10,58.00,2.18,2.04,6,66,22.90,-0.42,15.69,,,
Aug,10,51.00,0.94,0.93,1,35,27.00,-0.14,5.12,,,
Aug,10,55.00,1.91,1.52,30,6,24.70,-0.27,10.37,,,
Sep,10,46.00,0.51,0.41,11,281,30.10,-0.07,2.21,,,
Sep,10,47.00,0.60,0.48,10,13,29.60,-0.09,2.65,,,
Sep,10,54.00,1.95,1.57,7,41,25.80,-0.25,8.51,,,
Sep,10,56.00,2.62,2.16,7,208,24.80,-0.33,11.45,,,
Sep,10,57.00,3.00,2.53,2,114,24.30,-0.37,13.13,,,
Dec,10,54.00,2.66,2.22,3,57,25.80,-0.27,7.12,,,
Mar,11,55.00,3.91,3.80,1,46,25.70,-0.30,7.53,,,
Mar,11,59.00,5.64,-,50,25,24.50,-0.43,9.53,,,
Dec,11,53.00,4.85,-,9,-,26.70,-0.30,5.08,,,
Dec,11,59.00,7.46,23.88,6,56,25.50,-0.43,7.09,,,
Coca-Cola Amatil Last Sale Price $11.22,,,,,,,,,,,,
Jun,10,10.50,0.06,0.13,100,117,18.50,-0.14,3.44,,,
Computershare Ltd Last Sale Price $12.00,,,,,,,,,,,,
Jul,10,12.00,0.50,0.51,3,6,23.70,-0.44,17.31,,,
Aug,10,9.50,0.07,0.08,10,10,31.70,-0.07,1.98,,,
CSL Ltd Last Sale Price $33.36,,,,,,,,,,,,
May,10,31.00,0.13,0.10,10,272,26.00,-0.11,5.93,,,
May,10,31.50,0.19,0.16,5,375,24.90,-0.16,8.43,,,
May,10,32.00,0.28,0.28,20,467,24.70,-0.22,12.99,,,
May,10,32.50,0.39,0.33,24,510,23.20,-0.30,17.55,,,
May,10,33.00,0.57,0.57,14,75,23.40,-0.40,26.21,,,
May,10,33.50,0.79,0.78,5,118,22.40,-0.50,29.40,,,
May,10,34.00,1.09,1.05,23,101,22.80,-0.60,20.29,,,
May,10,35.00,1.79,1.64,2,213,22.20,-0.80,7.07,,,
Jun,10,29.50,0.12,0.12,3,100,25.20,-0.08,2.42,,,
Jun,10,31.50,0.39,0.37,253,709,23.20,-0.22,8.10,,,
Jun,10,32.00,0.51,0.70,4,544,22.80,-0.27,10.73,,,
Jun,10,32.50,0.67,0.65,254,754,22.60,-0.33,14.10,,,
Jun,10,33.50,1.07,0.98,5,58,21.90,-0.48,19.57,,,
Jun,10,34.00,1.36,1.34,6,259,22.10,-0.55,15.04,,,
Jul,10,31.50,0.61,0.63,3,6,23.00,-0.25,7.67,,,
Jul,10,32.00,0.77,0.76,1,45,23.00,-0.30,9.68,,,
Jul,10,32.50,0.94,0.86,8,21,22.70,-0.35,11.76,,,
Jul,10,33.00,1.12,-,1,32,22.20,-0.40,14.09,,,
Sep,10,30.00,0.63,0.71,3,7,24.30,-0.18,4.82,,,
Sep,10,32.50,1.39,1.36,1,36,22.90,-0.36,10.60,,,
Dec,10,33.00,2.04,-,2,4,23.10,-0.39,9.54,,,
Dec,10,34.00,2.50,1.45,11,5,22.60,-0.46,8.72,,,
Dec,10,38.00,5.13,5.13,1,92,22.10,-0.79,2.27,,,
Aug,11,36.67,4.85,4.85,2,30,23.30,-0.60,3.52,,,
CSR Ltd Last Sale Price $1.75,,,,,,,,,,,,
Mar,11,1.90,0.29,0.29,15,-,32.80,-0.52,8.98,,,
David Jones Ltd Last Sale Price $4.65,,,,,,,,,,,,
May,10,4.50,0.10,0.12,15,1718,35.90,-0.33,31.07,,,
May,10,4.75,0.20,0.23,100,463,33.40,-0.57,34.34,,,
Jun,10,4.75,0.25,0.22,20,70,29.70,-0.53,22.64,,,
Foster's Grp Last Sale Price $5.49,,,,,,,,,,,,
Jun,10,5.25,0.04,0.07,5,2134,17.20,-0.20,5.75,,,
Sep,10,5.00,0.09,0.09,250,3270,19.10,-0.16,4.18,,,
Fortescue Metals Grp Last Sale Price $4.06,,,,,,,,,,,,
May,10,3.75,0.07,0.04,60,-,50.30,-0.24,28.09,,,
May,10,4.00,0.15,0.14,36,69,45.70,-0.42,56.19,,,
May,10,4.25,0.29,0.20,14,83,46.20,-0.62,39.33,,,
May,10,4.50,0.48,0.33,150,195,45.40,-0.80,14.98,,,
May,10,4.75,0.69,0.41,48,389,36.90,-0.98,-,,,
May,10,5.00,0.94,0.85,15,418,50.90,-0.96,1.87,,,
Jun,10,3.00,0.02,-,85,-,54.00,-0.05,3.46,,,
Jun,10,3.25,0.04,-,85,-,53.50,-0.11,7.78,,,
Jun,10,3.50,0.10,0.08,80,130,53.00,-0.19,16.42,,,
Jun,10,3.75,0.14,0.15,45,137,47.90,-0.28,25.07,,,
Jun,10,4.00,0.24,0.14,11,250,46.50,-0.42,41.49,,,
Jun,10,4.25,0.39,0.37,46,155,47.80,-0.55,33.71,,,
Jun,10,4.50,0.54,0.34,10,187,44.60,-0.70,17.29,,,
Jul,10,4.25,0.44,0.17,300,306,44.90,-0.52,25.83,,,
Jul,10,4.75,0.80,0.76,20,23,45.30,-0.72,10.85,,,
Aug,10,4.00,0.35,0.16,350,15,45.90,-0.41,27.75,,,
Aug,10,4.75,0.82,-,18,10,43.90,-0.69,10.16,,,
Sep,10,4.00,0.40,0.34,6,90,45.70,-0.40,24.83,,,
Fairfax Media Ltd Last Sale Price $1.74,,,,,,,,,,,,
May,10,1.80,0.08,0.08,50,51,27.70,-0.66,17.48,,,
GPT Grp Last Sale Price $0.58,,,,,,,,,,,,
May,10,0.60,0.03,0.03,10,166,2.00,-1.00,26.00,,,
Jun,10,0.80,0.23,0.23,20,135,66.30,-0.88,18.00,,,
Insurance Aust Grp Last Sale Price $3.87,,,,,,,,,,,,
Dec,10,3.75,0.21,0.22,4,20,23.70,-0.35,8.46,,,
Mar,11,3.25,0.11,0.11,3,13,25.20,-0.15,3.05,,,
Mar,11,4.00,0.40,0.41,3,6,23.60,-0.47,7.69,,,
Incitec Pivot Last Sale Price $3.08,,,,,,,,,,,,
May,10,3.00,0.09,0.09,32,529,38.20,-0.36,41.97,,,
May,10,3.50,0.45,0.42,8,573,38.00,-0.92,12.34,,,
Aug,10,2.75,0.10,0.10,10,35,35.80,-0.23,10.30,,,
James Hardie Ind Last Sale Price $7.98,,,,,,,,,,,,
May,10,7.25,0.04,0.04,11,59,32.40,-0.10,6.67,,,
May,10,8.00,0.22,0.22,10,10,26.80,-0.48,37.16,,,
Dec,10,8.25,0.93,0.92,15,20,34.80,-0.46,12.80,,,
Leighton Hldgs Last Sale Price $36.19,,,,,,,,,,,,
May,10,34.50,0.38,0.25,5,51,29.00,-0.23,15.76,,,
May,10,35.50,0.67,0.64,75,61,28.20,-0.36,28.16,,,
May,10,36.00,0.87,0.75,3,149,27.60,-0.44,36.56,,,
May,10,36.50,1.13,1.06,61,143,27.70,-0.52,34.46,,,
Jun,10,35.50,1.06,-,53,-,27.40,-0.38,20.56,,,
Jun,10,36.50,1.50,1.42,10,7,26.40,-0.49,22.98,,,
Jun,10,38.00,2.36,1.37,2,11,25.10,-0.67,10.57,,,
Jun,10,39.00,3.11,3.07,5,310,25.10,-0.78,5.72,,,
Dec,10,31.01,1.06,1.05,1,-,29.20,-0.18,4.59,,,
Dec,10,36.00,2.94,2.88,2,2,28.20,-0.40,12.67,,,
Lihir Gold Ltd Last Sale Price $3.79,,,,,,,,,,,,
May,10,3.00,0.01,0.01,10,2063,50.80,-0.03,2.01,,,
May,10,3.50,0.03,0.03,552,2725,33.50,-0.15,10.03,,,
May,10,3.75,0.08,0.09,1318,8312,27.60,-0.41,32.10,,,
May,10,4.00,0.23,0.20,98,1163,27.50,-0.77,10.03,,,
Jun,10,3.00,0.01,0.01,30,2077,37.00,-0.03,1.48,,,
Jun,10,3.25,0.02,0.02,156,517,33.40,-0.09,3.70,,,
Jun,10,3.50,0.06,0.06,219,3630,31.40,-0.21,11.11,,,
Jun,10,3.75,0.14,0.13,120,1826,28.90,-0.42,25.00,,,
Jun,10,4.00,0.27,0.25,60,1436,27.20,-0.67,11.11,,,
Jul,10,3.00,0.02,0.02,100,214,34.60,-0.06,2.21,,,
Jul,10,3.50,0.10,0.10,14,220,30.90,-0.25,10.52,,,
Jul,10,3.75,0.18,0.16,90,112,29.40,-0.41,19.93,,,
Aug,10,4.25,0.53,0.48,50,55,30.20,-0.72,5.86,,,
Sep,10,2.75,0.01,0.03,70,279,33.80,-0.04,1.01,,,
Dec,10,3.50,0.22,0.20,50,646,32.30,-0.29,8.85,,,
Dec,10,3.75,0.30,0.28,20,418,30.50,-0.40,12.55,,,
Aug,11,3.00,0.13,0.12,10,623,29.90,-0.15,2.61,,,
Dec,12,2.25,0.07,0.45,70,76,32.00,-0.07,0.75,,,
Lend Lease Grp Last Sale Price $8.45,,,,,,,,,,,,
May,10,8.22,0.12,0.11,50,118,26.60,-0.31,21.60,,,
May,10,8.46,0.20,0.20,29,363,24.20,-0.48,34.20,,,
May,10,8.95,0.55,0.50,25,110,26.30,-0.80,8.10,,,
Jun,10,8.22,0.20,0.20,12,46,26.30,-0.35,17.03,,,
MAP Grp Last Sale Price $3.20,,,,,,,,,,,,
May,10,3.21,0.07,0.06,10,120,23.00,-0.49,30.89,,,
Macq Grp Ltd Last Sale Price $48.90,,,,,,,,,,,,
May,10,45.00,0.34,0.36,23,337,28.90,-0.11,10.57,,,
May,10,47.00,0.83,0.85,27,330,26.80,-0.25,25.81,,,
May,10,48.00,1.25,1.27,29,445,26.20,-0.36,38.88,,,
May,10,50.00,2.48,2.62,26,167,25.00,-0.61,42.76,,,
May,10,51.50,3.71,3.10,2,18,24.70,-0.79,34.37,,,
May,10,52.00,4.17,4.10,6,77,25.30,-0.83,33.28,,,
May,10,54.00,6.08,5.74,4,6,24.60,-0.99,30.32,,,
May,10,55.00,7.06,6.92,2,49,21.10,-1.00,29.86,,,
Jun,10,37.50,0.01,0.07,5,5,28.80,-,0.22,,,
Jun,10,46.00,1.09,1.11,4,267,28.40,-0.24,15.57,,,
Jun,10,47.00,1.46,1.38,6,157,28.10,-0.31,20.89,,,
Jun,10,48.00,1.90,1.82,6,113,27.60,-0.38,27.20,,,
Jun,10,49.00,2.40,2.21,2,70,27.00,-0.46,33.01,,,
Jun,10,51.00,3.69,3.38,3,81,26.30,-0.63,22.90,,,
Jul,10,46.00,1.68,-,20,3,29.70,-0.28,14.41,,,
Jul,10,47.00,2.05,1.37,20,34,29.10,-0.33,17.59,,,
Jul,10,50.00,3.55,3.95,2,20,27.80,-0.51,21.02,,,
Jul,10,54.00,6.49,5.96,2,2,27.40,-0.76,11.88,,,
Aug,10,53.00,6.05,5.50,2,-,29.40,-0.65,12.69,,,
Sep,10,49.00,3.81,3.67,11,41,30.20,-0.43,19.37,,,
Nov,13,25.00,1.54,2.80,1,2,36.20,-0.06,0.88,,,
National Aust Bank Last Sale Price $27.71,,,,,,,,,,,,
May,10,25.00,0.14,0.11,10,428,35.40,-0.11,7.41,,,
May,10,26.00,0.22,0.18,9,910,30.50,-0.18,12.07,,,
May,10,27.00,0.44,0.41,50,245,27.80,-0.33,23.87,,,
May,10,27.50,0.61,0.56,7,943,26.90,-0.42,33.75,,,
May,10,28.00,0.83,0.79,19,532,25.80,-0.53,29.91,,,
May,10,28.01,0.82,0.69,12,38,25.50,-0.54,28.81,,,
May,10,28.50,1.09,0.92,5,291,23.60,-0.66,16.47,,,
May,10,29.00,1.47,1.07,3,93,23.80,-0.76,9.60,,,
Jun,10,25.00,0.38,0.25,20,816,29.40,-0.14,9.63,,,
Jun,10,25.01,0.38,-,23,-,29.30,-0.15,9.50,,,
Jun,10,26.00,0.62,0.51,35,977,27.70,-0.23,15.71,,,
Jun,10,26.50,0.78,0.72,149,846,26.70,-0.29,19.76,,,
Jun,10,27.00,0.96,1.02,6,429,25.60,-0.35,24.44,,,
Jun,10,28.00,1.50,1.50,411,1271,24.70,-0.50,30.78,,,
Jun,10,29.00,2.19,1.89,2,314,23.50,-0.67,22.80,,,
Jun,10,29.01,2.17,1.94,1,2,23.40,-0.67,21.91,,,
Jun,10,32.00,4.92,6.51,5,549,24.70,-1.00,16.09,,,
Jul,10,26.00,0.82,0.80,10,125,26.40,-0.26,12.49,,,
Jul,10,26.50,1.00,0.95,5,4,25.70,-0.31,15.06,,,
Jul,10,27.00,1.20,1.18,10,96,25.10,-0.36,18.09,,,
Aug,10,25.00,0.69,0.68,50,3,27.40,-0.20,7.90,,,
Sep,10,26.00,1.11,0.86,3,212,26.30,-0.28,10.22,,,
Sep,10,26.50,1.30,1.10,100,202,25.80,-0.32,11.97,,,
Sep,10,27.50,1.73,1.15,68,70,24.70,-0.41,15.89,,,
Sep,10,28.50,2.24,1.61,100,96,23.50,-0.51,13.36,,,
Sep,10,30.00,3.27,3.69,3,35,22.60,-0.69,9.03,,,
Nov,10,31.50,4.91,-,5,-,23.00,-0.78,7.13,,,
Dec,10,25.00,1.33,1.12,8,398,26.70,-0.23,7.49,,,
Dec,10,31.00,4.73,4.43,1,108,25.00,-0.68,8.11,,,
Dec,10,32.00,5.51,5.20,1,59,25.00,-0.76,6.90,,,
Dec,10,35.00,8.09,7.91,1,96,25.00,-1.00,4.50,,,
Mar,11,26.50,2.18,2.23,5,3,24.80,-0.32,8.84,,,
Newcrest Min Last Sale Price $30.69,,,,,,,,,,,,
May,10,27.50,0.13,0.14,4,288,35.10,-0.09,6.19,,,
May,10,28.50,0.25,-,3,98,33.70,-0.17,12.39,,,
May,10,29.00,0.38,0.38,31,256,34.30,-0.23,18.58,,,
May,10,29.50,0.52,0.44,25,156,34.00,-0.29,25.52,,,
May,10,30.00,0.67,0.70,85,416,33.00,-0.36,33.20,,,
May,10,30.50,0.93,0.95,35,111,34.40,-0.44,46.09,,,
May,10,31.00,1.17,1.18,70,553,33.80,-0.52,42.62,,,
May,10,31.50,1.45,1.26,36,364,33.30,-0.59,31.71,,,
May,10,32.00,1.78,1.68,29,878,33.50,-0.67,23.54,,,
May,10,32.50,2.17,2.10,18,269,34.10,-0.73,17.59,,,
May,10,33.00,2.60,2.34,12,341,35.70,-0.78,14.12,,,
May,10,33.50,3.01,1.18,6,338,35.90,-0.82,9.91,,,
May,10,34.00,3.48,1.63,22,623,37.90,-0.85,8.42,,,
May,10,35.00,4.37,3.34,15,256,36.90,-0.93,2.97,,,
May,10,35.50,4.84,3.61,10,148,36.60,-0.96,1.49,,,
May,10,36.00,5.32,3.06,3,21,36.40,-0.99,0.50,,,
Jun,10,28.00,0.46,0.46,38,68,33.50,-0.20,10.52,,,
Jun,10,29.00,0.71,0.72,66,232,32.70,-0.28,16.24,,,
Jun,10,29.50,0.90,0.83,14,78,33.00,-0.33,20.58,,,
Jun,10,30.00,1.09,0.92,101,445,32.70,-0.38,24.82,,,
Jun,10,30.50,1.34,1.34,14,37,33.00,-0.43,30.53,,,
Jun,10,31.00,1.58,1.61,90,128,32.70,-0.49,29.05,,,
Jun,10,31.50,1.88,1.72,15,56,33.10,-0.54,24.36,,,
Jun,10,32.00,2.17,2.03,18,796,32.70,-0.60,19.67,,,
Jun,10,33.00,2.88,2.91,3,147,33.20,-0.69,12.92,,,
Jun,10,33.50,3.23,3.20,10,249,32.60,-0.74,9.72,,,
Jun,10,35.00,4.51,4.37,17,224,34.00,-0.85,4.69,,,
Jun,10,35.50,4.96,2.86,3,79,34.40,-0.88,3.55,,,
Jul,10,28.00,0.75,0.70,26,-,33.10,-0.23,10.25,,,
Jul,10,29.00,1.10,0.93,13,4,33.30,-0.31,14.97,,,
Jul,10,30.00,1.45,1.35,30,143,32.20,-0.39,19.75,,,
Jul,10,30.50,1.67,1.65,917,125,32.00,-0.43,22.76,,,
Jul,10,31.00,1.90,1.75,8,4,31.60,-0.47,21.67,,,
Jul,10,31.50,2.17,1.97,8,4,31.60,-0.51,18.59,,,
Jul,10,32.00,2.48,1.79,3,12,31.60,-0.56,15.93,,,
Jul,10,33.00,3.15,1.87,3,9,32.00,-0.64,11.55,,,
Jul,10,34.00,3.90,2.46,752,758,32.50,-0.71,8.13,,,
Jul,10,35.50,5.12,3.02,10,552,32.60,-0.81,4.17,,,
Sep,10,30.00,1.96,1.05,20,11,33.30,-0.38,16.30,,,
Dec,10,16.64,0.04,0.03,73,20,37.10,-0.01,0.18,,,
Dec,10,30.97,3.04,2.90,5,20,33.80,-0.43,14.00,,,
Dec,11,22.00,1.20,1.18,3,4,36.10,-0.13,2.39,,,
News Corp Last Sale Price $19.80,,,,,,,,,,,,
Jun,10,17.00,0.09,0.09,32,180,31.60,-0.08,3.19,,,
Jun,10,18.00,0.18,0.16,7,211,28.20,-0.15,6.38,,,
Jun,10,19.00,0.42,0.42,4,233,27.40,-0.30,14.89,,,
Jul,10,19.00,0.56,0.60,5,13,26.00,-0.32,11.97,,,
Sep,10,15.50,0.13,0.11,5,5,30.20,-0.07,1.61,,,
Sep,10,16.00,0.17,0.15,5,270,29.70,-0.09,2.26,,,
Dec,10,16.00,0.36,0.40,10,99,30.20,-0.13,2.84,,,
Origin Energy Last Sale Price $15.56,,,,,,,,,,,,
May,10,15.00,0.10,0.06,53,209,20.50,-0.21,9.77,,,
May,10,15.50,0.24,0.25,13,115,18.40,-0.43,23.46,,,
May,10,16.00,0.54,0.28,60,281,18.00,-0.72,9.29,,,
May,10,16.50,0.94,0.46,7,264,2.00,-1.00,-,,,
May,10,17.00,1.44,0.50,12,161,2.00,-1.00,-,,,
Jun,10,15.00,0.22,0.14,20,36,20.80,-0.27,9.92,,,
Jun,10,15.50,0.40,0.43,27,62,19.90,-0.43,17.82,,,
Jun,10,16.00,0.65,0.63,8,101,19.00,-0.62,9.47,,,
Jul,10,15.00,0.34,0.30,1,11,21.30,-0.30,9.17,,,
Jul,10,15.50,0.52,0.54,113,46,20.30,-0.43,13.89,,,
Jul,10,16.00,0.77,0.66,8,45,19.70,-0.57,8.76,,,
Jul,10,17.00,1.49,-,12,10,18.90,-0.87,1.35,,,
Aug,10,16.00,0.89,0.79,6,1,18.40,-0.56,9.18,,,
Sep,10,16.00,1.03,0.93,28,33,20.70,-0.53,9.76,,,
Dec,12,14.00,1.37,1.36,3,-,25.70,-0.27,3.34,,,
Orica Ltd Last Sale Price $27.20,,,,,,,,,,,,
May,10,26.00,0.31,0.32,20,58,24.70,-0.21,17.33,,,
May,10,27.00,0.75,0.64,1,86,25.10,-0.42,41.93,,,
May,10,29.00,2.29,2.23,10,10,29.40,-0.80,27.68,,,
Jul,10,29.00,2.51,2.48,10,-,23.60,-0.68,10.95,,,
Sep,10,21.00,0.13,0.13,2,19,28.50,-0.05,1.22,,,
Sep,10,21.50,0.17,0.17,2,5,28.00,-0.06,1.55,,,
Dec,10,27.50,2.47,-,1,-,26.10,-0.44,12.44,,,
Oil Search Ltd Last Sale Price $5.88,,,,,,,,,,,,
May,10,5.75,0.08,0.08,12,597,24.40,-0.33,20.69,,,
May,10,6.00,0.20,0.19,36,966,24.00,-0.60,21.98,,,
Jul,10,5.75,0.21,0.20,10,18,25.90,-0.37,14.98,,,
Jul,10,6.00,0.33,0.42,2,5,25.50,-0.51,14.98,,,
Aug,10,5.50,0.17,0.16,10,40,27.60,-0.27,9.18,,,
Dec,10,5.50,0.31,0.30,15,250,29.20,-0.30,8.22,,,
Dec,10,5.75,0.41,0.40,1,13,28.60,-0.37,10.74,,,
OneSteel Ltd Last Sale Price $3.31,,,,,,,,,,,,
May,10,3.50,0.23,0.15,10,228,36.80,-0.70,20.68,,,
Jun,10,3.50,0.28,0.15,50,163,36.00,-0.62,19.09,,,
Jun,10,3.75,0.47,0.39,2,189,36.20,-0.81,7.42,,,
OZ Minerals Last Sale Price $1.08,,,,,,,,,,,,
May,10,1.10,0.06,0.06,716,960,41.90,-0.56,49.52,,,
May,10,1.20,0.13,0.10,10,4038,33.40,-0.91,7.07,,,
May,10,1.30,0.23,0.23,12,436,64.60,-0.87,14.15,,,
Jun,10,1.10,0.07,0.07,95,281,33.90,-0.53,26.12,,,
Jun,10,1.20,0.14,0.14,26,449,40.10,-0.74,13.06,,,
Jul,10,1.10,0.09,0.06,20,4,36.80,-0.49,23.42,,,
Aug,10,1.10,0.09,0.08,20,150,35.60,-0.48,19.19,,,
Qantas Airways Last Sale Price $2.72,,,,,,,,,,,,
May,10,2.75,0.08,0.09,55,814,25.40,-0.54,27.96,,,
May,10,3.00,0.28,0.29,10,394,2.00,-1.00,-,,,
Jun,10,2.25,0.01,0.06,100,210,34.50,-0.06,2.32,,,
Jun,10,2.50,0.03,0.02,100,510,27.60,-0.17,7.74,,,
Jun,10,2.75,0.12,0.12,195,740,27.50,-0.50,23.23,,,
Jul,10,2.75,0.14,0.14,54,142,26.90,-0.48,17.74,,,
QBE Insurance Grp Last Sale Price $21.48,,,,,,,,,,,,
May,10,20.00,0.06,0.06,2,784,23.20,-0.09,4.25,,,
May,10,21.00,0.23,0.22,49,605,21.00,-0.30,16.28,,,
May,10,21.50,0.38,0.36,16,457,18.30,-0.47,25.49,,,
Jun,10,19.50,0.12,0.17,18,219,24.30,-0.12,3.92,,,
Jun,10,20.00,0.17,0.16,3,914,22.30,-0.16,5.39,,,
Jun,10,21.00,0.41,0.40,75,809,21.30,-0.34,13.56,,,
Jun,10,22.50,1.18,1.12,4,198,18.70,-0.73,5.23,,,
Jul,10,21.00,0.59,0.60,6,141,21.80,-0.36,11.62,,,
Jul,10,21.01,0.57,0.63,10,12,21.40,-0.36,11.13,,,
Aug,10,20.00,0.59,0.58,45,63,23.80,-0.24,8.79,,,
Sep,10,17.00,0.17,0.16,15,30,28.80,-0.07,2.08,,,
Sep,10,21.50,1.34,1.35,10,131,22.90,-0.43,15.69,,,
Dec,10,20.50,1.23,1.82,50,51,25.00,-0.32,8.90,,,
Dec,10,21.50,1.68,1.69,5,81,24.30,-0.42,12.02,,,
Dec,10,26.00,4.94,4.92,2,6,23.20,-0.95,3.05,,,
Dec,10,27.00,5.86,5.91,1,24,23.60,-1.00,2.43,,,
Rio Tinto Ltd Last Sale Price $67.06,,,,,,,,,,,,
May,10,52.04,0.07,0.09,20,41,52.40,-0.02,1.70,,,
May,10,54.41,0.14,0.09,5,2,50.20,-0.04,3.29,,,
May,10,56.77,0.27,0.33,61,12,48.00,-0.07,6.01,,,
May,10,58.35,0.41,0.47,38,346,46.80,-0.10,9.18,,,
May,10,59.93,0.58,0.68,89,154,45.30,-0.14,13.27,,,
May,10,61.50,0.78,0.70,42,17,42.80,-0.19,17.69,,,
May,10,62.29,0.97,1.18,12,40,42.70,-0.22,22.00,,,
May,10,63.86,1.43,1.45,15,545,42.60,-0.29,32.32,,,
May,10,64.66,1.65,1.80,57,379,41.50,-0.33,37.31,,,
May,10,65.45,1.88,2.15,18,324,40.30,-0.37,42.64,,,
May,10,66.24,2.19,2.45,29,130,39.70,-0.42,49.67,,,
May,10,67.03,2.56,2.97,89,89,39.60,-0.47,57.94,,,
May,10,67.81,3.00,3.25,33,169,39.80,-0.51,51.03,,,
May,10,68.60,3.38,3.08,6,386,38.80,-0.56,41.73,,,
May,10,69.39,3.81,4.08,18,169,37.70,-0.61,33.45,,,
May,10,70.97,4.87,5.40,21,394,37.20,-0.71,21.66,,,
May,10,71.75,5.42,5.80,5,90,36.40,-0.75,16.67,,,
May,10,72.54,6.14,6.63,26,287,38.20,-0.78,14.97,,,
May,10,73.33,6.79,7.00,72,338,38.10,-0.81,11.68,,,
May,10,74.12,7.27,5.34,13,497,33.10,-0.89,4.76,,,
May,10,74.91,8.06,7.70,45,244,35.40,-0.90,4.76,,,
May,10,75.70,8.84,9.30,51,563,37.40,-0.91,4.54,,,
May,10,77.27,10.35,10.85,67,605,39.40,-0.93,3.06,,,
May,10,78.06,11.07,5.25,1,59,38.70,-0.96,1.70,,,
May,10,78.85,11.82,11.80,20,526,37.90,-0.98,0.79,,,
May,10,80.43,13.41,13.66,6,138,41.70,-0.98,0.91,,,
May,10,81.22,14.16,11.55,4,59,2.00,-1.00,-,,,
May,10,85.16,18.10,-,1,5,2.00,-1.00,-,,,
May,10,88.31,21.25,-,5,-,2.00,-1.00,-,,,
Jun,10,55.98,0.64,0.50,22,56,43.70,-0.11,6.65,,,
Jun,10,56.77,0.72,0.69,2,8,43.20,-0.12,7.59,,,
Jun,10,58.35,0.95,1.06,10,7,42.20,-0.16,10.00,,,
Jun,10,59.14,1.03,1.10,8,37,40.90,-0.17,10.78,,,
Jun,10,59.93,1.17,1.29,5,81,40.20,-0.19,12.25,,,
Jun,10,60.72,1.38,1.47,223,723,40.30,-0.22,14.39,,,
Jun,10,61.50,1.50,1.36,25,68,39.20,-0.24,15.75,,,
Jun,10,62.29,1.70,1.63,36,112,38.50,-0.26,17.79,,,
Jun,10,63.08,1.95,2.15,28,1070,38.50,-0.29,20.36,,,
Jun,10,64.66,2.52,2.69,12,635,38.20,-0.35,26.38,,,
Jun,10,66.24,3.12,3.20,33,393,37.00,-0.42,32.60,,,
Jun,10,67.02,3.40,3.75,24,1023,36.10,-0.45,35.54,,,
Jun,10,67.81,3.83,3.94,35,459,36.20,-0.49,32.24,,,
Jun,10,69.39,4.67,4.92,25,311,35.40,-0.56,24.49,,,
Jun,10,70.97,5.64,4.16,5,745,34.90,-0.63,18.11,,,
Jun,10,72.54,6.71,5.00,13,1692,34.40,-0.70,12.87,,,
Jun,10,75.70,9.23,9.68,6,554,34.40,-0.82,6.23,,,
Jun,10,77.27,10.56,6.20,1,67,33.90,-0.87,3.66,,,
Jun,10,78.85,12.04,12.56,1,55,35.00,-0.90,2.56,,,
Jun,10,85.16,18.10,11.95,2,2,35.80,-1.00,-,,,
Jun,10,88.31,21.25,-,6,1,36.20,-1.00,-,,,
Jul,10,55.98,0.98,0.70,4,40,39.50,-0.14,6.16,,,
Jul,10,56.77,1.13,0.98,4,7,39.30,-0.15,7.04,,,
Jul,10,57.56,1.26,1.12,21,20,39.10,-0.17,7.88,,,
Jul,10,59.14,1.62,-,4,30,38.60,-0.20,10.14,,,
Jul,10,59.93,1.80,1.87,10,30,38.40,-0.22,11.26,,,
Jul,10,64.66,3.17,2.39,4,36,35.60,-0.36,19.80,,,
Jul,10,66.24,3.85,3.58,3,34,35.20,-0.41,24.09,,,
Jul,10,67.81,4.56,4.85,7,60,34.50,-0.47,23.84,,,
Jul,10,69.39,5.39,4.65,3,27,34.10,-0.53,19.14,,,
Jul,10,72.54,7.35,7.45,20,57,33.30,-0.64,11.70,,,
Jul,10,75.70,9.66,10.00,12,69,32.80,-0.75,6.38,,,
Jul,10,77.27,10.95,6.07,2,61,32.80,-0.80,4.60,,,
Jul,10,78.06,11.43,6.56,1,2,30.60,-0.85,2.69,,,
Jul,10,78.85,12.13,5.32,1,13,30.60,-0.88,2.13,,,
Aug,10,66.24,4.52,4.63,2,15,35.80,-0.41,21.39,,,
Aug,10,67.81,5.32,4.29,5,2,35.80,-0.46,21.61,,,
Aug,10,70.97,7.03,5.80,13,17,34.80,-0.56,14.74,,,
Aug,10,74.12,9.14,7.64,10,12,34.80,-0.65,9.84,,,
Sep,10,44.16,0.38,0.38,2,6,44.70,-0.04,1.45,,,
Sep,10,55.98,1.83,1.75,7,5,39.80,-0.18,6.95,,,
Sep,10,59.93,2.77,2.50,2,150,38.10,-0.25,10.54,,,
Sep,10,60.72,2.91,2.25,5,146,37.30,-0.27,11.08,,,
Sep,10,61.50,3.17,3.29,1,51,37.10,-0.28,12.05,,,
Sep,10,62.29,3.44,1.60,1,62,36.80,-0.30,13.11,,,
Sep,10,63.08,3.81,-,13,31,37.20,-0.32,14.48,,,
Sep,10,69.39,6.61,6.35,11,43,35.20,-0.49,16.27,,,
Sep,10,70.97,7.42,2.87,100,27,34.30,-0.54,13.36,,,
Sep,10,74.12,9.42,6.07,2,26,33.80,-0.63,8.98,,,
Sep,10,77.27,11.78,7.61,2,35,34.00,-0.71,5.98,,,
Sep,10,78.85,12.92,6.10,11,42,33.30,-0.76,4.30,,,
Sep,10,85.16,18.38,-,2,-,33.20,-0.91,1.07,,,
Dec,10,37.85,0.32,0.34,6,14,44.60,-0.03,0.74,,,
Dec,10,45.73,0.90,0.90,1,26,41.20,-0.08,2.09,,,
Dec,10,48.89,1.24,1.28,3,40,39.70,-0.10,2.88,,,
Dec,10,53.62,2.08,2.13,5,68,38.20,-0.16,4.84,,,
Dec,10,55.20,2.40,2.21,6,97,37.60,-0.18,5.57,,,
Dec,10,59.14,3.52,3.27,2,53,37.00,-0.25,8.18,,,
Dec,10,63.08,4.84,4.55,1,386,35.90,-0.33,11.26,,,
Dec,10,66.24,6.09,6.39,2,8,34.70,-0.39,14.17,,,
Dec,10,67.81,6.92,7.20,4,394,34.80,-0.43,14.34,,,
Dec,10,74.12,10.41,10.82,1,9,33.40,-0.58,7.79,,,
Dec,10,77.27,12.72,8.00,1,5,33.90,-0.65,5.84,,,
Dec,10,80.43,14.94,8.15,4,53,32.90,-0.73,3.65,,,
Mar,11,50.00,1.97,2.10,1,4,38.20,-0.13,3.29,,,
Mar,11,53.00,2.54,2.59,1,10,37.00,-0.17,4.26,,,
Mar,11,60.00,4.56,4.42,1,4,35.60,-0.27,7.64,,,
Jun,11,70.97,10.40,10.70,2,12,34.40,-0.45,8.48,,,
Dec,11,37.06,1.02,1.05,3,160,39.00,-0.05,0.93,,,
Dec,13,61.50,11.31,-,3,2,38.50,-0.26,4.64,,,
Dec,13,64.66,12.86,-,2,-,38.50,-0.29,5.28,,,
Dec,13,67.81,14.52,-,5,-,38.50,-0.36,5.65,,,
Dec,13,70.97,16.30,22.80,5,76,38.50,-0.37,5.09,,,
Sep,14,69.00,15.00,13.50,1,12,36.70,-0.36,4.43,,,
Stockland Last Sale Price $4.02,,,,,,,,,,,,
Jun,10,4.00,0.16,0.18,7,49,14.70,-0.41,27.94,,,
Santos Ltd Last Sale Price $12.86,,,,,,,,,,,,
May,10,12.00,0.12,0.11,25,164,33.80,-0.18,13.60,,,
May,10,12.50,0.22,0.21,40,199,30.30,-0.33,26.02,,,
May,10,13.00,0.44,0.43,90,626,29.20,-0.53,34.89,,,
May,10,13.50,0.77,0.70,50,671,29.60,-0.72,15.37,,,
May,10,14.00,1.20,0.99,6,934,31.20,-0.86,6.50,,,
May,10,14.50,1.66,1.21,23,593,33.00,-0.94,2.37,,,
May,10,15.00,2.15,2.07,6,287,39.00,-0.96,1.77,,,
Jun,10,12.00,0.23,0.22,12,67,31.10,-0.24,12.28,,,
Jun,10,12.50,0.38,0.34,20,807,29.70,-0.35,20.47,,,
Jun,10,13.00,0.60,0.53,36,180,29.40,-0.50,25.38,,,
Jun,10,13.50,0.92,0.77,20,1255,30.00,-0.63,15.28,,,
Jun,10,14.00,1.30,0.91,20,224,31.00,-0.75,8.73,,,
Jun,10,14.50,1.73,1.14,5,1205,32.30,-0.84,4.91,,,
Jun,10,15.00,2.19,2.16,9,429,33.80,-0.90,2.46,,,
Jul,10,12.50,0.52,0.51,9,53,30.10,-0.37,16.96,,,
Jul,10,13.00,0.76,0.67,17,299,30.00,-0.47,20.23,,,
Aug,10,14.14,1.58,0.94,3,10,25.90,-0.72,7.40,,,
Oct,10,12.00,0.64,0.65,3,-,30.10,-0.29,10.20,,,
Dec,10,15.50,2.99,2.08,20,20,31.00,-0.76,4.25,,,
Jul,11,13.20,1.74,1.34,41,257,30.00,-0.44,8.78,,,
Jun,12,14.00,2.61,-,20,-,30.80,-0.45,5.30,,,
Dec,12,12.25,1.84,1.73,41,39,31.30,-0.30,5.41,,,
Sep,14,14.00,2.98,2.85,1,-,29.90,-0.42,3.26,,,
Suncorp-Metway Last Sale Price $9.16,,,,,,,,,,,,
May,10,8.82,0.06,0.07,10,171,20.90,-0.21,9.96,,,
May,10,9.06,0.13,0.14,10,237,19.80,-0.38,20.75,,,
May,10,9.31,0.23,0.24,8,5,17.40,-0.62,14.11,,,
Jun,10,7.84,0.02,0.01,4,251,26.90,-0.05,1.53,,,
Jun,10,9.06,0.21,0.22,8,120,20.50,-0.40,16.09,,,
Jul,10,8.82,0.20,0.22,10,101,21.70,-0.30,9.16,,,
Jul,10,9.06,0.29,0.34,100,22,21.20,-0.40,13.28,,,
Aug,10,8.82,0.26,0.28,10,25,22.50,-0.32,9.01,,,
Dec,10,9.02,0.58,0.66,5,76,23.40,-0.38,9.96,,,
Mar,11,9.31,0.88,0.89,1,2,24.50,-0.44,8.89,,,
Tabcorp Hldgs Ltd Last Sale Price $6.83,,,,,,,,,,,,
May,10,6.50,0.01,0.01,10,10,16.20,-0.09,3.34,,,
May,10,6.75,0.07,0.08,5,179,16.20,-0.35,15.59,,,
Jun,10,6.75,0.12,0.13,3,721,17.10,-0.38,12.33,,,
Jun,10,7.00,0.25,0.25,5,50,16.40,-0.62,7.71,,,
Sep,10,9.50,2.87,-,1,-,32.50,-1.00,7.29,,,
Sep,10,10.00,3.36,-,1,1,35.60,-1.00,6.91,,,
Transurban Last Sale Price $5.11,,,,,,,,,,,,
Jun,10,5.25,0.29,0.28,9,310,21.20,-0.60,20.60,,,
Telstra Corp Last Sale Price $3.14,,,,,,,,,,,,
May,10,3.01,0.03,0.03,22,3176,26.30,-0.23,14.53,,,
May,10,3.15,0.09,0.07,550,3942,25.80,-0.49,36.33,,,
May,10,3.24,0.14,0.12,100,140,26.80,-0.66,19.37,,,
May,10,3.40,0.27,0.25,10,317,28.50,-0.87,4.84,,,
Jun,10,2.92,0.04,0.03,418,4370,26.60,-0.20,7.82,,,
Jun,10,3.01,0.07,0.06,70,1248,27.00,-0.30,14.53,,,
Jun,10,3.14,0.11,0.09,100,392,25.50,-0.46,24.59,,,
Jun,10,3.15,0.12,0.11,430,3808,26.20,-0.47,24.59,,,
Jun,10,3.39,0.27,0.23,81,380,26.00,-0.77,4.47,,,
Jun,10,3.51,0.38,0.34,100,104,27.60,-0.87,1.12,,,
Jul,10,2.43,0.01,0.01,50,250,30.10,-0.03,0.67,,,
Jul,10,2.92,0.06,0.05,201,501,25.00,-0.22,7.35,,,
Aug,10,3.15,0.22,0.20,505,87,23.70,-0.45,21.23,,,
Sep,10,2.92,0.11,0.11,300,5677,23.10,-0.24,8.94,,,
Oct,10,2.96,0.16,-,4,-,24.20,-0.29,10.12,,,
Toll Hldgs Ltd Last Sale Price $7.05,,,,,,,,,,,,
Jun,10,7.25,0.35,0.34,215,214,24.50,-0.58,14.93,,,
Jun,10,8.25,1.20,1.06,115,115,24.50,-1.00,-,,,
Jul,10,7.25,0.39,0.30,2,11,23.00,-0.55,11.31,,,
Dec,10,6.50,0.34,0.32,1,29,27.30,-0.27,7.41,,,
Dec,10,7.00,0.54,0.54,3,635,26.50,-0.40,11.95,,,
Dec,10,7.25,0.68,-,5,4,26.40,-0.47,10.51,,,
Westpac Banking Last Sale Price $27.33,,,,,,,,,,,,
May,10,23.50,0.06,0.05,200,207,34.00,-0.03,3.06,,,
May,10,25.00,0.25,0.20,25,202,34.10,-0.13,13.91,,,
May,10,26.00,0.50,0.48,223,2129,32.10,-0.24,27.55,,,
May,10,26.50,0.66,0.63,95,631,30.50,-0.31,36.45,,,
May,10,27.00,0.88,0.85,218,497,29.30,-0.40,48.69,,,
May,10,27.50,1.15,1.05,15,346,28.50,-0.50,54.53,,,
May,10,28.00,1.50,1.16,1,116,28.50,-0.61,46.19,,,
Jun,10,25.00,0.39,0.35,25,514,28.10,-0.17,9.89,,,
Jun,10,26.00,0.68,0.66,100,465,27.30,-0.27,17.34,,,
Jun,10,26.50,0.85,0.84,115,185,26.40,-0.33,21.96,,,
Jun,10,27.00,1.06,0.99,5,261,25.50,-0.40,27.35,,,
Jun,10,27.50,1.34,1.19,27,58,24.90,-0.48,29.92,,,
Jun,10,28.00,1.62,1.43,20,163,23.70,-0.57,24.27,,,
Jul,10,20.50,0.07,0.08,7,17,34.00,-0.03,1.15,,,
Jul,10,21.00,0.11,0.11,7,245,33.80,-0.04,1.61,,,
Jul,10,21.50,0.14,0.13,6,13,33.50,-0.05,2.15,,,
Jul,10,22.00,0.19,0.16,7,7,33.30,-0.07,2.84,,,
Jul,10,25.50,0.69,0.65,4,127,26.20,-0.24,10.67,,,
Jul,10,27.00,1.25,1.11,20,28,24.30,-0.40,19.27,,,
Jul,10,28.00,1.82,1.51,24,4,23.80,-0.53,17.65,,,
Jul,10,28.50,2.15,1.83,7,-,23.50,-0.60,15.04,,,
Jul,10,29.00,2.52,2.15,15,-,23.50,-0.67,13.05,,,
Sep,10,26.00,1.16,1.12,54,135,25.70,-0.31,10.79,,,
Sep,10,27.00,1.55,1.48,101,228,24.70,-0.40,14.52,,,
Sep,10,28.50,2.41,2.11,15,31,24.10,-0.55,11.58,,,
Dec,10,25.00,1.36,1.19,5,865,26.80,-0.26,7.76,,,
Dec,10,27.50,2.46,2.10,4,75,25.30,-0.43,13.04,,,
Mar,11,23.00,1.04,0.99,10,60,27.60,-0.17,4.27,,,
Westfield Grp Last Sale Price $13.14,,,,,,,,,,,,
May,10,11.50,0.02,0.04,46,476,33.00,-0.05,2.31,,,
May,10,12.00,0.04,0.03,20,1089,26.90,-0.08,4.05,,,
May,10,12.50,0.07,0.07,178,749,23.20,-0.17,8.68,,,
May,10,12.51,0.07,0.06,3,21,22.50,-0.17,8.10,,,
May,10,13.00,0.20,0.20,193,120,21.10,-0.39,23.15,,,
May,10,13.50,0.47,0.30,49,1,20.40,-0.68,12.73,,,
Jun,10,11.00,0.04,0.07,10,944,32.30,-0.06,2.14,,,
Jun,10,11.50,0.06,0.11,10,758,28.80,-0.09,3.21,,,
Jun,10,11.51,0.04,0.10,60,240,24.90,-0.06,1.87,,,
Jun,10,12.00,0.09,0.07,81,792,24.40,-0.13,4.54,,,
Jun,10,12.01,0.07,0.07,64,286,22.70,-0.12,3.74,,,
Jun,10,12.50,0.16,0.17,4,505,22.00,-0.23,8.28,,,
Jun,10,13.00,0.32,0.29,100,204,21.30,-0.40,17.09,,,
Jun,10,14.00,0.92,-,10,-,19.60,-0.81,3.21,,,
Jul,10,12.00,0.14,0.14,20,85,23.00,-0.16,4.47,,,
Jul,10,12.50,0.25,0.24,50,95,21.80,-0.26,7.82,,,
Jul,10,13.00,0.41,0.39,2,2,21.10,-0.40,13.25,,,
Aug,10,13.00,0.59,-,5,6,17.90,-0.39,14.25,,,
Sep,10,12.00,0.31,0.32,772,600,21.60,-0.19,6.02,,,
Sep,10,13.00,0.64,1.36,10,48,18.20,-0.39,12.43,,,
Sep,10,14.50,1.64,2.71,4,24,2.00,-1.00,5.44,,,
Dec,10,8.00,0.00,0.04,15,74,20.60,-,-,,,
Dec,10,10.00,0.04,0.30,9,261,20.60,-0.03,0.47,,,
Dec,10,10.50,0.08,0.45,18,23,20.60,-0.05,0.95,,,
Dec,10,11.50,0.25,0.49,9,229,20.60,-0.14,2.97,,,
Dec,10,12.50,0.59,0.74,2,392,20.60,-0.29,7.06,,,
Dec,10,13.50,1.12,2.17,2,50,20.30,-0.49,9.02,,,
Mar,11,13.00,1.06,1.03,2,10,19.50,-0.38,9.10,,,
Mar,11,13.50,1.32,1.33,3,9,18.40,-0.48,8.21,,,
Dec,11,15.00,2.63,2.58,2,14,17.10,-0.85,3.58,,,
Dec,12,9.00,0.52,-,15,48,26.30,-0.08,1.49,,,
Wesfarmers Ltd Last Sale Price $27.95,,,,,,,,,,,,
May,10,25.07,0.06,0.06,108,-,29.10,-0.06,2.99,,,
May,10,25.54,0.10,-,100,-,29.00,-0.09,5.17,,,
May,10,25.99,0.15,0.12,30,50,28.90,-0.14,8.16,,,
May,10,26.46,0.22,0.10,8,161,27.60,-0.19,11.70,,,
May,10,26.93,0.32,0.27,23,205,26.80,-0.26,17.41,,,
May,10,27.39,0.47,0.44,62,77,26.90,-0.35,25.85,,,
May,10,27.85,0.65,0.60,62,114,25.90,-0.45,35.10,,,
May,10,28.32,0.86,0.79,103,227,24.90,-0.55,26.93,,,
May,10,28.78,1.16,0.94,7,382,25.00,-0.66,17.96,,,
May,10,29.25,1.48,1.42,3,435,24.00,-0.76,9.79,,,
May,10,31.11,3.16,2.93,2,147,2.00,-1.00,-,,,
May,10,32.03,4.13,1.88,17,41,36.80,-0.94,2.45,,,
Jun,10,23.21,0.03,0.01,100,13,26.50,-0.02,0.63,,,
Jun,10,23.68,0.04,-,100,19,26.40,-0.04,1.00,,,
Jun,10,27.39,0.75,0.63,8,57,25.90,-0.37,18.71,,,
Jun,10,27.85,0.94,0.86,11,347,25.40,-0.44,23.48,,,
Jun,10,28.32,1.16,1.18,8,102,24.90,-0.51,19.84,,,
Jun,10,28.78,1.42,1.05,1,125,24.40,-0.59,14.69,,,
Jun,10,29.25,1.72,1.30,6,207,24.20,-0.66,10.42,,,
Jun,10,29.72,2.05,1.87,2,64,23.90,-0.74,7.03,,,
Jun,10,32.03,4.09,2.40,17,54,24.30,-1.00,0.25,,,
Jun,10,32.96,5.01,3.38,3,8,24.40,-1.00,-,,,
Jul,10,26.46,0.67,0.65,14,3,26.10,-0.28,10.06,,,
Jul,10,27.85,1.19,0.57,5,16,25.20,-0.43,17.79,,,
Jul,10,28.32,1.41,1.34,1,9,24.80,-0.49,15.61,,,
Jul,10,28.78,1.69,1.08,5,53,25.20,-0.55,12.91,,,
Jul,10,29.25,1.98,1.84,2,25,25.00,-0.60,10.13,,,
Jul,10,33.89,5.94,3.87,8,8,23.00,-1.00,-,,,
Aug,10,32.96,5.37,-,7,-,25.50,-0.93,4.03,,,
Sep,10,22.75,0.37,0.22,5,24,31.00,-0.10,3.38,,,
Sep,10,25.99,1.09,0.47,5,665,28.00,-0.27,9.95,,,
Sep,10,26.46,1.24,1.00,201,38,27.50,-0.31,11.32,,,
Sep,10,28.32,2.08,2.00,3,6,26.20,-0.46,15.57,,,
Sep,10,32.96,5.48,2.75,5,8,26.20,-0.88,4.29,,,
Sep,10,33.89,6.29,-,16,-,26.20,-0.96,3.24,,,
Dec,10,19.00,0.22,0.20,2,-,34.20,-0.05,1.20,,,
Dec,10,26.00,1.50,1.44,2,27,27.90,-0.29,8.37,,,
Mar,11,30.00,3.96,-,10,-,27.80,-0.53,7.69,,,
Nov,11,19.59,0.86,0.84,3,217,33.10,-0.09,1.97,,,
Jun,14,25.00,4.09,-,10,-,33.50,-0.25,3.52,,,
WorleyParsons Ltd Last Sale Price $26.16,,,,,,,,,,,,
May,10,25.50,0.29,0.17,38,4,22.70,-0.30,17.15,,,
Woolworths Ltd Last Sale Price $27.04,,,,,,,,,,,,
May,10,26.00,0.11,0.11,15,484,17.30,-0.16,5.91,,,
May,10,26.50,0.20,0.19,20,404,16.60,-0.28,11.53,,,
May,10,27.00,0.38,0.38,35,1548,15.80,-0.45,21.09,,,
May,10,28.50,1.47,1.66,2,114,15.60,-0.96,0.56,,,
May,10,29.00,1.96,1.86,2,103,15.70,-1.00,-,,,
Jun,10,25.50,0.16,0.13,1,123,17.70,-0.15,4.02,,,
Jun,10,27.00,0.54,0.53,5,554,15.60,-0.44,14.02,,,
Jun,10,28.50,1.50,1.55,2,123,13.60,-0.91,0.91,,,
Jun,10,29.50,2.46,2.50,2,1,13.60,-1.00,-,,,
Jul,10,26.50,0.51,0.45,5,107,16.20,-0.33,7.84,,,
Jul,10,29.50,2.46,-,12,1,14.70,-1.00,-,,,
Aug,10,25.50,0.35,0.34,2,48,17.60,-0.21,4.11,,,
Aug,10,26.00,0.46,0.44,24,43,16.90,-0.27,5.34,,,
Aug,10,27.00,0.79,0.79,9,15,16.00,-0.42,9.27,,,
Aug,10,29.50,2.49,-,2,13,15.40,-0.95,0.35,,,
Sep,10,26.50,0.91,1.06,50,252,17.10,-0.35,8.59,,,
Sep,10,27.00,1.13,1.12,39,474,16.70,-0.42,10.67,,,
Sep,10,29.50,2.81,2.75,14,121,16.30,-0.87,3.30,,,
Dec,10,23.50,0.27,0.35,3,381,17.70,-0.10,1.56,,,
Dec,10,26.00,0.96,0.95,15,70,17.70,-0.30,5.57,,,
Dec,10,27.00,1.42,1.39,10,144,17.70,-0.41,8.19,,,
Dec,10,32.00,5.09,5.10,5,27,17.10,-1.00,0.78,,,
Dec,10,36.00,8.99,8.71,3,3,23.50,-1.00,0.20,,,
Woodside Pet Last Sale Price $45.24,,,,,,,,,,,,
May,10,42.18,0.18,0.31,5,20,25.40,-0.12,6.05,,,
May,10,44.66,0.70,0.69,7,240,22.50,-0.38,23.70,,,
May,10,45.16,0.93,0.94,37,255,22.50,-0.46,31.10,,,
May,10,45.65,1.14,1.00,12,530,21.40,-0.54,24.37,,,
May,10,46.15,1.42,1.27,10,347,20.90,-0.62,16.98,,,
May,10,46.65,1.77,1.63,40,151,21.20,-0.70,12.10,,,
May,10,47.14,2.13,1.92,30,400,21.10,-0.77,7.90,,,
May,10,48.13,2.98,2.60,2,344,21.30,-0.89,2.86,,,
May,10,48.63,3.44,3.30,10,30,21.70,-0.93,1.51,,,
May,10,49.13,3.91,3.55,21,29,21.70,-0.98,0.67,,,
Jun,10,44.16,0.96,1.00,13,96,23.00,-0.34,14.89,,,
Jun,10,46.15,1.86,1.81,150,198,22.00,-0.56,14.74,,,
Jun,10,46.65,2.15,2.16,23,88,21.70,-0.61,11.48,,,
Jun,10,47.14,2.47,2.40,1,148,21.50,-0.67,8.84,,,
Jun,10,49.13,3.98,3.16,21,43,19.70,-0.91,1.32,,,
Jul,10,45.16,1.82,1.57,3,22,23.60,-0.44,16.88,,,
Jul,10,45.65,2.01,1.95,1,10,22.80,-0.48,14.84,,,
Jul,10,48.63,3.85,3.75,10,-,21.60,-0.74,4.22,,,
Sep,10,41.01,1.09,1.13,100,-,26.10,-0.21,6.15,,,
Sep,10,45.16,2.58,1.85,16,33,24.40,-0.43,14.53,,,
Sep,10,51.61,6.76,6.68,2,5,22.20,-0.87,2.20,,,
Sep,10,52.60,7.59,7.73,2,2,21.90,-0.95,1.27,,,
Dec,10,39.70,1.34,1.18,8,130,27.10,-0.20,4.62,,,
Dec,10,45.16,3.27,3.19,6,5,25.40,-0.41,11.29,,,
Dec,10,46.15,3.72,3.71,150,78,24.90,-0.46,9.69,,,
Jul,11,39.70,2.42,2.36,1,201,27.50,-0.22,4.33,,,
XJO Last Sale Price ,,,,,,,,,,,,
May,10,4000.00,0.02,0.02,120,2130,39.20,-,-,,,
May,10,4100.00,0.04,0.04,90,407,36.50,-,-,,,
May,10,4200.00,0.06,0.06,178,1986,34.60,-,-,,,
May,10,4300.00,0.09,0.08,2,4477,31.80,-,-,,,
May,10,4400.00,0.14,0.12,18,2726,29.10,-,-,,,
May,10,4500.00,0.23,0.19,139,4159,26.50,-,-,,,
May,10,4550.00,0.29,0.25,570,1389,25.10,-,-,,,
May,10,4600.00,0.37,0.39,326,8490,23.90,-,-,,,
May,10,4650.00,0.49,0.43,211,1726,22.80,-,-,,,
May,10,4675.00,0.56,0.44,31,857,22.30,-,-,,,
May,10,4700.00,0.64,0.69,1076,7471,21.80,-,-,,,
May,10,4725.00,0.73,0.64,90,1203,21.40,-,-,,,
May,10,4750.00,0.84,0.88,280,2449,21.00,-,-,,,
May,10,4800.00,1.11,1.11,516,3234,20.80,-,-,,,
May,10,4850.00,1.42,1.43,417,2013,20.50,-,-,,,
May,10,4900.00,1.81,1.65,190,5141,21.10,-,-,,,
May,10,4950.00,2.25,2.15,100,1473,22.50,-,-,,,
May,10,5000.00,2.67,2.68,61,2351,22.50,-,-,,,
Jun,10,3700.00,0.04,0.05,15,849,36.00,-,-,,,
Jun,10,3800.00,0.06,0.06,100,1245,34.20,-,-,,,
Jun,10,3900.00,0.09,0.07,20,2041,32.90,-,-,,,
Jun,10,4000.00,0.11,0.11,105,5210,30.90,-,-,,,
Jun,10,4100.00,0.16,0.14,50,334,29.50,-,-,,,
Jun,10,4200.00,0.21,0.19,140,6004,27.60,-,-,,,
Jun,10,4300.00,0.28,0.25,272,6835,25.90,-,-,,,
Jun,10,4350.00,0.33,0.33,8,573,25.20,-,-,,,
Jun,10,4400.00,0.38,0.38,69,2941,24.10,-,-,,,
Jun,10,4500.00,0.54,0.52,335,5765,22.50,-,-,,,
Jun,10,4525.00,0.59,0.53,40,378,22.30,-,-,,,
Jun,10,4550.00,0.65,0.57,118,853,21.90,-,-,,,
Jun,10,4600.00,0.75,0.75,296,4982,20.90,-,-,,,
Jun,10,4650.00,0.91,0.82,153,2459,20.40,-,-,,,
Jun,10,4675.00,0.99,0.85,20,3034,20.20,-,-,,,
Jun,10,4700.00,1.08,1.09,295,5400,19.80,-,-,,,
Jun,10,4725.00,1.18,0.97,80,1019,19.60,-,-,,,
Jun,10,4750.00,1.28,1.26,265,2462,19.10,-,-,,,
Jun,10,4800.00,1.51,1.49,1074,7657,18.50,-,-,,,
Jun,10,4850.00,1.80,1.66,322,1467,18.10,-,-,,,
Jun,10,4900.00,2.10,1.84,20,2181,17.50,-,-,,,
Jun,10,5000.00,2.82,2.85,308,2715,16.60,-,-,,,
Jun,10,5100.00,3.66,3.59,12,1123,15.90,-,-,,,
Jul,10,4400.00,0.61,0.58,31,21,22.70,-,-,,,
Jul,10,4700.00,1.42,1.36,35,763,19.40,-,-,,,
Jul,10,4800.00,1.85,1.80,10,559,18.30,-,-,,,
Jul,10,4900.00,2.38,2.32,24,42,17.10,-,-,,,
Jul,10,5000.00,3.04,2.98,2,173,16.20,-,-,,,
Sep,10,4000.00,0.49,0.48,5,399,25.80,-,-,,,
Sep,10,4300.00,0.93,0.52,10,619,23.30,-,-,,,
Sep,10,4600.00,1.74,1.50,6,788,20.90,-,-,,,
Sep,10,4800.00,2.53,2.33,57,1060,19.10,-,-,,,
Dec,10,2500.00,0.05,0.06,40,948,37.50,-,-,,,
Dec,10,2700.00,0.06,0.09,20,3686,34.50,-,-,,,
Dec,10,3000.00,0.14,0.16,5,807,32.90,-,-,,,
Dec,10,3600.00,0.41,0.40,10,103,27.60,-,-,,,
Dec,10,4000.00,0.82,0.75,20,2810,24.60,-,-,,,
Dec,10,4400.00,1.61,1.59,1,1058,21.90,-,-,,,
Dec,10,4500.00,1.89,1.77,125,1875,21.20,-,-,,,
Dec,10,4525.00,1.96,1.86,50,-,21.10,-,-,,,
Dec,10,4600.00,2.22,1.38,100,819,20.60,-,-,,,
Dec,10,4700.00,2.60,2.47,50,1464,20.10,-,-,,,
Dec,10,4800.00,3.03,2.78,233,701,19.60,-,-,,,
Dec,10,5000.00,4.05,3.18,20,1319,18.50,-,-,,,
Dec,10,5100.00,4.67,4.70,3,512,18.20,-,-,,,
Dec,10,5200.00,5.35,5.41,8,1457,17.90,-,-,,,
Dec,10,5300.00,6.06,6.00,2,277,17.60,-,-,,,
Dec,10,6000.00,12.15,12.20,5,107,17.60,-,-,,,
Jun,11,3900.00,1.23,1.30,10,-,24.60,-,-,,,
