Derivatives: Put Options - Weekly,,,,,,,,,,,,,,,,,,,,
Friday, August 15, 2014.,,,,,,,,,,,,,,,,,,,,
"XAO 0.0 at 0-00-00T00:00:00. Report at Friday, August 15, 2014. Processed Saturday at 2014-08-16T23:15:04+10:00.",,,,,,,,,,,,,,,,,,,,
,,,,,,,,,,,,,,,,,,,,
,,,,,,,,,,,,,,,,,,,,
,,,,,,,,,,,,,,,,,,,,
ASX Code/Series,,Ex Price,Fair Value,Last Sale,Weekly Vol 000's,Open Int,Implied Volatility,Delta,Annual % Return,,,
PUT OPTIONS,
AGL Energy Last Sale Price $14.59,
Aug,14,14.50,.16,.14,50,720,18.30,-.40,27.70,,
Aug,14,14.76,.29,.28,100,2260,18.60,-.61,22.34,,
Aug,14,15.00,.47,.43,50,739,19.60,-.76,11.62,,
Aug,14,15.26,.70,.54,100,165,21.50,-.87,5.36,,
Sep,14,13.25,.05,.06,47,193,18.70,-.05,2.98,,
Sep,14,14.01,.17,.18,50,150,15.60,-.18,10.42,,
Sep,14,14.25,.27,.28,40,1166,15.10,-.27,16.08,,
Sep,14,14.50,.41,.36,250,701,14.90,-.40,24.12,,
Sep,14,14.76,.58,.54,50,879,15.00,-.55,24.42,,
Sep,14,15.00,.79,.67,10,2151,15.20,-.69,22.34,,
Jan,15,14.50,.61,.59,10,10,14.30,-.39,9.08,,
Mar,15,14.25,.71,.69,10,45,15.10,-.32,7.93,,
,
Asciano Last Sale Price $5.95,
Aug,14,5.50,.02,.03,100,370,34.00,-.10,8.76,,
Aug,14,6.00,.14,.15,40,224,25.90,-.55,39.44,,
,
Amcor Last Sale Price $10.21,
Aug,14,10.00,.07,.19,200,4793,20.80,-.28,17.87,,
Aug,14,10.25,.17,.16,434,1010,19.40,-.52,31.92,,
Aug,14,10.26,.17,.13,40,1300,19.40,-.53,30.64,,
Sep,14,9.83,.14,.14,10,292,17.10,-.22,11.92,,
Sep,14,10.28,.36,.34,1,210,15.50,-.51,25.11,,
Oct,14,9.75,.18,.25,40,90,17.00,-.22,8.36,,
Dec,14,8.05,.03,.05,15,65,23.90,-.03,.85,,
Jan,15,9.50,.22,.27,40,40,17.40,-.20,4.58,,
Jun,15,9.83,.55,.54,10,16,17.10,-.30,6.19,,
,
AMP Last Sale Price $5.37,
Aug,14,5.20,.05,.07,130,2930,29.10,-.26,24.28,,
Aug,14,5.25,.07,.05,2081,14211,28.70,-.32,31.56,,
Aug,14,5.31,.09,.11,500,3791,28.50,-.39,41.27,,
Aug,14,5.41,.13,.12,50,735,28.10,-.53,43.70,,
Aug,14,5.50,.19,.18,1000,1828,27.80,-.66,29.13,,
Sep,14,4.80,.04,.04,500,1305,27.20,-.09,6.47,,
Sep,14,5.25,.15,.13,2750,8310,21.60,-.34,24.28,,
Oct,14,5.25,.18,.22,40,240,19.80,-.34,15.89,,
Nov,14,5.00,.12,.11,2000,2000,20.60,-.20,7.44,,
Nov,14,5.75,.53,.44,500,500,16.90,-.79,9.39,,
Dec,14,5.00,.13,.10,80,2070,20.10,-.21,6.74,,
Dec,14,5.01,.13,.15,30,540,20.10,-.22,6.74,,
Dec,14,5.25,.22,.28,3650,10340,19.10,-.35,11.87,,
Dec,14,5.50,.36,.34,3100,3851,18.40,-.53,12.41,,
Dec,14,5.76,.54,.53,100,660,17.90,-.75,7.82,,
Mar,15,5.00,.21,.21,150,555,18.90,-.23,6.37,,
Mar,15,5.26,.33,.30,1500,1500,18.30,-.35,9.86,,
Dec,15,4.40,.16,.17,100,1100,19.80,-.09,2.22,,
Jun,16,6.00,1.06,1.03,200,260,16.40,-.71,4.30,,
Dec,16,3.80,.14,.14,100,200,20.80,-.06,1.14,,
Jun,17,4.20,.20,.22,60,60,15.90,-.06,1.29,,
,
Ansell Last Sale Price $18.99,
Aug,14,18.00,.12,.07,200,166,27.50,-.14,15.79,,
Aug,14,18.50,.24,.23,800,721,25.30,-.27,32.95,,
Aug,14,19.00,.47,.37,167,328,23.40,-.48,63.15,,
Sep,14,18.00,.22,.20,300,300,21.40,-.19,10.07,,
Dec,14,18.00,.46,.45,32,32,19.20,-.25,6.94,,
Jan,15,18.00,.53,.47,20,20,18.60,-.26,6.01,,
,
ANZ Banking Grp Last Sale Price $32.39,
Aug,14,29.00,.01,.02,857,282,29.90,-.02,1.21,,
Aug,14,29.50,.02,.02,750,422,27.30,-.03,1.61,,
Aug,14,31.00,.06,.05,1690,1435,19.10,-.10,4.83,,
Aug,14,31.01,.06,.12,175,1725,19.10,-.10,4.83,,
Aug,14,31.50,.10,.09,1902,2570,16.90,-.17,8.05,,
Aug,14,31.51,.11,.22,199,968,16.80,-.17,8.45,,
Aug,14,32.00,.20,.16,1602,6025,15.10,-.31,15.70,,
Aug,14,32.01,.20,.21,610,2397,15.10,-.31,15.70,,
Aug,14,32.50,.39,.33,1963,13194,14.10,-.52,22.54,,
Aug,14,32.51,.39,.26,23,2551,14.10,-.53,21.73,,
Aug,14,33.00,.71,.42,590,6706,13.90,-.75,8.45,,
Aug,14,33.01,.71,.45,854,2763,13.90,-.76,7.65,,
Aug,14,33.50,1.15,.98,55,5889,14.70,-.91,2.82,,
Aug,14,33.51,1.15,.79,100,2431,14.80,-.91,2.01,,
Aug,14,34.01,1.62,1.15,550,1367,16.40,-.99,-,,
Sep,14,29.00,.06,.10,300,1765,21.40,-.05,1.48,,
Sep,14,29.50,.07,.12,209,917,19.90,-.06,1.88,,
Sep,14,30.00,.09,.08,175,1746,18.50,-.09,2.41,,
Sep,14,30.01,.09,.05,50,922,18.50,-.09,2.41,,
Sep,14,30.50,.13,.12,280,1333,17.10,-.12,3.35,,
Sep,14,31.01,.17,.13,1365,1685,15.90,-.17,4.70,,
Sep,14,31.50,.26,.23,140,1081,14.80,-.24,6.98,,
Sep,14,31.51,.26,.25,174,739,14.80,-.24,6.98,,
Sep,14,32.00,.39,.35,1370,4110,13.90,-.35,10.46,,
Sep,14,32.01,.39,.31,296,667,13.90,-.35,10.46,,
Sep,14,32.50,.58,.56,875,2215,13.20,-.48,12.74,,
Sep,14,32.51,.58,.51,220,861,13.10,-.49,12.34,,
Sep,14,33.00,.86,.90,245,1827,12.60,-.64,6.71,,
Sep,14,33.01,.85,.91,2010,1630,12.60,-.65,6.17,,
Sep,14,33.50,1.22,1.03,25,4533,12.30,-.81,2.82,,
Sep,14,33.51,1.20,.97,118,522,12.30,-.82,2.01,,
Sep,14,34.01,1.61,.79,250,407,11.90,-1.00,-,,
Sep,14,35.01,2.52,1.52,50,164,10.80,-1.00,-,,
Oct,14,30.00,.16,.16,30,753,16.40,-.11,2.34,,
Oct,14,30.50,.22,.27,20,519,15.50,-.15,3.15,,
Oct,14,30.51,.21,.22,300,420,15.50,-.15,3.07,,
Oct,14,31.00,.28,.28,1030,1518,14.60,-.20,4.17,,
Oct,14,31.01,.28,.27,20,90,14.60,-.20,4.17,,
Oct,14,31.50,.39,.37,1080,1620,13.90,-.27,5.71,,
Oct,14,31.51,.39,.33,70,1273,13.90,-.27,5.63,,
Oct,14,32.00,.53,.45,100,2796,13.20,-.35,7.76,,
Oct,14,32.01,.53,.54,25,440,13.20,-.36,7.68,,
Oct,14,32.50,.73,.64,2255,2787,12.70,-.46,9.07,,
Oct,14,33.00,.98,.95,60,5398,12.20,-.59,5.49,,
Oct,14,33.01,.96,.80,100,1140,12.20,-.59,5.05,,
Oct,14,33.50,1.30,1.22,430,4484,11.80,-.74,2.85,,
Oct,14,34.01,1.64,1.51,30,167,11.50,-.92,.22,,
Oct,14,35.01,2.48,2.34,50,500,10.40,-1.00,-,,
Oct,14,37.01,4.42,4.26,100,660,8.10,-1.00,-,,
Nov,14,28.51,.21,.17,10,-,18.40,-.07,2.25,,
Nov,14,29.00,.27,.23,70,70,17.50,-.08,2.84,,
Nov,14,29.01,.26,.22,10,-,17.50,-.08,2.79,,
Nov,14,29.50,.33,.29,50,386,16.70,-.10,3.54,,
Nov,14,30.00,.42,.38,125,780,16.00,-.13,4.51,,
Nov,14,31.00,.69,.61,75,185,14.80,-.22,7.35,,
Nov,14,31.01,.68,.64,70,70,14.70,-.22,7.30,,
Nov,14,31.51,.86,.72,20,150,14.20,-.29,9.28,,
Nov,14,32.00,1.11,1.17,1,699,13.80,-.36,11.91,,
Nov,14,32.50,1.40,1.15,20,170,13.50,-.45,13.84,,
Nov,14,32.51,1.39,1.22,80,130,13.50,-.45,13.58,,
Nov,14,33.01,1.72,1.75,10,30,13.30,-.55,11.75,,
Nov,14,33.50,2.11,2.07,14,45,13.20,-.66,10.73,,
Nov,14,34.50,2.97,2.82,100,500,13.50,-.88,9.23,,
Nov,14,37.00,5.37,5.21,100,-,16.30,-1.00,8.16,,
Nov,14,38.00,6.34,6.24,20,1592,16.60,-1.00,7.89,,
Dec,14,27.00,.16,.15,12,7378,20.80,-.04,1.39,,
Dec,14,30.01,.51,.27,400,1588,16.40,-.15,4.56,,
Dec,14,31.00,.81,.75,325,2040,15.40,-.24,7.24,,
Dec,14,31.01,.80,.83,160,4782,15.40,-.24,7.11,,
Dec,14,33.00,1.84,1.75,10,10533,14.10,-.53,11.00,,
Dec,14,35.01,3.38,2.38,400,473,13.60,-.97,6.84,,
Dec,14,38.50,6.82,6.37,50,400,13.50,-1.00,6.35,,
Jan,15,31.50,1.12,.61,30,80,14.80,-.30,7.51,,
Jan,15,32.00,1.36,1.32,25,25,14.50,-.36,9.09,,
Jan,15,35.00,3.51,3.08,10,221,13.80,-.90,6.04,,
Jan,15,37.50,5.88,5.42,250,250,16.10,-1.00,5.20,,
Mar,15,27.00,.29,.34,30,2760,19.40,-.07,1.48,,
Mar,15,31.00,1.13,.97,101,160,15.70,-.26,5.66,,
Mar,15,31.01,1.09,.93,10,40,15.70,-.27,5.48,,
Mar,15,32.00,1.55,1.52,321,1915,15.10,-.36,7.82,,
Mar,15,41.00,9.34,9.22,20,-,19.00,-1.00,3.67,,
Jun,15,21.00,.11,.11,20,17,25.50,-.02,.39,,
Jun,15,27.00,.59,.35,17,450,19.30,-.09,2.13,,
Jun,15,29.00,1.03,.91,106,246,17.60,-.16,3.68,,
Jun,15,29.50,1.17,1.03,20,60,17.30,-.18,4.19,,
Jun,15,29.51,1.16,1.03,90,90,17.30,-.18,4.13,,
Jun,15,30.50,1.53,1.47,60,41,16.70,-.24,5.47,,
Jun,15,33.00,2.84,2.42,45,1550,15.70,-.47,7.96,,
Sep,15,29.00,1.27,1.16,40,40,18.10,-.17,3.53,,
Dec,15,30.00,2.15,2.02,10,2061,19.40,-.23,4.96,,
,
Arrium Last Sale Price $0.77,
Aug,14,0.80,.05,.05,100,6450,52.30,-.65,51.12,,
Aug,14,1.15,.39,.09,800,920,39.70,-1.00,-,,
Sep,14,0.75,.06,.06,300,400,41.90,-.40,68.16,,
Oct,14,0.75,.07,.06,100,350,41.80,-.40,46.47,,
Dec,14,0.75,.09,.10,1330,3480,42.50,-.40,34.08,,
Dec,14,1.00,.28,.20,800,900,33.40,-.99,18.93,,
,
ASX Last Sale Price $35.84,
Aug,14,34.00,.07,.08,70,225,21.80,-.09,4.73,,
Aug,14,35.00,.17,.20,410,524,18.10,-.22,12.37,,
Aug,14,35.50,.29,.26,150,665,16.80,-.35,21.10,,
Aug,14,36.00,.50,.66,105,468,16.00,-.53,24.73,,
Aug,14,36.51,.81,.88,150,630,15.50,-.72,10.55,,
Sep,14,29.69,.04,.05,50,50,27.10,-.01,.97,,
Sep,14,30.68,.05,.07,50,50,23.50,-.02,1.21,,
Sep,14,31.67,.07,.10,64,86,20.00,-.02,1.58,,
Sep,14,32.17,.08,.14,60,110,18.50,-.03,1.94,,
Sep,14,33.16,.14,.14,100,277,16.10,-.06,3.52,,
Sep,14,34.64,.46,.50,100,182,13.70,-.19,11.15,,
Sep,14,36.13,1.31,1.50,25,1506,12.60,-.53,24.85,,
Sep,14,37.61,2.65,2.63,5,18,14.00,-.89,21.46,,
Oct,14,34.01,.40,.47,50,80,13.50,-.15,5.29,,
Dec,14,34.15,.66,.71,100,112,13.70,-.20,5.29,,
Mar,15,36.13,2.40,2.45,5,15,13.70,-.45,9.59,,
,
Alumina Last Sale Price $1.50,
Aug,14,1.50,.05,.05,200,1590,43.80,-.49,78.48,,
Aug,14,1.60,.12,.07,625,625,46.20,-.77,26.16,,
Sep,14,1.25,.01,.01,200,500,46.70,-.10,8.72,,
Sep,14,1.30,.02,.01,101,1445,44.70,-.15,11.63,,
Sep,14,1.45,.06,.06,100,647,39.50,-.37,31.97,,
Sep,14,1.55,.11,.10,150,1360,38.90,-.57,29.07,,
Oct,14,1.35,.04,.04,200,200,40.00,-.24,14.27,,
Mar,15,1.50,.16,.12,45,55,36.00,-.42,16.89,,
Mar,15,3.01,1.48,1.74,45,1340,36.20,-1.00,-,,
,
Aurizon Hldgs Last Sale Price $5.03,
Aug,14,4.90,.04,.04,1200,6776,22.30,-.25,18.14,,
Aug,14,5.00,.07,.05,500,4019,21.90,-.42,33.69,,
Aug,14,5.01,.07,.07,200,3150,21.90,-.44,36.28,,
Sep,14,4.80,.05,.04,300,1160,17.10,-.17,8.64,,
Sep,14,4.90,.09,.08,350,-,16.90,-.28,14.69,,
Oct,14,4.80,.07,.07,200,200,15.90,-.21,6.60,,
,
Bendigo & Adelaide Bk Last Sale Price $12.93,
Aug,14,11.50,-,.04,50,90,17.10,-,9.07,,
Aug,14,11.76,.00,.03,35,-,16.70,-,.40,,
Aug,14,12.00,.01,.04,702,293,16.30,-,1.81,,
Sep,14,11.75,.06,.15,19,19,19.50,-.06,3.70,,
Oct,14,10.50,.03,.04,80,130,25.80,-.03,1.10,,
Oct,14,12.50,.28,.56,164,164,15.70,-.26,10.45,,
Jan,15,12.00,.28,.34,157,182,17.10,-.19,4.62,,
Jan,15,12.25,.35,.40,111,361,16.80,-.24,5.97,,
Jan,15,12.50,.45,.50,25,60,16.50,-.30,7.56,,
,
BHP Billiton Last Sale Price $39.05,
Aug,14,34.01,.01,.04,50,1242,34.60,-.01,1.00,,
Aug,14,34.50,.02,.06,30,1621,32.90,-.02,1.34,,
Aug,14,35.50,.03,.04,140,3432,28.80,-.03,2.00,,
Aug,14,35.51,.03,.09,130,2890,28.70,-.03,2.00,,
Aug,14,36.00,.04,.04,10585,11229,26.80,-.05,2.67,,
Aug,14,36.01,.04,.08,260,3195,26.70,-.05,2.67,,
Aug,14,36.50,.06,.10,1920,4869,25.00,-.07,4.01,,
Aug,14,36.51,.06,.09,410,1865,25.00,-.07,4.01,,
Aug,14,37.00,.09,.08,1041,7187,23.40,-.10,5.67,,
Aug,14,37.01,.09,.12,230,4707,23.40,-.10,6.01,,
Aug,14,37.50,.14,.12,4345,4599,22.20,-.15,9.01,,
Aug,14,37.51,.14,.25,485,2771,22.10,-.15,9.01,,
Aug,14,38.00,.22,.20,4149,10147,21.10,-.23,14.69,,
Aug,14,38.01,.22,.26,620,4690,21.10,-.23,14.69,,
Aug,14,38.50,.35,.30,2434,13299,20.40,-.33,23.37,,
Aug,14,38.51,.35,.31,410,1301,20.30,-.33,23.37,,
Aug,14,39.00,.54,.53,1489,3485,19.80,-.46,36.05,,
Aug,14,39.01,.55,.50,601,1144,19.70,-.46,36.39,,
Aug,14,39.51,.81,.75,495,498,19.30,-.60,23.03,,
Aug,14,40.00,1.14,1.24,64,815,18.90,-.74,12.69,,
Aug,14,40.01,1.14,1.28,381,451,18.90,-.74,12.02,,
Sep,14,27.00,.00,.02,300,1340,38.10,-,-,,
Sep,14,31.00,.03,.23,200,1053,32.00,-.01,.67,,
Sep,14,32.00,.04,.07,40,1512,29.70,-.02,.89,,
Sep,14,34.00,.09,.14,260,7512,24.80,-.04,2.00,,
Sep,14,34.50,.11,.14,700,1503,23.60,-.05,2.45,,
Sep,14,35.00,.14,.34,40,3774,22.60,-.06,3.12,,
Sep,14,35.01,.14,.17,50,2391,22.60,-.06,3.12,,
Sep,14,35.50,.18,.25,675,13504,21.70,-.08,4.01,,
Sep,14,35.51,.18,.24,367,1026,21.70,-.08,4.01,,
Sep,14,36.00,.24,.23,2034,8626,20.90,-.10,5.34,,
Sep,14,36.01,.23,.36,480,1904,20.90,-.10,5.23,,
Sep,14,36.50,.32,.30,430,5013,20.20,-.13,7.01,,
Sep,14,36.51,.32,.49,345,1425,20.20,-.13,7.01,,
Sep,14,37.00,.42,.39,935,5546,19.60,-.17,9.35,,
Sep,14,37.01,.42,.54,235,4951,19.60,-.17,9.35,,
Sep,14,37.50,.56,.54,2400,3408,19.20,-.23,12.57,,
Sep,14,37.51,.56,.84,47,1288,19.20,-.23,12.46,,
Sep,14,38.00,.75,.68,1094,10043,18.80,-.29,16.58,,
Sep,14,38.01,.74,1.10,270,1531,18.80,-.29,16.47,,
Sep,14,38.50,.96,.93,235,4846,18.50,-.37,21.48,,
Sep,14,39.00,1.24,1.18,150,3845,18.30,-.45,27.48,,
Sep,14,39.01,1.23,1.18,20,1096,18.30,-.45,27.37,,
Sep,14,39.51,1.54,2.26,570,3393,18.10,-.54,24.04,,
Sep,14,40.01,1.89,1.93,20,3025,18.00,-.63,20.70,,
Sep,14,40.51,2.27,2.18,10,225,17.90,-.71,18.14,,
Sep,14,41.51,3.14,3.92,200,1892,18.10,-.86,15.13,,
Sep,14,42.01,3.60,4.50,280,5151,18.40,-.92,14.24,,
Sep,14,43.00,4.61,4.50,90,2435,19.60,-1.00,14.58,,
Oct,14,32.00,.07,.12,40,95,24.40,-.03,.91,,
Oct,14,34.50,.23,.31,100,2350,21.60,-.08,2.85,,
Oct,14,35.00,.28,.26,120,1077,21.00,-.10,3.46,,
Oct,14,36.00,.43,.65,50,946,19.70,-.14,5.22,,
Oct,14,36.01,.42,.41,940,484,19.70,-.14,5.16,,
Oct,14,36.50,.53,.53,20,561,19.20,-.18,6.43,,
Oct,14,37.00,.66,.82,77,252,18.80,-.21,7.95,,
Oct,14,37.50,.81,.97,100,728,18.40,-.26,9.89,,
Oct,14,37.51,.81,.92,50,50,18.40,-.26,9.83,,
Oct,14,38.00,1.00,.99,824,1611,18.20,-.31,12.20,,
Oct,14,38.01,1.00,1.10,410,65,18.20,-.31,12.08,,
Oct,14,38.50,1.23,1.50,110,930,17.90,-.37,14.93,,
Oct,14,38.51,1.22,1.12,12,-,17.90,-.37,14.75,,
Oct,14,39.00,1.48,2.06,10,165,17.70,-.44,17.97,,
Nov,14,37.50,.98,.93,30,80,18.30,-.27,8.72,,
Dec,14,29.00,.07,.09,257,503,27.20,-.02,.56,,
Dec,14,30.00,.10,.14,50,3638,25.90,-.03,.70,,
Dec,14,32.00,.18,.26,200,2706,23.40,-.05,1.34,,
Dec,14,33.00,.25,.32,176,4897,22.30,-.07,1.85,,
Dec,14,34.00,.34,.43,505,5768,21.20,-.09,2.56,,
Dec,14,35.00,.47,.46,100,6075,20.20,-.13,3.52,,
Dec,14,35.50,.56,1.06,125,559,19.70,-.15,4.15,,
Dec,14,36.00,.66,.77,2282,5319,19.20,-.18,4.90,,
Dec,14,36.01,.65,.85,130,2344,19.20,-.18,4.82,,
Dec,14,36.50,.78,.75,65,525,18.80,-.21,5.79,,
Dec,14,37.00,.93,.92,70,10303,18.50,-.24,6.86,,
Dec,14,37.51,1.07,1.00,60,-,18.10,-.28,7.94,,
Dec,14,38.00,1.28,1.65,35,1151,17.90,-.33,9.50,,
Dec,14,38.01,1.26,1.53,115,292,17.90,-.33,9.35,,
Dec,14,39.00,1.75,1.65,156,320,17.40,-.43,12.94,,
Dec,14,40.00,2.32,2.44,440,3608,17.00,-.54,10.16,,
Dec,14,42.01,3.69,5.66,110,506,16.60,-.80,5.45,,
Jan,15,35.01,.55,.69,170,190,18.80,-.14,3.03,,
Jan,15,36.01,.75,.88,30,80,18.10,-.18,4.14,,
Jan,15,36.50,.89,1.05,4,-,17.90,-.21,4.95,,
Jan,15,37.01,1.04,1.25,50,390,17.80,-.25,5.79,,
Mar,15,31.00,.34,.36,400,2425,22.60,-.06,1.42,,
Mar,15,34.00,.75,1.01,12,7867,20.40,-.13,3.13,,
Mar,15,35.50,1.10,1.22,200,1773,19.50,-.19,4.59,,
Mar,15,36.00,1.25,1.55,12,2554,19.30,-.21,5.24,,
Mar,15,37.00,1.60,2.18,53,50,18.80,-.27,6.68,,
Mar,15,39.00,2.51,2.82,350,1930,18.00,-.41,10.47,,
Mar,15,41.00,3.73,4.02,48,133,17.40,-.59,7.43,,
Mar,15,43.00,5.23,5.59,50,50,17.20,-.80,5.34,,
Jun,15,32.00,.65,.68,90,123,21.40,-.09,1.93,,
Jun,15,33.00,.82,.82,120,740,20.80,-.12,2.43,,
Jun,15,35.00,1.27,1.44,90,270,19.80,-.18,3.77,,
Jun,15,37.00,1.94,2.12,463,4736,18.90,-.28,5.76,,
Jun,15,38.00,2.36,2.35,140,283,18.50,-.33,7.00,,
Jun,15,39.00,2.84,3.29,40,75,18.10,-.40,8.43,,
Jun,15,40.00,3.40,3.35,100,834,17.80,-.47,7.27,,
Dec,15,28.00,.56,.60,45,420,23.80,-.05,1.06,,
Dec,15,35.00,1.96,2.30,10,44,20.00,-.21,3.73,,
Dec,15,40.00,4.28,4.81,10,1081,18.80,-.46,6.34,,
Dec,16,38.00,4.84,5.05,20,230,21.60,-.32,5.25,,
Jun,17,32.00,2.43,2.68,100,10,20.80,-.15,2.16,,
,
Boral Last Sale Price $5.15,
Aug,14,5.00,.07,.05,160,231,35.50,-.31,35.44,,
Aug,14,5.25,.17,.12,165,1270,30.70,-.61,37.97,,
Sep,14,5.00,.13,.12,20,330,24.30,-.32,21.09,,
Sep,14,5.50,.45,.27,65,707,22.00,-.81,16.03,,
,
Bank of Qld Last Sale Price $11.76,
Aug,14,11.59,.11,.08,31,196,20.30,-.33,23.28,,
Aug,14,11.83,.20,.15,260,250,18.50,-.54,27.71,,
Aug,14,12.08,.36,.20,20,354,17.30,-.79,8.87,,
Aug,14,12.09,.36,.34,45,105,17.30,-.80,7.76,,
Sep,14,11.59,.20,.18,260,215,18.10,-.36,14.41,,
Sep,14,11.83,.29,.25,170,210,17.30,-.50,16.63,,
Sep,14,12.08,.44,.24,25,100,16.70,-.66,8.50,,
Sep,14,12.33,.62,.46,200,415,16.20,-.82,3.69,,
Oct,14,11.25,.17,.18,100,100,18.90,-.25,7.05,,
Oct,14,11.50,.25,.18,600,600,18.20,-.34,10.08,,
Oct,14,11.75,.34,.30,30,-,17.70,-.44,13.91,,
Oct,14,12.00,.47,.43,30,63,17.30,-.55,9.47,,
Nov,14,11.75,.55,.44,40,40,16.50,-.43,16.11,,
Jan,15,10.00,.12,.11,200,-,20.80,-.08,2.22,,
,
BlueScope Steel Last Sale Price $6.04,
Aug,14,6.00,.14,.20,460,846,34.50,-.44,58.27,,
Sep,14,5.70,.14,.14,106,406,35.40,-.28,19.42,,
Dec,14,6.30,.56,.56,300,-,31.50,-.53,14.63,,
Dec,14,6.60,.76,.86,30,230,30.80,-.64,9.35,,
Mar,15,5.75,.43,.46,1,25,32.80,-.34,11.60,,
Jun,15,5.70,.50,.52,1,1,32.50,-.32,9.50,,
Jun,15,6.00,.63,.65,400,400,32.10,-.39,12.09,,
,
Brambles Last Sale Price $9.15,
Aug,14,7.25,-,.01,200,200,32.30,-,1.71,,
Aug,14,9.00,.10,.09,650,6395,24.80,-.34,28.49,,
Aug,14,9.25,.22,.19,430,2112,23.60,-.57,32.77,,
Sep,14,8.83,.15,.12,15,140,20.10,-.26,14.25,,
Sep,14,9.06,.24,.23,20,3330,18.70,-.39,22.79,,
Dec,14,7.27,.04,.04,12,64,26.20,-.05,1.27,,
,
C'wlth Bank of Aust Last Sale Price $81.20,
Aug,14,65.01,-,.03,500,18950,28.00,-,.80,,
Aug,14,67.01,.00,.01,11450,13285,27.90,-,-,,
Aug,14,68.00,.00,.02,126,402,27.50,-,-,,
Aug,14,72.00,.02,.03,320,1616,23.50,-,.64,,
Aug,14,73.00,.03,.03,420,819,21.60,-,.96,,
Aug,14,74.00,.04,.09,286,2015,19.60,-,1.28,,
Aug,14,74.51,.05,.07,500,50,18.60,-,1.61,,
Aug,14,75.00,.06,.12,341,3350,17.60,-,1.93,,
Aug,14,75.01,.06,.13,30,417,17.60,-,1.93,,
Aug,14,76.00,.10,.08,6335,7899,15.80,-.01,3.21,,
Aug,14,76.01,.10,.13,110,2062,15.80,-.01,3.21,,
Aug,14,77.00,.17,.25,6250,9417,14.30,-.02,5.62,,
Aug,14,77.01,.18,.16,1017,4811,14.30,-.02,5.78,,
Aug,14,78.00,.35,.26,1112,11239,13.00,-.04,11.24,,
Aug,14,78.01,.34,.24,1027,3511,13.00,-.04,11.08,,
Aug,14,79.00,.68,.50,4566,4960,12.20,-.10,21.83,,
Aug,14,79.01,.69,.43,280,2518,12.20,-.10,21.99,,
Aug,14,80.00,1.25,1.05,1931,4079,11.60,-.22,40.30,,
Aug,14,80.01,1.25,1.00,353,3671,11.60,-.22,40.13,,
Aug,14,81.00,2.04,1.88,716,3135,11.40,-.42,65.66,,
Aug,14,81.01,2.04,1.85,1145,2317,11.40,-.42,65.34,,
Aug,14,82.00,2.98,3.82,600,2251,11.50,-.65,69.83,,
Aug,14,82.01,2.95,1.85,50,2430,11.50,-.66,68.71,,
Aug,14,83.00,3.96,4.05,833,1765,11.60,-.86,69.35,,
Aug,14,83.01,3.92,4.30,50,658,11.60,-.86,67.91,,
Aug,14,84.01,4.92,5.23,500,1419,11.90,-1.00,67.59,,
Aug,14,85.00,5.96,5.12,52,329,12.40,-1.00,69.19,,
Sep,14,69.00,.05,.09,4100,7159,21.00,-,.54,,
Sep,14,70.00,.06,.11,1646,1713,19.90,-,.64,,
Sep,14,72.00,.10,.25,25,1666,17.60,-.02,1.02,,
Sep,14,73.00,.13,.19,185,2184,16.40,-.02,1.34,,
Sep,14,73.51,.14,.17,60,90,15.90,-.02,1.55,,
Sep,14,74.00,.17,.46,375,3836,15.30,-.03,1.77,,
Sep,14,75.00,.23,.31,210,2412,14.20,-.03,2.46,,
Sep,14,75.01,.23,.53,90,835,14.20,-.04,2.41,,
Sep,14,76.00,.33,.37,825,2972,13.30,-.05,3.48,,
Sep,14,76.01,.32,.43,30,433,13.30,-.05,3.42,,
Sep,14,77.00,.47,.53,2521,2310,12.40,-.08,5.08,,
Sep,14,77.01,.47,.62,260,1274,12.40,-.08,5.03,,
Sep,14,78.00,.71,.68,294,2765,11.70,-.12,7.65,,
Sep,14,78.01,.70,1.30,35,535,11.70,-.12,7.55,,
Sep,14,79.00,1.07,.95,1097,1791,11.20,-.18,11.45,,
Sep,14,79.01,1.06,1.02,40,524,11.20,-.19,11.34,,
Sep,14,80.00,1.59,1.50,981,1476,10.80,-.28,16.96,,
Sep,14,81.00,2.26,2.05,3651,5214,10.60,-.42,24.19,,
Sep,14,81.01,2.21,2.06,10,159,10.60,-.42,23.71,,
Sep,14,82.00,3.08,2.84,540,636,10.60,-.57,24.40,,
Sep,14,82.01,3.00,2.00,1480,1663,10.60,-.57,23.44,,
Sep,14,83.00,4.00,3.87,517,668,10.80,-.72,23.55,,
Sep,14,90.00,10.97,11.65,40,40,20.30,-1.00,23.17,,
Oct,14,69.01,.04,.16,300,510,15.30,-,.23,,
Oct,14,75.01,.41,.43,18,83,13.10,-.06,2.39,,
Oct,14,76.00,.56,.60,280,465,12.50,-.08,3.27,,
Oct,14,78.00,1.02,1.15,950,1172,11.40,-.16,5.98,,
Oct,14,78.01,1.00,1.23,223,515,11.40,-.16,5.87,,
Oct,14,79.00,1.39,1.66,20,519,11.00,-.22,8.11,,
Oct,14,79.01,1.37,1.63,43,135,11.00,-.22,7.97,,
Oct,14,80.00,1.88,1.87,342,564,10.70,-.30,10.97,,
Oct,14,80.01,1.83,2.18,203,60,10.70,-.31,10.68,,
Oct,14,81.00,2.50,2.35,214,1857,10.40,-.41,14.57,,
Oct,14,82.00,3.23,3.25,10,417,10.40,-.53,14.21,,
Oct,14,83.00,4.09,4.41,27,110,10.60,-.65,13.34,,
Nov,14,67.01,.03,.15,300,650,14.30,-,.11,,
Nov,14,75.01,.59,.58,40,552,13.10,-.09,2.53,,
Nov,14,76.01,.76,.77,130,164,12.60,-.11,3.23,,
Nov,14,80.00,2.12,2.72,530,869,11.00,-.32,9.08,,
Nov,14,81.00,2.69,2.61,10,110,10.70,-.40,11.54,,
Nov,14,82.00,3.38,3.90,6,372,10.50,-.51,11.02,,
Dec,14,56.01,.06,.04,800,800,27.90,-,.21,,
Dec,14,65.00,.14,.17,110,2920,20.00,-.02,.48,,
Dec,14,70.01,.28,.19,900,1384,16.30,-.04,1.00,,
Dec,14,72.00,.41,.39,1950,3140,15.10,-.05,1.46,,
Dec,14,73.00,.50,.61,195,1501,14.50,-.07,1.78,,
Dec,14,75.01,.75,.86,10,1085,13.40,-.10,2.66,,
Dec,14,76.00,.95,1.07,65,2732,12.90,-.13,3.39,,
Dec,14,77.01,1.16,1.50,5,1620,12.40,-.16,4.12,,
Dec,14,78.01,1.45,1.54,120,694,12.00,-.20,5.16,,
Dec,14,79.00,1.86,1.26,50,2247,11.70,-.26,6.64,,
Dec,14,79.01,1.80,2.09,80,720,11.70,-.26,6.44,,
Dec,14,80.00,2.33,1.45,100,1673,11.40,-.32,8.29,,
Dec,14,80.01,2.25,3.13,900,2614,11.40,-.32,8.01,,
Dec,14,81.01,2.77,3.21,20,755,11.20,-.40,9.88,,
Dec,14,82.01,3.38,3.58,14,18,11.00,-.49,9.17,,
Jan,15,73.01,.65,.71,20,320,14.10,-.08,1.74,,
Jan,15,76.00,1.16,1.74,3,3,12.70,-.14,3.10,,
Jan,15,79.00,2.11,2.60,4,62,11.70,-.27,5.63,,
Jan,15,81.00,3.12,3.40,1000,1210,11.30,-.40,8.35,,
Mar,15,75.00,1.85,1.90,100,1398,13.60,-.14,3.70,,
Mar,15,75.01,1.81,1.93,75,85,13.60,-.14,3.63,,
Mar,15,76.00,2.17,2.29,85,737,13.30,-.17,4.35,,
Mar,15,77.00,2.54,2.47,200,57,13.10,-.20,5.09,,
Mar,15,78.00,2.98,3.13,30,228,12.90,-.24,5.97,,
Mar,15,81.00,4.61,4.62,200,2002,12.50,-.39,9.24,,
Mar,15,83.00,5.95,4.12,200,300,12.30,-.53,8.33,,
Mar,15,96.00,17.75,18.36,32,32,15.50,-1.00,5.92,,
Jun,15,40.00,.05,.03,500,2201,31.40,-,-,,
Jun,15,66.00,.78,.84,4,1616,17.30,-.05,1.11,,
Dec,15,58.00,.82,.82,50,550,20.40,-.03,.75,,
Dec,15,70.00,2.78,2.58,30,1476,17.10,-.13,2.55,,
Jun,16,72.00,4.59,4.90,100,102,16.70,-.18,3.04,,
Dec,16,45.00,.70,.75,10,130,23.70,-.02,.37,,
,
Coca-Cola Amatil Last Sale Price $9.55,
Aug,14,9.00,.07,.06,215,3396,29.30,-.13,20.47,,
Aug,14,9.50,.25,.22,400,1463,23.00,-.43,68.25,,
Aug,14,11.51,2.16,2.27,200,980,18.00,-1.00,54.60,,
Aug,14,12.01,2.66,2.56,60,391,18.20,-1.00,54.60,,
Aug,14,15.51,6.16,6.25,64,-,18.50,-1.00,53.23,,
Sep,14,9.21,.17,.14,400,837,19.30,-.25,15.47,,
Sep,14,10.45,1.11,.99,10,500,16.00,-1.00,18.65,,
Sep,14,15.44,6.05,6.09,25,75,20.00,-1.00,15.01,,
Sep,14,15.93,6.58,6.64,245,96,20.00,-1.00,17.74,,
Oct,14,8.00,.04,.04,1,599,25.40,-.05,1.99,,
Oct,14,9.25,.23,.36,100,577,17.30,-.29,11.42,,
Oct,14,9.50,.34,.52,100,850,16.40,-.41,17.12,,
Oct,14,10.25,.91,.82,5,-,14.60,-.94,10.42,,
Oct,14,15.51,6.09,6.02,40,40,14.30,-1.00,6.20,,
Jan,15,10.00,.75,.80,50,50,14.90,-.65,6.71,,
Jun,15,12.44,3.20,3.06,345,25,16.00,-1.00,3.76,,
Jun,15,12.94,3.70,3.65,146,-,18.70,-1.00,3.76,,
Jun,15,13.44,4.19,4.18,280,-,20.00,-1.00,3.64,,
Sep,15,12.00,2.92,2.60,1095,1055,19.80,-1.00,4.38,,
,
Computershare Last Sale Price $12.20,
Aug,14,11.25,.03,.08,175,235,27.90,-.05,5.34,,
Aug,14,11.50,.04,.13,140,200,25.20,-.10,9.62,,
Aug,14,11.75,.09,.12,40,460,23.30,-.18,19.23,,
Aug,14,12.00,.17,.17,931,221,22.30,-.32,37.40,,
Aug,14,12.25,.32,.19,410,787,22.30,-.51,56.63,,
Aug,14,12.26,.32,.36,40,40,22.40,-.52,55.56,,
Aug,14,12.50,.51,.50,550,100,23.40,-.69,43.81,,
Sep,14,11.25,.07,.09,150,150,22.00,-.11,5.34,,
Sep,14,11.50,.12,.20,105,415,20.70,-.17,8.19,,
Sep,14,11.75,.17,.22,500,655,19.70,-.25,12.47,,
Sep,14,12.00,.27,.30,40,70,18.90,-.35,18.88,,
Sep,14,12.25,.40,.45,5,20,18.50,-.48,24.58,,
Sep,14,13.00,.98,.57,5,12,20.10,-.84,13.18,,
Oct,14,11.25,.13,.16,100,251,20.30,-.15,5.05,,
Oct,14,12.25,.48,.23,160,167,18.30,-.46,16.71,,
Oct,14,12.50,.64,.69,11,8,18.20,-.57,13.02,,
Nov,14,11.00,.14,.18,30,30,21.00,-.13,3.85,,
Dec,14,9.50,.03,.04,30,30,25.00,-.03,.71,,
Jun,15,12.00,.86,.81,30,30,21.00,-.37,8.17,,
,
CSL Last Sale Price $70.46,
Aug,14,57.00,-,.09,36,115,31.60,-,3.15,,
Aug,14,58.00,-,.04,239,205,31.40,-,1.48,,
Aug,14,59.00,.00,.04,263,141,31.30,-,-,,
Aug,14,60.00,.00,.06,690,1664,31.10,-,.11,,
Aug,14,61.00,.01,.02,105,828,30.60,-,.26,,
Aug,14,62.00,.01,.02,2906,3525,29.70,-,.56,,
Aug,14,62.01,.01,.34,10,10,29.70,-,.56,,
Aug,14,63.00,.02,.05,1310,1465,28.30,-.02,.74,,
Aug,14,63.01,.02,.03,163,2626,28.30,-.02,.74,,
Aug,14,64.00,.04,.05,895,2601,26.40,-.02,1.30,,
Aug,14,64.01,.04,.04,185,500,26.40,-.02,1.30,,
Aug,14,65.00,.04,.05,1576,3278,24.30,-.03,1.67,,
Aug,14,65.51,.06,.28,431,191,23.20,-.04,2.04,,
Aug,14,66.00,.07,.08,1757,2670,22.10,-.05,2.41,,
Aug,14,66.51,.09,.08,522,404,21.00,-.06,3.15,,
Aug,14,67.00,.11,.10,2271,2307,19.90,-.08,3.89,,
Aug,14,67.01,.11,.12,630,890,19.90,-.08,3.89,,
Aug,14,67.51,.14,3.55,1340,901,19.00,-.10,5.00,,
Aug,14,68.00,.17,.14,745,1019,18.10,-.13,6.48,,
Aug,14,68.01,.17,.14,1375,1762,18.00,-.13,6.48,,
Aug,14,68.51,.23,.24,740,410,17.30,-.18,8.70,,
Aug,14,69.00,.32,.21,1124,664,16.60,-.23,11.66,,
Aug,14,69.01,.32,.23,100,2200,16.60,-.23,11.66,,
Aug,14,69.51,.43,.52,234,420,16.00,-.30,15.91,,
Aug,14,70.00,.58,.36,43,50,15.50,-.38,21.65,,
Aug,14,70.01,.58,.70,75,567,15.50,-.38,21.65,,
Aug,14,71.00,1.05,.84,470,511,14.80,-.58,19.06,,
Aug,14,72.00,1.74,1.22,542,1085,14.40,-.78,7.22,,
Aug,14,72.01,1.74,1.19,40,2220,14.40,-.78,6.85,,
Aug,14,73.01,2.58,2.73,10,10,14.50,-.93,1.11,,
Aug,14,74.01,3.52,3.00,55,60,14.90,-1.00,-,,
Sep,14,47.00,.02,.01,50,30,48.30,-,.25,,
Sep,14,48.00,.03,.02,50,230,47.10,-,.31,,
Sep,14,49.00,.03,.03,50,30,45.50,-,.37,,
Sep,14,50.00,.03,.06,118,192,43.70,-,.37,,
Sep,14,54.00,.04,.01,185,295,35.80,-.01,.49,,
Sep,14,55.01,.04,.15,130,408,33.80,-.01,.49,,
Sep,14,57.00,.04,.25,200,2266,29.90,-.01,.56,,
Sep,14,58.00,.05,.03,306,468,28.10,-.01,.62,,
Sep,14,59.00,.06,.04,150,320,26.30,-.02,.68,,
Sep,14,60.00,.07,.05,150,861,24.60,-.02,.80,,
Sep,14,60.01,.07,.50,59,199,24.60,-.02,.80,,
Sep,14,61.00,.07,.07,433,2289,23.00,-.02,.93,,
Sep,14,61.01,.07,.55,120,120,23.00,-.02,.93,,
Sep,14,62.00,.09,.11,519,895,21.50,-.03,1.11,,
Sep,14,62.01,.09,.80,80,264,21.50,-.03,1.11,,
Sep,14,63.00,.12,.12,50,949,20.20,-.04,1.42,,
Sep,14,63.01,.12,.33,132,344,20.20,-.04,1.42,,
Sep,14,64.00,.15,.16,404,430,19.00,-.05,1.85,,
Sep,14,64.01,.15,.19,35,82,19.00,-.05,1.85,,
Sep,14,65.00,.20,.22,337,1586,17.90,-.07,2.53,,
Sep,14,65.01,.20,.33,865,529,17.80,-.07,2.53,,
Sep,14,66.00,.29,.31,614,347,16.90,-.10,3.58,,
Sep,14,66.01,.29,.24,916,1530,16.90,-.10,3.64,,
Sep,14,67.00,.42,.33,560,2329,16.00,-.14,5.24,,
Sep,14,67.01,.42,.34,676,609,16.00,-.14,5.24,,
Sep,14,67.51,.52,.40,25,140,15.60,-.17,6.35,,
Sep,14,68.00,.63,.48,2093,1518,15.20,-.20,7.77,,
Sep,14,68.01,.62,4.39,510,472,15.20,-.20,7.65,,
Sep,14,68.51,.76,.64,360,1448,14.90,-.24,9.31,,
Sep,14,69.00,.92,.82,1520,1100,14.60,-.29,11.29,,
Sep,14,69.01,.91,1.41,274,166,14.60,-.29,11.22,,
Sep,14,69.51,1.10,2.00,25,470,14.30,-.34,13.51,,
Sep,14,70.00,1.33,1.08,131,223,14.10,-.40,16.34,,
Sep,14,70.01,1.31,1.20,400,720,14.10,-.40,16.16,,
Sep,14,71.01,1.85,1.87,310,1217,13.70,-.52,15.97,,
Oct,14,57.00,.07,.27,132,132,23.50,-.02,.44,,
Oct,14,60.00,.13,.14,92,102,20.80,-.03,.84,,
Oct,14,62.00,.19,1.05,10,29,18.80,-.05,1.24,,
Oct,14,63.00,.23,.17,392,446,17.90,-.06,1.58,,
Oct,14,63.01,.23,.20,60,30,17.90,-.06,1.58,,
Oct,14,64.00,.30,.23,460,468,17.10,-.08,2.05,,
Oct,14,64.01,.30,.63,15,15,17.10,-.08,2.02,,
Oct,14,65.00,.40,.44,25,229,16.30,-.10,2.69,,
Oct,14,65.01,.40,.34,30,25,16.30,-.10,2.66,,
Oct,14,66.00,.53,1.39,5,205,15.70,-.14,3.57,,
Oct,14,67.01,.70,.55,10,-,15.10,-.18,4.74,,
Oct,14,67.51,.81,.85,65,-,14.90,-.21,5.48,,
Oct,14,68.01,.94,.74,5,-,14.60,-.24,6.36,,
Oct,14,71.00,2.21,2.17,30,35,13.60,-.49,11.27,,
Oct,14,72.00,2.84,2.40,1,-,13.40,-.60,8.71,,
Oct,14,72.01,2.77,2.35,350,83,13.40,-.60,8.21,,
Nov,14,62.00,.27,.61,10,22,17.80,-.06,1.33,,
Nov,14,64.00,.42,.36,50,47,16.50,-.10,2.10,,
Nov,14,65.00,.55,.44,40,83,15.90,-.12,2.69,,
Nov,14,67.00,.91,.86,5,95,14.80,-.20,4.46,,
Nov,14,70.00,1.91,1.95,10,10,13.70,-.39,9.42,,
Nov,14,71.00,2.42,2.20,30,20,13.40,-.48,9.25,,
Dec,14,60.51,.23,.90,100,120,18.20,-.05,.97,,
Dec,14,61.01,.27,.34,160,365,17.90,-.06,1.09,,
Dec,14,62.01,.33,.38,60,54,17.30,-.07,1.36,,
Dec,14,63.00,.41,.87,900,1291,16.80,-.09,1.71,,
Dec,14,63.01,.41,.47,45,40,16.80,-.09,1.71,,
Dec,14,64.00,.53,1.15,300,406,16.30,-.11,2.18,,
Dec,14,64.01,.52,.55,35,350,16.30,-.11,2.14,,
Dec,14,66.00,.84,1.79,330,756,15.30,-.17,3.45,,
Dec,14,66.01,.83,.87,57,177,15.30,-.17,3.41,,
Dec,14,66.51,.93,1.53,40,136,15.10,-.19,3.82,,
Dec,14,67.00,1.06,1.44,300,892,14.90,-.21,4.38,,
Dec,14,67.01,1.04,1.00,38,38,14.90,-.21,4.30,,
Dec,14,68.00,1.35,2.62,10,31,14.50,-.26,5.53,,
Dec,14,68.51,1.47,2.91,10,5,14.30,-.29,6.04,,
Dec,14,69.00,1.68,4.78,10,29,14.20,-.32,6.91,,
Jan,15,62.00,.47,.90,120,144,16.80,-.08,1.43,,
Mar,15,60.00,.54,1.51,70,80,17.50,-.07,1.25,,
Mar,15,62.01,.77,.76,5,27,16.80,-.10,1.78,,
Mar,15,66.00,1.58,1.47,300,366,15.60,-.21,3.65,,
Mar,15,73.01,4.63,5.15,20,-,14.20,-.58,4.81,,
Jun,15,65.00,1.87,2.50,750,751,16.40,-.20,3.07,,
Jun,16,54.00,.93,1.72,40,38,17.70,-.06,.71,,
Jun,17,60.00,3.35,3.67,4,4,18.10,-.16,1.65,,
,
CSR Last Sale Price $3.58,
Aug,14,3.60,.07,.06,300,455,24.80,-.52,40.05,,
Oct,14,3.50,.13,.10,100,212,26.60,-.37,16.55,,
,
Echo Entertainment Last Sale Price $3.19,
Sep,14,2.90,.04,.04,2000,2000,31.00,-.15,9.54,,
,
Flight Centre Travel Last Sale Price $45.82,
Aug,14,41.00,.06,.55,130,170,36.10,-.05,3.41,,
Aug,14,43.01,.16,.19,10,160,29.90,-.12,9.10,,
Aug,14,44.01,.28,.36,140,165,27.50,-.20,15.93,,
Aug,14,44.50,.38,.34,10,40,26.50,-.26,21.62,,
Aug,14,45.00,.52,1.05,100,531,25.70,-.33,29.30,,
Aug,14,46.00,.94,1.38,90,493,24.80,-.51,42.96,,
Sep,14,41.50,.31,.41,20,30,24.60,-.09,5.88,,
Sep,14,42.00,.37,1.39,100,100,23.70,-.11,7.02,,
Sep,14,42.50,.46,1.70,100,100,23.10,-.14,8.72,,
Sep,14,47.00,2.54,3.00,10,10,20.80,-.61,25.79,,
,
Fortescue Metals Grp Last Sale Price $4.51,
Aug,14,3.90,.03,.04,1000,4383,62.90,-.10,14.45,,
Aug,14,4.00,.04,.03,1200,18534,58.60,-.12,20.23,,
Aug,14,4.10,.04,.05,418,23572,54.90,-.16,26.01,,
Aug,14,4.11,.04,.06,120,1100,54.50,-.17,26.01,,
Aug,14,4.20,.06,.07,8630,8932,51.60,-.21,31.79,,
Aug,14,4.21,.06,.06,400,840,51.40,-.22,34.68,,
Aug,14,4.30,.08,.09,2551,11636,48.90,-.28,46.25,,
Aug,14,4.31,.08,.10,100,2858,48.70,-.29,46.25,,
Aug,14,4.40,.11,.11,420,5543,46.90,-.37,60.70,,
Aug,14,4.41,.11,.11,1180,3398,46.70,-.37,63.59,,
Aug,14,4.50,.14,.14,4701,13362,45.50,-.46,83.82,,
Aug,14,4.51,.15,.17,489,2619,45.40,-.47,86.71,,
Aug,14,4.60,.20,.21,1048,3201,44.90,-.57,63.59,,
Aug,14,4.61,.20,.16,500,4577,44.90,-.58,60.70,,
Aug,14,4.70,.27,.23,1099,2452,45.10,-.66,43.36,,
Aug,14,4.71,.28,.30,150,4342,45.20,-.67,43.36,,
Aug,14,4.80,.34,.35,83,4325,46.10,-.75,31.79,,
Aug,14,5.00,.52,.46,950,3326,50.00,-.85,17.34,,
Sep,14,3.00,.02,.02,1450,4394,71.80,-.03,3.85,,
Sep,14,3.40,.04,.04,1225,1650,59.30,-.06,6.74,,
Sep,14,3.60,.04,.04,886,1831,54.00,-.09,8.67,,
Sep,14,3.80,.07,.07,1090,2787,49.70,-.13,12.53,,
Sep,14,3.90,.08,.09,3101,2569,48.00,-.15,15.42,,
Sep,14,4.00,.10,.12,4020,8523,46.40,-.19,19.27,,
Sep,14,4.10,.13,.14,10200,15335,45.10,-.23,24.09,,
Sep,14,4.20,.16,.15,1510,2517,43.90,-.28,29.87,,
Sep,14,4.21,.16,.17,450,2330,43.80,-.28,30.83,,
Sep,14,4.30,.20,.17,20,1199,43.00,-.33,37.58,,
Sep,14,4.40,.24,.26,172,29713,42.30,-.39,46.25,,
Sep,14,4.41,.24,.23,550,1120,42.20,-.39,46.25,,
Sep,14,4.50,.29,.33,50,2321,41.80,-.45,55.88,,
Sep,14,4.60,.35,.35,7115,18234,41.50,-.51,50.10,,
Sep,14,4.70,.41,.37,50,1558,41.50,-.58,43.36,,
Sep,14,4.80,.49,.37,220,5722,41.70,-.64,38.54,,
Sep,14,5.00,.65,.56,20,12130,42.90,-.74,30.83,,
Oct,14,3.30,.05,.05,741,801,53.10,-.07,5.26,,
Oct,14,3.40,.06,.06,744,351,51.50,-.09,6.31,,
Oct,14,3.70,.10,.10,623,3123,47.50,-.14,10.51,,
Oct,14,3.80,.12,.13,200,1515,46.30,-.17,12.61,,
Oct,14,3.90,.14,.13,770,780,45.20,-.19,14.71,,
Oct,14,4.00,.17,.17,759,809,44.20,-.23,17.34,,
Oct,14,4.10,.20,.22,4000,3835,43.30,-.26,20.50,,
Oct,14,4.30,.27,.26,65,10,41.60,-.35,28.38,,
Oct,14,4.50,.36,.36,100,1250,40.50,-.44,38.36,,
Oct,14,4.60,.42,.44,180,410,40.20,-.49,34.68,,
Oct,14,5.50,1.13,1.13,30,85,42.30,-.84,14.71,,
Nov,14,4.30,.31,.33,400,370,40.80,-.35,23.89,,
Dec,14,2.60,.03,.03,500,3395,57.90,-.03,1.61,,
Dec,14,3.60,.14,.25,50,3110,46.20,-.15,8.67,,
Dec,14,3.61,.14,.15,298,338,46.10,-.15,8.67,,
Dec,14,4.00,.23,.25,2500,14693,42.80,-.25,14.77,,
Dec,14,4.40,.39,.43,500,2793,40.30,-.39,25.05,,
Dec,14,4.60,.50,.54,500,1391,39.40,-.46,26.01,,
Dec,14,4.70,.56,.54,100,525,39.20,-.50,23.44,,
Dec,14,5.50,1.17,1.16,30,1885,39.30,-.79,11.24,,
Dec,14,5.75,1.39,1.39,60,660,40.20,-.85,9.63,,
Dec,14,7.00,2.60,1.57,70,243,47.10,-1.00,6.74,,
Jan,15,4.40,.44,.45,10,-,39.20,-.38,20.96,,
Mar,15,3.00,.11,.10,1196,8840,47.70,-.09,3.79,,
Mar,15,4.00,.37,.36,834,3324,41.90,-.27,13.37,,
Mar,15,4.50,.61,.51,20,180,40.10,-.41,22.04,,
Mar,15,4.90,.84,.82,400,400,38.50,-.53,16.26,,
Dec,15,7.00,2.69,2.85,70,450,31.60,-1.00,3.22,,
Dec,16,4.80,1.36,1.23,10,33,41.60,-.40,10.06,,
,
Fairfax Media Last Sale Price $0.91,
Aug,14,0.80,.00,.01,300,11950,28.90,-.01,2.88,,
Aug,14,0.90,.03,.05,1000,5950,29.20,-.44,86.42,,
Sep,14,0.95,.08,.06,300,300,33.00,-.64,33.61,,
Sep,14,1.00,.12,.13,5000,5000,31.80,-.82,24.01,,
Dec,14,0.60,.01,.00,2000,56965,45.40,-.04,1.92,,
Dec,14,0.90,.08,.06,4000,27000,36.40,-.42,25.61,,
Dec,14,0.95,.11,.09,4000,4000,35.20,-.53,20.81,,
Dec,14,1.00,.14,.14,21594,42329,34.50,-.64,14.40,,
Mar,15,0.80,.06,.05,300,150,36.60,-.25,10.80,,
,
GPT Grp Last Sale Price $4.05,
Oct,14,3.90,.05,.07,580,580,16.20,-.25,5.85,,
,
Harvey Norman Last Sale Price $3.16,
Aug,14,3.10,.03,.05,65,252,24.50,-.32,24.75,,
Oct,14,3.30,.22,.26,450,450,26.10,-.60,12.00,,
Oct,14,3.50,.37,.38,375,-,25.80,-.80,4.50,,
Oct,14,3.60,.46,.47,438,-,25.70,-.90,2.25,,
,
Insurance Aust Grp Last Sale Price $6.20,
Aug,14,5.75,.01,.03,1480,5065,31.20,-.09,6.31,,
Aug,14,6.00,.05,.03,1500,3760,28.20,-.25,21.03,,
Aug,14,6.25,.15,.10,2752,4391,26.50,-.54,42.05,,
Sep,14,5.75,.07,.05,335,1447,22.20,-.13,10.51,,
Sep,14,6.25,.32,.32,584,1093,21.30,-.51,37.14,,
Dec,14,4.00,.00,.01,378,553,26.60,-,-,,
Dec,14,4.20,.00,.02,269,269,26.50,-,-,,
Dec,14,6.25,.35,.39,150,150,16.70,-.47,14.25,,
Mar,15,6.75,.90,.85,75,-,21.50,-.66,9.20,,
,
IOOF Hldgs Last Sale Price $8.68,
Aug,14,8.75,.19,.16,32,32,23.10,-.55,34.54,,
Sep,14,7.25,.03,.03,200,278,32.80,-.04,3.00,,
,
Iluka Res Last Sale Price $8.59,
Aug,14,8.25,.09,.09,40,1435,33.70,-.24,25.80,,
Aug,14,8.50,.17,.17,180,947,32.70,-.41,50.08,,
Aug,14,8.75,.29,.31,43,317,32.40,-.60,40.97,,
Aug,14,9.00,.47,.38,500,859,32.90,-.76,19.73,,
Sep,14,8.25,.22,.24,20,220,31.90,-.31,22.26,,
Sep,14,8.50,.32,.23,10,516,31.30,-.42,32.37,,
Sep,14,13.51,4.95,5.03,4,57,72.10,-.99,3.04,,
Sep,14,15.51,6.93,6.88,2,337,83.00,-1.00,1.52,,
Oct,14,9.00,.71,.65,400,400,30.10,-.59,16.56,,
Nov,14,8.00,.29,.32,6,23,30.80,-.27,11.74,,
Nov,14,8.25,.38,.41,4,15,30.40,-.34,15.38,,
Dec,14,6.50,.06,.07,15,50,35.60,-.06,2.02,,
Dec,14,8.00,.35,.38,1,139,31.90,-.29,11.97,,
Dec,14,8.25,.45,.46,1,1,31.60,-.35,15.18,,
Dec,14,8.50,.56,.55,1,218,31.30,-.41,19.05,,
Dec,14,10.00,1.58,1.62,30,-,31.00,-.79,5.73,,
Jan,15,8.00,.42,.46,1,1,31.10,-.29,10.62,,
Mar,15,8.50,.78,.89,10,150,31.80,-.40,14.80,,
,
Incitec Pivot Last Sale Price $2.88,
Sep,14,2.80,.06,.07,280,2250,24.50,-.33,16.60,,
,
James Hardie Ind Last Sale Price $12.99,
Aug,14,12.53,.11,.10,180,40,29.90,-.24,22.08,,
Aug,14,12.77,.17,.16,480,312,28.00,-.35,34.12,,
Aug,14,13.01,.27,.07,350,2256,26.40,-.49,49.17,,
Aug,14,13.25,.40,.39,450,260,25.20,-.64,27.10,,
Aug,14,13.49,.56,.50,400,500,24.40,-.78,13.05,,
Aug,14,13.74,.78,.74,218,109,24.30,-.90,5.02,,
Aug,14,13.97,.99,.28,150,200,25.00,-.96,2.01,,
Sep,14,12.87,.36,.35,300,-,25.20,-.42,24.42,,
Nov,14,11.57,.20,.20,30,-,27.60,-.17,5.49,,
Nov,14,13.05,.67,.66,5,-,24.70,-.45,16.32,,
Jun,15,14.00,1.82,1.82,100,100,23.00,-.58,7.23,,
,
Leighton Hldgs Last Sale Price $21.72,
Aug,14,20.00,.06,.06,239,388,33.10,-.08,6.60,,
Aug,14,20.50,.09,.09,65,210,29.40,-.13,10.80,,
Aug,14,21.50,.29,.25,423,465,24.40,-.39,34.81,,
Aug,14,22.00,.53,.60,514,312,22.90,-.60,29.41,,
Aug,14,22.50,.87,.94,12,40,22.10,-.79,10.80,,
Oct,14,18.50,.19,.18,10,-,28.50,-.08,4.04,,
,
Lend Lease Grp Last Sale Price $13.55,
Aug,14,13.00,.10,.07,367,1482,29.90,-.21,19.24,,
Aug,14,13.75,.36,.29,50,-,24.50,-.60,30.79,,
Sep,14,12.50,.16,.28,24,177,22.60,-.12,9.94,,
Sep,14,12.75,.22,.24,50,150,21.60,-.17,14.11,,
Sep,14,13.01,.32,.30,50,50,20.80,-.24,20.20,,
Sep,14,13.26,.44,.39,70,30,20.20,-.33,27.90,,
Oct,14,12.50,.25,.22,55,55,21.70,-.17,8.75,,
Oct,14,13.01,.42,.43,40,40,20.60,-.28,14.87,,
Nov,14,11.50,.11,.11,150,55,23.50,-.07,2.82,,
,
Macquarie Grp Last Sale Price $57.03,
Aug,14,47.01,.00,.03,95,225,37.30,-,.14,,
Aug,14,49.00,.01,.05,50,50,36.30,-.01,.69,,
Aug,14,53.01,.07,.14,150,1011,25.80,-.06,3.43,,
Aug,14,54.00,.12,.22,610,3073,23.30,-.10,5.49,,
Aug,14,54.01,.12,.35,950,2411,23.30,-.10,5.49,,
Aug,14,55.00,.22,.23,612,2402,21.10,-.16,9.83,,
Aug,14,55.01,.21,.38,20,2090,21.10,-.17,9.60,,
Aug,14,56.00,.40,.40,881,1670,19.30,-.28,18.06,,
Aug,14,56.01,.40,.41,136,789,19.30,-.29,18.06,,
Aug,14,56.51,.54,.90,310,427,18.60,-.37,24.69,,
Aug,14,57.00,.73,.70,241,3307,17.90,-.47,33.37,,
Aug,14,57.01,.73,.60,190,1302,17.90,-.47,33.37,,
Aug,14,57.50,.98,1.27,150,1063,17.30,-.58,23.31,,
Aug,14,58.00,1.29,1.91,298,1210,16.90,-.68,14.63,,
Aug,14,59.00,2.06,1.80,425,1063,16.40,-.87,4.34,,
Aug,14,59.01,2.06,1.30,786,1763,16.40,-.88,3.43,,
Aug,14,60.01,2.96,1.10,610,790,16.30,-1.00,-,,
Aug,14,61.00,3.97,2.05,41,393,16.50,-1.00,-,,
Sep,14,40.28,.03,.03,100,550,46.50,-,.46,,
Sep,14,44.70,.05,.08,50,250,36.60,-.02,.76,,
Sep,14,48.63,.10,.12,100,65,29.10,-.04,1.52,,
Sep,14,50.10,.14,.18,50,128,26.40,-.06,2.13,,
Sep,14,51.08,.18,.38,275,577,24.80,-.08,2.74,,
Sep,14,53.05,.32,.30,475,3250,21.80,-.13,4.80,,
Sep,14,54.03,.44,.90,20,678,20.50,-.18,6.63,,
Sep,14,55.01,.62,.58,112,794,19.40,-.25,9.45,,
Sep,14,55.02,.62,.66,790,909,19.40,-.25,9.45,,
Sep,14,55.99,.89,1.15,350,2740,18.50,-.34,13.49,,
Sep,14,56.01,.88,1.14,10,230,18.50,-.34,13.41,,
Sep,14,56.98,1.25,1.45,20,186,17.60,-.45,18.97,,
Sep,14,56.99,1.24,2.32,290,1296,17.60,-.45,18.90,,
Sep,14,57.96,1.73,2.13,40,222,16.80,-.58,12.11,,
Sep,14,58.94,2.32,2.60,50,1400,15.90,-.72,6.25,,
Sep,14,58.95,2.29,3.65,425,563,15.90,-.72,5.71,,
Sep,14,60.91,3.79,1.44,11,65,13.30,-1.00,-,,
Oct,14,48.01,.12,.17,10,10,23.60,-.04,.96,,
Oct,14,49.50,.23,.28,50,50,23.60,-.07,1.87,,
Oct,14,50.00,.26,.26,10,220,23.20,-.08,2.16,,
Oct,14,52.00,.44,.45,200,430,21.20,-.13,3.62,,
Oct,14,52.01,.43,.42,5,-,21.20,-.13,3.57,,
Oct,14,53.00,.56,1.00,100,189,20.40,-.17,4.70,,
Oct,14,53.01,.56,.80,100,100,20.40,-.17,4.70,,
Oct,14,54.00,.75,.72,70,132,19.60,-.22,6.23,,
Oct,14,54.01,.75,.87,40,40,19.60,-.22,6.19,,
Oct,14,56.00,1.31,1.54,5,117,18.50,-.36,10.93,,
Oct,14,57.00,1.72,2.00,16,40,18.00,-.44,14.30,,
Oct,14,58.00,2.23,3.09,30,1151,17.70,-.53,10.43,,
Nov,14,50.00,.55,.57,50,-,22.30,-.10,3.32,,
Nov,14,53.00,1.08,1.17,4186,4186,20.20,-.19,6.58,,
Dec,14,44.20,.22,.17,3,653,27.00,-.04,1.09,,
Dec,14,47.15,.36,.20,9,704,24.10,-.06,1.83,,
Dec,14,48.13,.45,.45,6,256,23.30,-.07,2.26,,
Dec,14,51.09,.83,.79,10,100,21.40,-.14,4.24,,
Dec,14,53.05,1.30,1.19,10,362,20.50,-.21,6.60,,
Dec,14,56.00,2.36,1.94,50,143,19.30,-.37,11.99,,
Jan,15,50.01,.83,.91,20,190,21.20,-.13,3.16,,
Mar,15,34.38,.12,.10,50,50,33.40,-.01,.34,,
Mar,15,50.11,1.14,1.15,10,120,21.10,-.15,3.24,,
Mar,15,51.09,1.35,1.35,10,110,20.80,-.17,3.86,,
Jun,15,50.10,2.07,2.00,10,-,21.50,-.17,4.21,,
,
Myer Hldgs Last Sale Price $2.33,
Aug,14,2.30,.04,.04,800,2350,34.40,-.40,50.35,,
Aug,14,2.40,.11,.11,200,400,35.80,-.65,39.16,,
Sep,14,2.20,.06,.07,3,1477,36.10,-.28,20.51,,
Sep,14,2.30,.09,.08,150,615,34.90,-.41,33.57,,
Dec,14,2.80,.56,.45,400,256,36.30,-.79,11.19,,
Jan,15,2.30,.19,.19,35,35,29.30,-.40,17.25,,
Jan,15,3.01,.75,.70,35,35,35.20,-.88,6.06,,
Mar,15,2.30,.21,.32,25,275,29.90,-.39,14.69,,
Mar,15,3.01,.74,.73,25,26,32.10,-.89,4.20,,
,
National Aust Bank Last Sale Price $34.69,
Aug,14,30.50,.01,.03,374,1776,30.20,-.01,.53,,
Aug,14,31.00,.01,.02,400,2148,28.50,-.02,.75,,
Aug,14,32.00,.02,.06,170,5446,24.20,-.03,1.50,,
Aug,14,32.50,.03,.04,300,1480,21.90,-.05,2.25,,
Aug,14,32.51,.04,.07,170,230,21.90,-.05,2.63,,
Aug,14,33.00,.05,.11,410,6802,19.60,-.08,3.76,,
Aug,14,33.01,.05,.22,1150,2302,19.60,-.08,3.76,,
Aug,14,33.50,.08,.17,908,6661,17.50,-.13,6.01,,
Aug,14,33.51,.08,.18,20,825,17.50,-.13,6.01,,
Aug,14,34.00,.14,.14,520,6172,15.70,-.22,10.90,,
Aug,14,34.01,.14,.20,100,2044,15.70,-.23,10.90,,
Aug,14,34.50,.28,.20,1412,4646,14.40,-.39,20.67,,
Aug,14,35.00,.52,1.08,286,1701,13.60,-.61,15.41,,
Aug,14,35.50,.88,1.18,70,400,13.40,-.82,5.26,,
Sep,14,30.00,.03,.09,60,2943,23.30,-.02,.75,,
Sep,14,32.51,.11,.29,150,307,17.00,-.10,2.76,,
Sep,14,33.00,.15,.14,383,8567,15.90,-.14,3.76,,
Sep,14,33.01,.15,.18,100,812,15.80,-.14,3.76,,
Sep,14,33.50,.22,.20,300,4379,14.80,-.20,5.51,,
Sep,14,33.51,.22,.23,160,581,14.80,-.20,5.51,,
Sep,14,34.00,.33,.30,130,1511,13.90,-.28,8.14,,
Sep,14,34.01,.32,.28,100,695,13.90,-.29,8.02,,
Sep,14,34.50,.48,.44,660,2761,13.20,-.40,12.02,,
Sep,14,35.00,.70,.67,310,460,12.60,-.54,9.90,,
Sep,14,36.00,1.39,2.10,125,191,12.00,-.86,2.00,,
Sep,14,36.01,1.37,1.29,106,1422,12.00,-.86,1.25,,
Oct,14,30.00,.07,.09,14,136,20.60,-.04,.96,,
Oct,14,32.01,.17,.23,110,545,16.80,-.11,2.25,,
Oct,14,33.00,.28,.28,85,1828,15.20,-.18,3.89,,
Oct,14,33.50,.38,.52,38,2704,14.50,-.24,5.19,,
Oct,14,34.00,.51,.66,20,1508,13.90,-.31,6.97,,
Oct,14,35.00,.90,.88,135,1160,12.90,-.50,8.06,,
Nov,14,29.00,.11,.14,1500,3902,20.10,-.03,1.05,,
Nov,14,32.00,.39,.38,285,978,15.50,-.12,3.86,,
Nov,14,32.50,.50,.48,284,1083,14.90,-.15,4.96,,
Nov,14,33.00,.63,.98,83,1205,14.30,-.19,6.31,,
Nov,14,33.50,.81,.82,50,1370,13.90,-.25,8.07,,
Nov,14,34.50,1.28,1.43,1235,223,13.10,-.39,12.88,,
Dec,14,28.01,.11,.17,575,1155,21.60,-.03,.88,,
Dec,14,30.01,.22,.25,30,920,18.60,-.06,1.84,,
Dec,14,31.00,.33,.35,8,511,17.40,-.09,2.76,,
Dec,14,32.00,.51,.53,30,2571,16.30,-.14,4.26,,
Dec,14,33.00,.78,.86,18,5884,15.30,-.22,6.51,,
Dec,14,34.50,1.45,1.91,400,1869,14.30,-.40,12.07,,
Dec,14,35.00,1.75,2.20,15,2145,14.10,-.48,11.98,,
Dec,14,35.01,1.71,2.50,575,2227,14.10,-.48,11.61,,
Jan,15,34.00,1.27,1.27,600,350,14.00,-.33,7.95,,
Mar,15,30.00,.42,.46,12,72,18.00,-.09,2.00,,
Mar,15,31.00,.58,.99,45,180,17.10,-.13,2.75,,
Mar,15,32.00,.81,.86,12,248,16.30,-.18,3.78,,
Mar,15,32.50,.95,2.05,45,255,15.90,-.21,4.46,,
Mar,15,33.00,1.12,1.12,70,2874,15.60,-.25,5.24,,
Mar,15,35.00,2.04,2.24,400,1415,14.50,-.45,8.15,,
Mar,15,35.01,1.97,2.20,200,200,14.50,-.45,7.73,,
Mar,15,36.01,2.56,2.65,600,3023,14.20,-.59,5.85,,
Jun,15,28.00,.50,.39,17,197,19.80,-.07,1.67,,
Jun,15,31.00,1.10,1.18,1000,2090,17.40,-.15,3.66,,
Jun,15,34.00,2.27,2.80,60,335,15.70,-.34,7.60,,
Jun,15,35.01,2.79,3.22,1000,1000,15.20,-.43,8.27,,
Dec,15,33.00,2.73,2.60,100,606,17.40,-.30,5.86,,
,
Newcrest Min Last Sale Price $11.20,
Aug,14,9.00,.00,.01,50,663,51.90,-.01,.93,,
Aug,14,9.51,.01,.02,364,385,48.20,-.03,3.49,,
Aug,14,9.75,.02,.06,150,1716,46.10,-.05,4.66,,
Aug,14,10.00,.04,.04,50,5347,43.90,-.08,8.15,,
Aug,14,10.25,.06,.05,552,2231,41.70,-.12,12.80,,
Aug,14,10.50,.09,.08,674,5115,39.80,-.18,19.79,,
Aug,14,10.75,.14,.11,1170,5463,38.20,-.26,32.59,,
Aug,14,11.00,.22,.20,660,1448,37.00,-.37,50.05,,
Aug,14,11.01,.22,.20,110,390,37.00,-.38,51.21,,
Aug,14,11.50,.47,.44,280,981,35.80,-.63,40.74,,
Aug,14,13.76,2.55,3.06,20,50,41.60,-1.00,-,,
Sep,14,8.20,.01,.07,25,253,46.80,-.02,.78,,
Sep,14,8.70,.03,.04,10,272,44.20,-.03,1.94,,
Sep,14,8.95,.04,.06,50,697,42.90,-.05,2.72,,
Sep,14,9.45,.07,.10,160,236,40.30,-.09,5.04,,
Sep,14,9.46,.07,.07,39,144,40.20,-.09,5.04,,
Sep,14,9.70,.09,.09,170,1582,39.10,-.11,6.98,,
Sep,14,10.19,.17,.16,1250,3602,37.20,-.19,12.80,,
Sep,14,10.44,.22,.22,300,1033,36.30,-.25,17.07,,
Sep,14,10.45,.23,.21,120,1960,36.30,-.25,17.46,,
Sep,14,10.69,.29,.30,665,3752,35.60,-.31,22.89,,
Sep,14,10.94,.39,.37,233,1575,34.90,-.38,29.87,,
Sep,14,10.95,.39,.45,165,1964,34.90,-.38,29.87,,
Sep,14,11.19,.50,.99,825,1089,34.40,-.46,38.41,,
Sep,14,11.20,.50,.58,80,328,34.40,-.46,38.41,,
Sep,14,11.68,.77,.81,144,523,33.70,-.61,22.50,,
Sep,14,11.93,.94,1.06,200,1965,33.60,-.68,16.68,,
Sep,14,12.18,1.14,1.81,33,50,33.70,-.75,12.03,,
Sep,14,12.92,1.76,1.75,102,1252,34.70,-.90,3.10,,
Sep,14,13.93,2.71,2.90,53,2679,37.40,-1.00,-,,
Sep,14,19.90,8.64,8.95,75,591,67.00,-1.00,-,,
Sep,14,26.86,15.59,15.57,17,277,95.50,-1.00,-,,
Oct,14,7.75,.03,.03,100,310,46.20,-.03,1.27,,
Oct,14,9.25,.12,.12,100,20,38.70,-.11,5.08,,
Oct,14,10.00,.25,.29,2260,2377,36.40,-.20,10.37,,
Oct,14,10.25,.31,.31,1260,1539,35.80,-.25,13.12,,
Oct,14,10.50,.38,.56,1,59,35.20,-.29,16.08,,
Oct,14,10.75,.47,.48,10,742,34.70,-.34,19.89,,
Oct,14,11.00,.57,.67,250,525,34.20,-.40,24.12,,
Nov,14,9.25,.17,.17,10,15,37.90,-.13,5.43,,
Nov,14,10.50,.48,.52,80,100,35.40,-.31,15.05,,
Nov,14,11.00,.69,.77,10,245,34.70,-.40,21.42,,
Dec,14,9.01,.19,.20,30,1245,38.50,-.12,4.78,,
Dec,14,9.51,.28,.30,50,250,37.40,-.17,7.11,,
Dec,14,9.75,.33,.37,20,2037,36.90,-.20,8.54,,
Dec,14,11.01,.77,.95,50,280,35.10,-.40,19.79,,
Dec,14,12.50,1.66,1.71,20,260,33.80,-.67,9.31,,
Dec,14,13.00,2.04,2.10,20,157,33.60,-.75,6.21,,
Dec,14,13.01,2.02,1.98,20,269,33.60,-.75,5.43,,
Dec,14,13.51,2.42,2.42,90,633,33.60,-.83,2.97,,
Dec,14,20.51,9.16,9.19,1,264,51.20,-1.00,-,,
Dec,14,23.01,11.64,11.84,20,734,57.40,-1.00,-,,
Mar,15,8.00,.18,.20,101,346,39.40,-.09,2.62,,
Mar,15,9.75,.56,.58,10,49,36.70,-.23,8.07,,
Mar,15,10.00,.63,.64,50,143,36.30,-.26,9.17,,
Mar,15,13.01,2.21,2.36,12,12,33.70,-.67,5.89,,
Jun,15,8.75,.45,.40,250,250,38.20,-.16,4.66,,
Dec,15,5.00,.08,.08,200,252,44.50,-.02,.53,,
Dec,15,8.00,.52,.20,2,450,40.10,-.14,3.46,,
,
Origin Energy Last Sale Price $14.06,
Aug,14,12.25,.04,.05,100,100,44.60,-.04,6.49,,
Aug,14,12.75,.05,.09,50,1782,35.80,-.07,9.27,,
Aug,14,13.00,.07,.07,377,1786,32.70,-.09,12.98,,
Aug,14,13.25,.10,.19,250,626,30.10,-.13,18.54,,
Aug,14,13.50,.16,.26,200,2442,28.20,-.20,28.74,,
Aug,14,13.51,.16,.20,395,595,28.10,-.21,29.67,,
Aug,14,13.75,.25,.38,200,2047,26.90,-.31,45.43,,
Aug,14,14.00,.38,.45,370,1882,26.40,-.44,69.54,,
Aug,14,15.51,1.70,1.65,200,270,32.80,-.96,45.43,,
Sep,14,12.16,.07,.09,85,2357,30.40,-.06,4.02,,
Sep,14,13.13,.17,.20,50,4080,24.40,-.17,10.51,,
Sep,14,13.37,.23,.34,100,180,23.40,-.23,13.91,,
Sep,14,13.61,.30,.29,1397,1275,22.50,-.29,18.85,,
Sep,14,13.86,.41,.41,40,1066,21.80,-.38,25.34,,
Sep,14,13.87,.41,.50,20,1097,21.80,-.38,25.34,,
Sep,14,14.10,.54,.59,10,1549,21.30,-.48,30.90,,
Sep,14,15.07,1.28,1.41,70,276,20.70,-.85,17.00,,
Sep,14,20.43,6.56,6.79,141,203,34.50,-1.00,11.74,,
Oct,14,12.00,.08,.10,435,457,26.10,-.07,2.70,,
Oct,14,13.00,.21,.20,225,122,22.10,-.18,7.08,,
Oct,14,13.50,.34,.40,46,246,20.70,-.28,11.63,,
Oct,14,13.76,.45,.50,350,430,20.10,-.35,15.00,,
Nov,14,12.00,.11,.13,50,50,24.30,-.08,2.60,,
Dec,14,10.50,.04,.04,20,716,29.80,-.03,.93,,
Dec,14,13.50,.47,.50,250,1611,20.60,-.30,9.58,,
Jan,15,13.50,.53,.56,70,115,19.80,-.30,8.11,,
Jan,15,14.00,.73,.72,10,15,19.00,-.41,11.36,,
Jan,15,15.50,1.78,1.77,50,50,19.00,-.80,5.33,,
Mar,15,10.50,.09,.12,101,601,25.10,-.04,1.04,,
Mar,15,12.01,.27,.28,50,550,22.30,-.12,3.13,,
Mar,15,13.75,.82,.81,10,440,19.70,-.35,9.56,,
Mar,15,14.00,.95,.97,10,2413,19.50,-.40,11.01,,
Mar,15,15.01,1.59,1.62,70,286,19.30,-.63,7.36,,
,
Orica Last Sale Price $20.41,
Aug,14,20.50,.43,.25,30,1106,25.40,-.51,43.43,,
Aug,14,21.50,1.14,1.04,30,696,23.80,-.88,5.75,,
Aug,14,23.00,2.59,2.56,30,30,29.80,-1.00,-,,
Sep,14,20.00,.48,.41,90,1292,25.70,-.37,20.65,,
Sep,14,21.00,.96,.89,100,171,23.90,-.61,15.97,,
Oct,14,19.50,.53,.51,30,270,26.20,-.30,12.31,,
Nov,14,18.50,.42,.42,100,100,28.30,-.21,7.15,,
Dec,14,16.51,.23,.20,10,150,30.50,-.08,3.26,,
Dec,14,21.01,1.70,1.66,48,138,24.00,-.52,15.54,,
Mar,15,15.50,.28,.24,100,150,30.20,-.08,2.20,,
Mar,15,16.00,.34,.29,100,200,29.40,-.10,2.71,,
,
Oil Search Last Sale Price $9.42,
Aug,14,9.00,.03,.06,70,2862,23.20,-.13,8.30,,
Aug,14,9.25,.08,.13,800,4884,22.10,-.31,22.14,,
Aug,14,9.50,.19,.16,70,2376,21.30,-.56,30.44,,
Sep,14,9.25,.16,.22,800,3113,18.70,-.34,14.30,,
Sep,14,9.50,.27,.29,100,324,17.90,-.52,17.07,,
Jun,15,8.50,.27,.25,300,300,20.20,-.20,3.26,,
,
OZ Minerals Last Sale Price $4.27,
Aug,14,3.60,.01,.01,1000,2080,49.30,-.03,3.05,,
Aug,14,3.90,.03,.01,400,420,44.20,-.12,15.26,,
Aug,14,4.00,.04,.17,150,190,42.10,-.19,21.37,,
Aug,14,4.10,.06,.09,800,1200,40.20,-.27,36.63,,
Aug,14,4.20,.09,.08,99,550,38.50,-.39,54.95,,
Aug,14,4.30,.14,.12,135,465,37.10,-.52,64.11,,
Aug,14,4.40,.19,.18,2000,3107,36.00,-.65,36.63,,
Aug,14,4.50,.27,.16,300,1231,35.10,-.77,21.37,,
Aug,14,4.70,.44,.52,25,1658,32.80,-.95,3.05,,
Aug,14,4.80,.53,.40,20,829,31.20,-1.00,-,,
Aug,14,5.25,.98,.82,353,353,23.10,-1.00,-,,
Sep,14,4.00,.13,.12,50,447,38.00,-.27,26.46,,
Sep,14,4.50,.41,.42,350,573,36.60,-.63,36.63,,
Oct,14,3.30,.04,.04,250,350,43.40,-.07,4.44,,
Oct,14,4.20,.28,.27,10,80,36.60,-.41,31.64,,
Nov,14,4.10,.28,.28,100,100,37.40,-.36,23.20,,
Dec,14,4.20,.35,.32,200,1225,36.60,-.40,24.08,,
Dec,14,5.00,.91,.96,40,850,35.40,-.75,11.87,,
Jan,15,4.00,.30,.30,35,35,36.50,-.32,15.52,,
Mar,15,4.40,.60,.53,123,123,35.40,-.46,18.13,,
Mar,15,4.50,.67,.58,24,24,35.20,-.49,16.79,,
Mar,15,4.70,.81,.70,21,79,34.90,-.57,14.31,,
Jun,15,3.50,.25,.26,40,134,36.60,-.19,6.65,,
,
Qantas Airways Last Sale Price $1.28,
Aug,14,1.30,.06,.04,125,2650,44.00,-.55,71.29,,
Jan,15,1.25,.10,.07,30,30,35.10,-.38,16.97,,
Jan,15,1.50,.26,.23,1400,1400,34.40,-.72,6.79,,
Mar,15,1.30,.14,.14,150,255,34.70,-.44,15.28,,
Mar,15,2.01,.71,.68,150,485,38.00,-1.00,-,,
,
QBE Insurance Grp Last Sale Price $10.71,
Aug,14,9.75,.04,.07,100,1786,35.30,-.07,10.95,,
Aug,14,10.00,.07,.07,585,2719,32.50,-.12,17.04,,
Aug,14,10.25,.13,.13,410,2316,29.80,-.20,30.43,,
Aug,14,10.50,.20,.19,642,3499,27.40,-.33,49.90,,
Aug,14,10.51,.21,.21,70,980,27.30,-.33,51.12,,
Aug,14,10.75,.34,.34,180,1992,25.30,-.51,73.03,,
Aug,14,11.00,.52,.46,415,3596,23.60,-.71,55.99,,
Aug,14,11.50,.98,1.02,35,978,21.80,-1.00,47.47,,
Aug,14,13.01,2.49,2.10,45,684,31.30,-1.00,46.25,,
Aug,14,15.01,4.49,4.35,30,470,48.80,-1.00,45.03,,
Aug,14,15.51,4.99,4.48,15,101,49.60,-1.00,45.03,,
Sep,14,9.50,.07,.13,100,1600,29.80,-.10,6.09,,
Sep,14,9.75,.11,.10,200,904,28.30,-.14,8.93,,
Sep,14,10.00,.16,.14,15,1203,26.90,-.19,12.98,,
Sep,14,10.25,.23,.25,203,1332,25.70,-.27,18.66,,
Sep,14,10.50,.33,.34,240,2150,24.50,-.36,26.37,,
Sep,14,10.75,.45,.48,120,1694,23.30,-.48,33.27,,
Sep,14,10.76,.45,.37,100,766,23.20,-.48,32.46,,
Sep,14,11.01,.60,.29,100,370,22.20,-.61,24.75,,
Sep,14,11.50,1.00,.93,25,401,20.60,-.86,17.45,,
Sep,14,12.00,1.48,1.34,20,498,20.00,-1.00,15.42,,
Sep,14,12.76,2.21,2.17,52,52,21.40,-1.00,13.39,,
Sep,14,14.00,3.48,3.12,20,110,27.30,-1.00,15.01,,
Sep,14,14.76,4.21,3.40,30,207,31.60,-1.00,12.58,,
Sep,14,15.01,4.46,4.55,55,564,33.00,-1.00,12.58,,
Sep,14,16.51,5.95,6.04,16,212,40.20,-1.00,12.17,,
Oct,14,9.75,.19,.20,124,2369,26.90,-.18,8.41,,
Nov,14,10.25,.40,.37,20,530,24.90,-.31,12.98,,
Dec,14,10.25,.45,.34,15,305,25.00,-.32,12.04,,
Dec,14,11.75,1.30,.91,15,205,19.70,-.81,7.03,,
Dec,14,15.01,4.37,4.35,50,580,24.80,-1.00,1.89,,
Jan,15,9.75,.35,.35,60,60,25.90,-.23,7.20,,
Mar,15,8.00,.13,.14,400,650,29.70,-.07,1.98,,
Mar,15,10.50,.80,.86,138,353,24.00,-.37,12.10,,
Mar,15,11.25,1.20,.68,16,466,22.30,-.55,9.97,,
Jun,15,15.00,4.48,4.42,100,541,16.80,-1.00,2.06,,
Sep,15,14.00,3.63,3.44,130,130,17.80,-1.00,2.81,,
Dec,15,11.00,1.51,1.49,10,60,24.50,-.45,8.49,,
,
Rio Tinto Last Sale Price $65.29,
Aug,14,53.01,.01,.05,200,971,46.50,-,.60,,
Aug,14,54.00,.02,.03,120,2182,43.90,-,.80,,
Aug,14,55.00,.02,.03,250,1451,41.10,-.01,.80,,
Aug,14,55.01,.02,.03,250,465,41.00,-.01,.80,,
Aug,14,56.00,.03,.03,100,2121,38.10,-.01,1.00,,
Aug,14,57.00,.03,.05,1,2691,35.20,-.02,1.20,,
Aug,14,57.01,.03,.01,100,342,35.10,-.02,1.20,,
Aug,14,58.00,.04,.05,4,1951,32.40,-.02,1.40,,
Aug,14,59.00,.04,.05,105,1434,29.70,-.03,1.80,,
Aug,14,59.01,.04,.11,200,632,29.70,-.03,1.80,,
Aug,14,60.00,.07,.09,1357,3220,27.30,-.04,2.60,,
Aug,14,60.01,.07,.16,22,700,27.30,-.04,2.60,,
Aug,14,61.00,.10,.07,548,2501,25.10,-.07,3.79,,
Aug,14,61.01,.10,.11,1511,4031,25.00,-.07,3.79,,
Aug,14,62.00,.15,.18,1446,2039,23.10,-.11,5.99,,
Aug,14,62.01,.16,.14,1325,1830,23.00,-.11,6.19,,
Aug,14,63.00,.26,.23,2985,3647,21.30,-.17,10.18,,
Aug,14,63.01,.26,.30,880,1109,21.30,-.17,10.18,,
Aug,14,64.00,.45,.34,2747,4856,19.90,-.27,17.77,,
Aug,14,64.01,.45,.40,454,2146,19.90,-.28,17.77,,
Aug,14,65.00,.76,.64,3098,4248,18.80,-.42,30.35,,
Aug,14,65.01,.76,.87,585,2071,18.70,-.43,30.35,,
Aug,14,66.00,1.25,1.12,1423,1021,17.90,-.60,21.76,,
Aug,14,66.01,1.25,.62,40,429,17.90,-.61,21.16,,
Aug,14,67.00,1.94,2.04,828,663,17.20,-.78,8.98,,
Aug,14,67.01,1.93,1.80,70,534,17.20,-.78,8.39,,
Aug,14,68.00,2.77,2.93,50,179,16.80,-.92,2.60,,
Aug,14,68.01,2.77,1.62,256,2920,16.80,-.92,1.80,,
Aug,14,69.00,3.72,3.90,205,555,16.80,-1.00,.40,,
Aug,14,70.01,4.67,4.64,250,748,17.20,-1.00,-,,
Aug,14,72.00,6.71,5.79,10,-,20.50,-1.00,-,,
Sep,14,46.00,.03,.03,47,8270,45.10,-,.33,,
Sep,14,46.01,.03,.03,180,290,45.10,-,.33,,
Sep,14,48.00,.04,.04,210,1182,41.70,-.01,.47,,
Sep,14,49.00,.04,.04,48,426,39.70,-.01,.53,,
Sep,14,50.00,.04,.06,400,3060,37.70,-.01,.53,,
Sep,14,51.00,.04,.04,36,381,35.80,-.02,.60,,
Sep,14,52.00,.05,.05,593,738,34.10,-.02,.67,,
Sep,14,53.00,.07,.07,86,781,32.50,-.02,.87,,
Sep,14,54.00,.07,.07,11,583,30.90,-.03,1.00,,
Sep,14,55.00,.09,.09,241,6176,29.40,-.03,1.20,,
Sep,14,56.00,.11,.14,527,707,27.90,-.04,1.46,,
Sep,14,57.00,.14,.12,110,3861,26.50,-.05,1.86,,
Sep,14,57.01,.14,.12,383,1334,26.50,-.05,1.80,,
Sep,14,58.00,.17,.19,426,2827,25.10,-.06,2.26,,
Sep,14,58.01,.17,.17,275,305,25.10,-.06,2.33,,
Sep,14,59.00,.22,.22,413,1952,23.80,-.08,2.93,,
Sep,14,59.01,.22,.18,19,1200,23.80,-.08,2.93,,
Sep,14,60.00,.29,.34,362,13281,22.60,-.11,3.93,,
Sep,14,60.01,.29,.27,70,405,22.60,-.11,3.86,,
Sep,14,61.00,.39,.36,784,2755,21.50,-.14,5.19,,
Sep,14,61.01,.39,.43,140,275,21.50,-.14,5.19,,
Sep,14,62.00,.53,.50,943,2709,20.50,-.19,7.05,,
Sep,14,62.01,.53,.35,310,941,20.50,-.19,7.05,,
Sep,14,63.00,.73,.80,990,4890,19.60,-.25,9.72,,
Sep,14,63.01,.72,.77,50,120,19.60,-.25,9.65,,
Sep,14,64.00,1.00,.96,1237,1411,18.80,-.33,13.38,,
Sep,14,64.01,1.00,.63,60,343,18.80,-.33,13.24,,
Sep,14,65.00,1.37,1.29,971,2812,18.20,-.43,18.17,,
Sep,14,65.01,1.36,1.40,375,370,18.20,-.43,18.04,,
Sep,14,66.00,1.83,1.56,457,1916,17.60,-.53,14.91,,
Sep,14,66.01,1.81,1.60,212,666,17.60,-.53,14.58,,
Sep,14,67.00,2.41,2.25,250,439,17.10,-.65,9.32,,
Sep,14,67.01,2.39,1.60,363,643,17.10,-.65,8.92,,
Sep,14,68.00,3.11,3.30,130,1074,16.60,-.76,5.26,,
Sep,14,69.01,3.84,2.76,70,1599,16.20,-.88,1.60,,
Sep,14,70.00,4.77,4.72,122,803,15.80,-.99,.80,,
Sep,14,71.00,5.71,6.30,70,439,15.50,-1.00,-,,
Sep,14,71.01,5.60,12.30,120,168,15.50,-1.00,-,,
Sep,14,80.00,14.71,15.84,147,42,21.50,-1.00,-,,
Oct,14,53.01,.14,.14,200,197,27.50,-.04,.98,,
Oct,14,54.00,.16,.15,50,230,26.50,-.04,1.16,,
Oct,14,55.00,.20,.17,70,186,25.50,-.05,1.42,,
Oct,14,56.01,.23,.27,10,30,24.50,-.06,1.71,,
Oct,14,57.00,.29,.25,180,475,23.50,-.08,2.11,,
Oct,14,58.00,.36,.50,600,1795,22.60,-.10,2.61,,
Oct,14,60.00,.56,.52,42,406,21.00,-.15,4.10,,
Oct,14,61.00,.71,.70,110,434,20.30,-.19,5.19,,
Oct,14,62.00,.91,.98,320,239,19.60,-.23,6.61,,
Oct,14,63.00,1.16,1.15,34,309,19.10,-.29,8.39,,
Oct,14,64.00,1.47,1.57,859,997,18.50,-.35,10.67,,
Oct,14,64.01,1.46,1.05,50,75,18.50,-.35,10.56,,
Oct,14,65.00,1.85,1.29,215,1500,18.00,-.42,13.43,,
Oct,14,65.01,1.83,1.33,40,40,18.00,-.42,13.29,,
Oct,14,66.00,2.31,2.30,584,1214,17.60,-.50,11.62,,
Oct,14,66.01,2.28,1.90,5,105,17.60,-.50,11.33,,
Oct,14,73.01,7.50,7.00,50,50,16.50,-1.00,-,,
Nov,14,53.01,.21,.17,50,182,26.10,-.05,1.12,,
Nov,14,54.00,.25,.19,50,74,25.20,-.06,1.33,,
Nov,14,56.00,.36,.28,30,344,23.60,-.08,1.92,,
Nov,14,57.00,.44,.34,40,177,22.80,-.10,2.34,,
Nov,14,59.00,.66,.44,265,428,21.40,-.14,3.49,,
Nov,14,61.00,.97,1.03,102,66,20.20,-.21,5.19,,
Nov,14,62.00,1.21,1.25,65,71,19.60,-.25,6.42,,
Nov,14,62.01,1.19,.96,10,10,19.60,-.25,6.31,,
Nov,14,63.00,1.47,1.28,200,200,19.10,-.30,7.83,,
Nov,14,65.00,2.17,2.14,5,15,18.20,-.42,11.58,,
Nov,14,67.00,3.17,3.28,40,20,17.40,-.56,7.75,,
Dec,14,45.00,.07,.05,50,629,31.30,-.01,.29,,
Dec,14,52.01,.22,.23,28,120,25.80,-.04,.98,,
Dec,14,56.00,.46,.48,58,2225,23.00,-.09,2.02,,
Dec,14,56.01,.45,1.33,8,240,23.00,-.09,2.00,,
Dec,14,58.00,.66,.70,5,2738,21.80,-.13,2.93,,
Dec,14,59.00,.79,1.05,100,309,21.20,-.15,3.51,,
Dec,14,60.00,.96,.99,2340,4338,20.70,-.19,4.28,,
Dec,14,60.01,.95,.95,82,95,20.70,-.19,4.22,,
Dec,14,62.00,1.41,1.57,150,1418,19.70,-.26,6.23,,
Dec,14,62.01,1.39,4.67,45,1095,19.70,-.26,6.17,,
Dec,14,63.01,1.67,1.32,12,214,19.30,-.31,7.41,,
Dec,14,64.00,2.03,1.95,55,2395,18.90,-.36,9.01,,
Dec,14,65.00,2.43,2.40,548,416,18.50,-.41,10.78,,
Dec,14,65.01,2.38,2.40,325,385,18.50,-.41,10.58,,
Dec,14,66.00,2.88,2.71,772,2511,18.10,-.48,9.65,,
Dec,14,67.00,3.40,2.67,200,240,17.80,-.54,7.50,,
Dec,14,68.00,3.97,7.17,30,821,17.50,-.61,5.59,,
Dec,14,69.00,4.61,5.18,45,210,17.10,-.69,3.99,,
Dec,14,70.00,5.30,4.61,150,995,16.60,-.78,2.62,,
Dec,14,75.01,9.14,9.20,33,1366,13.00,-1.00,-,,
Dec,14,76.00,10.71,17.55,320,-,12.70,-1.00,-,,
Dec,14,78.00,12.71,12.08,214,1,13.10,-1.00,-,,
Jan,15,61.00,1.46,1.84,36,69,19.80,-.23,4.84,,
Jan,15,64.00,2.38,3.10,72,62,18.80,-.36,7.92,,
Jan,15,67.00,3.73,3.20,10,10,17.90,-.52,6.74,,
Jan,15,70.00,5.57,5.65,100,100,17.00,-.73,2.86,,
Jan,15,72.01,6.79,6.34,281,281,16.30,-.90,.25,,
Jan,15,73.00,7.91,7.42,65,123,16.10,-.99,.65,,
Mar,15,52.01,.63,.67,205,536,24.30,-.07,1.57,,
Mar,15,61.01,2.29,1.85,100,146,20.60,-.25,5.72,,
Mar,15,62.00,2.63,4.69,72,178,20.30,-.28,6.58,,
Mar,15,63.00,3.02,2.93,5,1003,20.00,-.32,7.54,,
Mar,15,64.00,3.41,2.79,14,3065,19.70,-.36,8.51,,
Mar,15,65.00,3.88,3.70,750,491,19.40,-.40,9.67,,
Mar,15,66.00,4.34,4.42,235,1809,19.20,-.45,9.07,,
Mar,15,72.00,8.20,7.81,73,1329,18.10,-.78,3.71,,
Mar,15,78.00,13.22,16.75,63,65,17.70,-1.00,1.27,,
Jun,15,45.00,.37,.36,61,314,26.70,-.04,.66,,
Jun,15,52.00,1.02,.95,370,436,24.10,-.09,1.81,,
Jun,15,54.00,1.28,6.05,350,410,23.30,-.12,2.28,,
Jun,15,58.00,2.10,2.10,10,1519,21.80,-.19,3.72,,
Jun,15,66.00,5.08,4.45,10,83,19.80,-.43,7.75,,
Jun,15,67.00,5.61,5.42,3,3,19.50,-.47,6.91,,
Jun,15,68.00,6.17,9.09,10,283,19.40,-.52,6.14,,
Jun,15,71.00,8.04,7.70,10,20,18.80,-.66,4.13,,
Jun,15,80.00,15.30,17.00,71,53,18.00,-1.00,1.05,,
Dec,15,46.00,.98,.98,20,24,25.90,-.05,1.12,,
Dec,15,80.00,16.25,23.00,18,33,19.00,-1.00,1.76,,
Mar,16,64.00,6.61,6.55,60,523,21.50,-.34,6.30,,
Mar,16,68.00,8.84,7.00,2,-,21.30,-.46,5.83,,
Jun,17,54.00,5.25,4.59,4,4,24.50,-.18,2.80,,
,
ResMed Inc Last Sale Price $5.51,
Aug,14,5.00,.01,.04,6,3855,32.00,-.05,4.26,,
Aug,14,5.25,.03,.02,5342,4422,26.20,-.15,11.83,,
Sep,14,5.50,.14,.14,100,175,19.60,-.45,22.87,,
Dec,14,5.50,.28,.83,4000,4070,22.20,-.43,14.98,,
,
Regis Res Last Sale Price $1.93,
Aug,14,1.75,.02,.03,100,45,54.80,-.16,27.09,,
Aug,14,1.80,.03,.01,100,320,53.50,-.23,40.63,,
,
Scentre Grp Last Sale Price $3.50,
Sep,14,3.18,.00,.03,348,348,17.30,-.04,.99,,
,
Seek Last Sale Price $16.57,
Aug,14,16.00,.19,.14,100,470,33.70,-.27,29.11,,
Sep,14,14.00,.07,.10,30,290,34.90,-.06,3.41,,
Sep,14,16.00,.41,.59,256,256,28.30,-.32,21.50,,
,
Sims Metal Mgt Last Sale Price $11.95,
Aug,14,11.25,.07,.12,200,514,33.10,-.15,14.18,,
Sep,14,11.50,.22,.25,12000,12117,26.30,-.29,15.64,,
Mar,15,10.75,.48,.57,12,12,26.50,-.23,6.55,,
,
Stockland Last Sale Price $4.14,
Aug,14,4.00,.01,.02,1661,2601,21.30,-.18,9.45,,
Sep,14,4.00,.04,.06,500,1602,19.00,-.25,9.45,,
Sep,14,4.10,.07,.09,500,500,18.30,-.39,15.74,,
,
Sonic Healthcare Last Sale Price $17.77,
Aug,14,18.00,.42,.28,100,125,22.60,-.60,28.61,,
Sep,14,17.50,.45,.40,5,255,17.20,-.35,21.76,,
,
Santos Last Sale Price $14.40,
Aug,14,13.25,.04,.12,99,4714,30.40,-.07,7.24,,
Aug,14,13.50,.06,.10,250,2265,28.10,-.10,10.86,,
Aug,14,13.75,.10,.14,199,3580,26.20,-.16,17.20,,
Aug,14,14.00,.16,.20,200,2213,24.70,-.25,28.97,,
Aug,14,14.01,.16,.17,305,3552,24.70,-.26,28.97,,
Aug,14,14.26,.26,.36,620,2312,23.70,-.39,47.07,,
Aug,14,14.51,.41,.40,100,1975,23.00,-.55,53.41,,
Sep,14,13.00,.07,.09,60,4093,24.90,-.09,4.53,,
Sep,14,13.75,.20,.23,1962,3605,21.70,-.23,12.07,,
Sep,14,14.00,.28,.29,2265,4739,21.00,-.30,16.60,,
Sep,14,14.26,.38,.64,502,2196,20.40,-.40,22.93,,
Sep,14,14.50,.52,.53,25,895,20.00,-.50,25.05,,
Sep,14,14.51,.52,.55,100,753,20.00,-.51,24.44,,
Sep,14,14.75,.68,.85,31,572,19.80,-.61,19.61,,
Oct,14,11.75,.04,.06,100,115,27.80,-.04,1.48,,
Oct,14,12.50,.08,.10,200,315,24.40,-.08,2.63,,
Oct,14,13.00,.14,.23,51,130,22.70,-.13,4.44,,
Oct,14,13.25,.17,.22,94,193,22.00,-.16,5.76,,
Oct,14,13.50,.23,.29,57,2087,21.30,-.21,7.57,,
Oct,14,13.75,.30,.45,40,4500,20.70,-.26,9.88,,
Oct,14,14.00,.39,.38,160,1050,20.20,-.32,12.67,,
Oct,14,14.01,.39,.56,10,317,20.20,-.33,12.67,,
Nov,14,14.50,.67,.73,1200,388,18.90,-.47,13.76,,
Dec,14,13.50,.33,.38,200,403,20.70,-.23,6.64,,
Dec,14,14.00,.50,.51,50,1042,19.90,-.33,9.96,,
Dec,14,14.01,.49,.54,15,385,19.80,-.34,9.86,,
Dec,14,14.25,.60,.77,300,622,19.50,-.39,12.07,,
Jan,15,13.75,.47,.48,15,140,19.70,-.29,7.09,,
Mar,15,9.50,.04,.05,1,335,28.60,-.02,.40,,
Mar,15,12.00,.20,.27,15,50,22.60,-.10,2.21,,
Mar,15,13.50,.55,.65,15,315,20.50,-.26,6.22,,
Mar,15,13.75,.64,.65,10,210,20.20,-.30,7.24,,
Mar,15,14.00,.74,.81,130,1002,19.90,-.34,8.37,,
Mar,15,14.50,.98,1.13,16,3597,19.40,-.44,9.96,,
Mar,15,15.50,1.61,1.90,14,14,18.80,-.67,5.77,,
Mar,15,17.00,2.84,3.16,31,31,18.70,-1.00,2.66,,
Mar,15,17.01,2.82,3.15,144,634,18.70,-1.00,2.38,,
Jun,15,11.00,.16,.18,100,100,24.20,-.07,1.29,,
Jun,17,12.00,.81,.86,140,360,19.70,-.16,1.97,,
,
Suncorp Grp Last Sale Price $14.88,
Aug,14,12.75,.01,.05,1000,4959,39.30,-.02,2.63,,
Aug,14,13.00,.02,.01,1084,1597,35.70,-.02,3.50,,
Aug,14,13.25,.03,.13,375,3869,32.10,-.02,4.38,,
Aug,14,13.26,.03,.13,25,135,31.90,-.02,4.38,,
Aug,14,13.50,.04,.04,1173,1187,28.50,-.03,6.13,,
Aug,14,13.51,.04,.07,100,4,28.40,-.03,6.13,,
Aug,14,13.75,.04,.09,695,1725,25.30,-.04,7.88,,
Aug,14,14.00,.07,.04,2931,1662,22.60,-.07,12.26,,
Aug,14,14.25,.13,.04,1497,207,20.80,-.12,21.90,,
Aug,14,14.50,.22,.11,900,984,19.90,-.22,38.55,,
Aug,14,14.75,.37,.22,651,30,19.80,-.38,64.83,,
Aug,14,15.00,.57,.42,455,-,20.50,-.56,78.85,,
Sep,14,11.61,.01,.01,411,256,34.30,-.01,.88,,
Sep,14,13.30,.05,.22,400,2181,21.30,-.05,2.92,,
Sep,14,13.54,.07,.29,302,1416,19.70,-.06,4.09,,
Sep,14,13.79,.10,.48,200,441,18.40,-.09,5.84,,
Sep,14,14.03,.14,.10,600,451,17.50,-.13,8.47,,
Sep,14,14.27,.22,.14,25,230,16.80,-.19,12.56,,
Sep,14,14.52,.32,.43,40,178,16.30,-.28,18.69,,
Sep,14,16.94,2.46,3.31,80,80,25.70,-.99,23.36,,
Oct,14,12.50,.04,.06,200,210,22.70,-.03,1.43,,
Oct,14,13.75,.16,.51,23,116,17.60,-.12,5.10,,
Oct,14,14.00,.22,.17,205,430,17.00,-.17,7.01,,
Oct,14,14.25,.29,.23,10701,10001,16.40,-.23,9.40,,
Oct,14,14.50,.40,.29,90,60,16.00,-.30,12.74,,
Oct,14,14.75,.53,.45,600,-,15.70,-.39,16.88,,
Oct,14,15.00,.69,.58,25,-,15.60,-.49,18.00,,
Nov,14,12.75,.07,.20,600,600,20.20,-.05,1.75,,
Nov,14,13.50,.17,.38,30,30,18.10,-.11,3.85,,
Nov,14,13.75,.21,.57,102,1102,17.50,-.15,4.91,,
Nov,14,14.00,.28,.71,100,100,16.90,-.19,6.42,,
Nov,14,14.50,.46,.51,75,156,16.00,-.31,10.75,,
Nov,14,14.75,.58,.69,10,10,15.80,-.39,13.67,,
Dec,14,12.34,.07,.09,40,47,21.30,-.04,1.36,,
Dec,14,12.58,.08,.07,1000,1110,20.40,-.05,1.56,,
Dec,14,13.31,.15,.58,96,196,18.00,-.10,2.92,,
Dec,14,13.55,.19,.23,500,500,17.40,-.13,3.70,,
Dec,14,13.79,.25,.63,49,229,16.80,-.16,4.77,,
Dec,14,13.80,.24,.55,140,190,16.80,-.16,4.67,,
Dec,14,14.52,.50,.73,500,67,15.70,-.32,9.73,,
Dec,14,15.48,1.12,1.04,100,-,15.60,-.63,10.03,,
Jun,15,6.29,.00,.01,1440,2390,29.50,-,-,,
,
Sydney Airport Last Sale Price $4.31,
Sep,14,4.30,.07,.06,1876,1450,14.00,-.43,14.11,,
Sep,14,4.40,.13,.12,3,2150,13.70,-.65,7.06,,
Jun,15,4.10,.17,.14,600,1800,15.70,-.26,4.44,,
,
Tabcorp Hldgs Last Sale Price $3.52,
Aug,14,3.40,.02,.04,240,2390,23.30,-.20,14.81,,
Sep,14,3.30,.03,.03,100,700,22.90,-.17,6.17,,
Oct,14,3.30,.05,.14,323,323,21.80,-.21,6.73,,
Oct,14,3.50,.11,.17,323,323,20.10,-.42,14.81,,
Nov,14,3.20,.04,.06,100,100,22.60,-.17,4.44,,
,
Transurban Grp Last Sale Price $7.90,
Aug,14,7.67,.02,.02,50,1860,16.10,-.15,6.60,,
,
Ten Network Hldgs Last Sale Price $0.27,
Sep,14,0.26,.02,.01,3600,19461,58.60,-.41,65.59,,
,
Telstra Corp Last Sale Price $5.58,
Aug,14,4.90,-,.01,1000,4818,16.00,-,3.27,,
Aug,14,5.10,.00,.01,1400,10556,15.30,-,.47,,
Aug,14,5.20,.00,.03,10477,13949,14.80,-,1.87,,
Aug,14,5.25,.01,.04,2100,7460,14.60,-.01,3.27,,
Aug,14,5.26,.01,.04,10200,10156,14.50,-.01,3.74,,
Aug,14,5.30,.01,.01,4500,4079,14.50,-.02,7.01,,
Aug,14,5.31,.01,.02,1900,8100,14.50,-.03,7.01,,
Aug,14,5.35,.03,.01,4696,7725,14.50,-.05,11.68,,
Aug,14,5.41,.05,.03,1363,1650,14.80,-.12,23.36,,
Aug,14,5.50,.10,.06,2985,2729,15.30,-.28,46.72,,
Aug,14,5.51,.11,.20,7000,1199,15.50,-.31,51.40,,
Sep,14,4.60,.00,.00,1000,9721,21.80,-,.16,,
Sep,14,4.80,.00,.01,50,12460,19.80,-,.62,,
Sep,14,4.81,.00,.01,104,4804,19.60,-,.62,,
Sep,14,5.00,.01,.01,2000,20046,16.90,-.02,1.25,,
Sep,14,5.11,.01,.01,1700,2745,15.10,-.03,2.34,,
Sep,14,5.20,.02,.04,2250,33092,13.80,-.05,3.11,,
Sep,14,5.21,.02,.06,25,1880,13.70,-.05,3.11,,
Sep,14,5.26,.03,.02,450,3640,13.10,-.07,4.67,,
Sep,14,5.30,.04,.03,500,4860,12.70,-.09,5.45,,
Sep,14,5.40,.07,.04,10530,5310,12.00,-.16,10.12,,
Sep,14,5.41,.07,.06,550,800,12.00,-.18,10.90,,
Sep,14,5.50,.12,.10,5300,1585,11.90,-.30,18.69,,
Sep,14,5.51,.12,.09,1000,100,11.90,-.32,18.69,,
Sep,14,5.61,.20,.20,100,1000,12.30,-.51,25.70,,
Sep,14,6.01,.57,.59,40,2791,17.20,-.97,21.80,,
Oct,14,5.25,.06,.04,500,3906,14.20,-.13,5.10,,
Oct,14,5.26,.06,.04,500,3150,14.20,-.13,5.10,,
Oct,14,5.50,.16,.11,3630,270,13.70,-.34,13.59,,
Oct,14,5.75,.34,.30,1100,550,14.50,-.65,14.87,,
Nov,14,4.50,.01,.01,1000,-,20.90,-.02,.56,,
Nov,14,5.25,.06,.04,455,3125,12.20,-.12,3.43,,
Nov,14,5.50,.16,.15,470,1670,11.70,-.33,9.66,,
Nov,14,5.75,.34,.46,52,52,12.30,-.65,10.59,,
Dec,14,4.40,.01,.01,1000,5600,20.00,-.01,.36,,
Dec,14,4.50,.01,.01,1200,5400,19.10,-.02,.47,,
Dec,14,4.60,.01,.02,1000,41436,18.10,-.02,.52,,
Dec,14,4.80,.01,.06,200,7000,15.70,-.03,.78,,
Dec,14,4.81,.01,.17,104,1524,15.60,-.03,.78,,
Dec,14,5.10,.04,.03,3000,5934,12.40,-.07,1.82,,
Dec,14,5.11,.04,.08,500,2110,12.40,-.07,1.82,,
Dec,14,5.20,.04,.06,1000,7650,11.70,-.10,2.34,,
Dec,14,5.21,.05,.10,5000,4873,11.60,-.10,2.60,,
Dec,14,5.26,.06,.05,2500,650,11.30,-.12,3.11,,
Dec,14,5.30,.07,.12,9000,12875,11.10,-.14,3.63,,
Dec,14,5.40,.11,.10,500,19675,10.80,-.21,5.45,,
Dec,14,5.41,.11,.09,900,1200,10.80,-.22,5.45,,
Dec,14,5.50,.16,.16,4000,4125,10.70,-.32,8.05,,
Jan,15,5.25,.09,.07,600,900,12.90,-.16,3.50,,
Mar,15,4.50,.03,.03,1000,200,16.60,-.03,.73,,
Mar,15,4.60,.03,.04,290,1280,15.60,-.03,.88,,
Mar,15,5.01,.07,.07,350,4070,12.80,-.08,2.19,,
Mar,15,5.10,.10,.14,1800,5400,12.40,-.10,2.77,,
Mar,15,5.11,.10,.12,1600,2120,12.30,-.10,2.77,,
Mar,15,5.20,.13,.14,1500,9000,12.00,-.14,3.65,,
Mar,15,5.26,.14,.14,600,3500,11.80,-.16,4.23,,
Mar,15,5.30,.17,.18,100,280,11.70,-.18,4.82,,
Mar,15,5.31,.17,.22,6120,5720,11.70,-.19,4.82,,
Mar,15,5.40,.21,.33,200,430,11.60,-.25,6.13,,
Mar,15,5.51,.27,.26,1050,3000,11.60,-.34,7.88,,
Jun,15,4.80,.06,.09,200,4554,13.60,-.06,1.25,,
Jun,15,4.90,.07,.13,200,200,13.10,-.07,1.56,,
Jun,15,5.30,.20,.35,12000,7066,12.10,-.20,4.05,,
Sep,15,5.20,.25,.23,300,-,13.20,-.19,4.03,,
Sep,15,5.30,.29,.28,900,-,13.20,-.22,4.75,,
Sep,15,5.40,.35,.45,7920,5697,13.20,-.30,5.64,,
Sep,15,6.50,1.23,1.25,1,20,14.80,-1.00,4.99,,
Dec,15,4.60,.10,.11,7150,8755,15.00,-.07,1.27,,
Dec,15,5.00,.20,.43,150,33732,14.10,-.13,2.67,,
Dec,15,5.20,.28,.27,660,2804,13.80,-.20,3.74,,
Dec,15,5.50,.44,.41,900,4775,13.60,-.33,5.87,,
Mar,16,5.50,.54,.62,600,1780,14.10,-.33,5.96,,
Dec,16,5.50,.68,.67,185,4179,15.30,-.33,5.13,,
,
Toll Hldgs Last Sale Price $5.36,
Aug,14,4.90,.01,.03,80,460,33.60,-.07,4.86,,
Aug,14,5.50,.19,.17,150,210,25.10,-.69,21.89,,
Sep,14,6.00,.79,.79,180,257,20.70,-1.00,23.51,,
Oct,14,5.25,.22,.12,29,79,21.50,-.36,19.01,,
Dec,14,5.00,.17,.14,100,30,22.90,-.24,8.92,,
,
Tatts Grp Last Sale Price $3.47,
Aug,14,3.30,.03,.03,500,39,34.20,-.20,18.78,,
,
Westpac Banking Last Sale Price $34.09,
Aug,14,30.00,.00,.05,250,710,28.20,-,.31,,
Aug,14,30.50,.01,.04,60,445,27.10,-.01,.61,,
Aug,14,31.00,.01,.09,20,1753,25.40,-.02,1.15,,
Aug,14,31.50,.02,.12,180,1750,23.30,-.03,1.53,,
Aug,14,32.00,.03,.09,549,4241,21.00,-.05,2.29,,
Aug,14,32.01,.03,.17,20,454,20.90,-.05,2.29,,
Aug,14,32.50,.04,.04,1435,3525,18.70,-.08,3.44,,
Aug,14,33.00,.07,.10,2112,6076,16.50,-.13,5.74,,
Aug,14,33.01,.07,.18,499,3084,16.50,-.13,5.74,,
Aug,14,33.50,.14,.13,1050,10409,14.70,-.24,11.09,,
Aug,14,33.51,.14,.72,155,1345,14.60,-.24,11.09,,
Aug,14,34.00,.28,.22,435,2121,13.20,-.43,21.80,,
Aug,14,34.01,.28,.71,600,1864,13.10,-.43,21.80,,
Aug,14,34.50,.55,.56,50,1347,12.10,-.68,10.32,,
Aug,14,34.51,.55,1.40,10,413,12.10,-.69,9.56,,
Aug,14,35.01,.94,.56,370,144,11.70,-.92,1.15,,
Aug,14,35.50,1.41,1.37,20,-,12.10,-1.00,-,,
Sep,14,28.82,.02,.02,621,2407,25.00,-.02,.51,,
Sep,14,29.32,.03,.10,7,1887,23.90,-.02,.64,,
Sep,14,29.33,.03,.09,150,675,23.80,-.02,.64,,
Sep,14,29.82,.04,.07,1300,3093,22.60,-.03,.89,,
Sep,14,31.01,.06,.18,20,370,19.40,-.06,1.53,,
Sep,14,31.31,.07,.08,700,8592,18.60,-.07,1.78,,
Sep,14,31.80,.10,.28,20,1109,17.30,-.09,2.42,,
Sep,14,32.30,.13,.17,1259,2621,16.00,-.13,3.31,,
Sep,14,32.31,.14,.41,10,795,16.00,-.13,3.44,,
Sep,14,32.80,.19,.22,116,2965,14.90,-.18,4.84,,
Sep,14,33.30,.28,.27,932,4275,13.90,-.26,7.14,,
Sep,14,33.79,.41,.41,440,2028,13.00,-.37,10.58,,
Sep,14,33.80,.41,.41,220,1015,13.00,-.37,10.58,,
Sep,14,34.29,.63,.85,286,2740,12.40,-.51,10.83,,
Sep,14,34.79,.92,1.72,10,169,12.00,-.67,5.61,,
Oct,14,28.00,.04,.10,250,250,23.90,-.03,.56,,
Oct,14,28.01,.04,.10,250,250,23.90,-.03,.56,,
Oct,14,29.00,.06,.09,250,250,21.80,-.04,.83,,
Oct,14,31.00,.14,.29,30,649,17.70,-.09,1.88,,
Oct,14,31.50,.17,.14,6,199,16.70,-.11,2.36,,
Oct,14,32.00,.22,.48,11,671,15.90,-.15,3.06,,
Oct,14,32.50,.29,.31,1322,2351,15.10,-.19,4.10,,
Oct,14,33.00,.39,.35,120,428,14.40,-.25,5.42,,
Oct,14,33.50,.52,.47,71,240,13.70,-.32,7.23,,
Oct,14,34.00,.70,.82,2,1349,13.20,-.42,9.73,,
Oct,14,34.01,.69,.66,80,267,13.20,-.42,9.59,,
Nov,14,32.50,.64,1.09,100,180,14.70,-.21,6.53,,
Nov,14,33.50,1.02,1.71,10,76,13.80,-.33,10.45,,
Nov,14,34.00,1.28,1.93,44,405,13.50,-.41,13.10,,
Dec,14,24.85,.06,.04,13,2083,27.60,-.02,.51,,
Dec,14,30.81,.37,.45,600,3892,17.10,-.11,3.14,,
Dec,14,31.31,.46,.42,585,1567,16.50,-.13,3.87,,
Dec,14,31.80,.56,.63,20,4050,16.00,-.17,4.80,,
Dec,14,32.80,.86,.92,200,6093,15.00,-.25,7.35,,
Jan,15,32.00,.75,1.18,4,95,15.70,-.20,4.75,,
Mar,15,29.32,.40,.46,30,30,18.40,-.09,1.89,,
Mar,15,30.81,.64,.62,20,25,17.00,-.15,3.06,,
Mar,15,31.80,.89,1.22,10,7528,16.20,-.20,4.23,,
Mar,15,32.30,1.03,1.45,50,748,15.90,-.24,4.95,,
Mar,15,35.28,2.51,3.27,400,1312,14.20,-.57,6.31,,
Jun,15,25.84,.30,.36,12,392,21.40,-.04,1.04,,
Jun,15,30.81,1.13,1.50,160,220,17.30,-.17,3.84,,
,
Wesfarmers Last Sale Price $43.56,
Aug,14,39.00,.04,.12,44,870,26.10,-.01,2.09,,
Aug,14,39.50,.04,.16,50,1719,23.90,-.01,2.39,,
Aug,14,40.00,.05,.17,10,1553,21.70,-.02,2.99,,
Aug,14,40.51,.07,.17,10,10,19.70,-.02,4.19,,
Aug,14,41.00,.11,.17,110,1262,18.30,-.03,6.58,,
Aug,14,41.01,.11,.50,20,2244,18.20,-.03,6.58,,
Aug,14,41.50,.19,.13,970,1668,17.20,-.06,11.07,,
Aug,14,41.51,.19,.47,10,470,17.20,-.06,11.07,,
Aug,14,42.00,.32,.33,235,580,16.50,-.11,18.85,,
Aug,14,42.01,.32,.34,65,1000,16.50,-.11,18.85,,
Aug,14,42.50,.52,.42,1470,1780,16.30,-.19,31.12,,
Aug,14,43.00,.81,.88,91,808,16.30,-.31,48.78,,
Sep,14,33.03,.00,.01,28,61,26.90,-,-,,
Sep,14,33.04,.00,.01,50,70,26.90,-,-,,
Sep,14,37.53,.06,.13,50,326,22.20,-.02,1.10,,
Sep,14,39.54,.14,.13,480,886,18.40,-.04,2.79,,
Sep,14,40.04,.19,.35,17,3071,17.50,-.06,3.69,,
Sep,14,41.05,.34,.45,50,337,16.20,-.11,6.68,,
Sep,14,41.54,.46,.41,151,170,15.70,-.15,9.18,,
Sep,14,42.04,.63,.56,185,246,15.30,-.20,12.47,,
Sep,14,42.05,.62,.54,68,417,15.30,-.21,12.37,,
Sep,14,42.54,.84,.73,500,4711,15.00,-.27,16.76,,
Sep,14,43.04,1.11,.97,141,2857,14.90,-.36,22.15,,
Sep,14,43.54,1.43,1.38,60,374,14.80,-.45,28.53,,
Oct,14,40.00,.32,.53,34,46,16.20,-.09,3.43,,
Oct,14,40.50,.41,.63,142,172,15.70,-.12,4.41,,
Oct,14,41.01,.51,.47,7,112,15.30,-.15,5.55,,
Oct,14,43.00,1.29,1.28,10,42,14.30,-.36,14.04,,
Oct,14,43.50,1.59,1.60,15,71,14.10,-.43,17.25,,
Oct,14,44.00,1.92,1.78,111,50,14.10,-.51,16.11,,
Nov,14,39.00,.28,.42,400,485,16.70,-.07,2.27,,
Nov,14,40.00,.44,.66,56,71,15.90,-.11,3.47,,
Dec,14,33.03,.04,.05,12,73,22.20,-.01,.27,,
Dec,14,41.05,.78,1.12,4,239,15.50,-.19,5.19,,
Dec,14,43.04,1.57,1.81,32,928,14.40,-.37,10.44,,
Jan,15,39.00,.43,.63,100,100,15.80,-.10,2.14,,
Jan,15,39.50,.54,.72,10,10,15.70,-.12,2.69,,
Jan,15,44.00,2.28,2.31,50,50,14.10,-.47,9.18,,
Mar,15,40.54,1.31,1.43,15,42,15.90,-.19,4.90,,
Mar,15,41.04,1.50,1.50,7,150,15.70,-.22,5.61,,
Jun,15,40.04,1.45,1.91,25,25,16.20,-.19,3.86,,
Jun,15,41.04,1.82,2.75,750,3790,15.90,-.24,4.84,,
,
Westfield Corp Last Sale Price $7.52,
Oct,14,7.39,.14,.24,250,220,15.20,-.34,8.51,,
Dec,14,6.55,.04,.04,10,120,18.80,-.07,1.35,,
Dec,14,7.06,.09,.11,10,1437,16.30,-.19,3.47,,
Sep,15,7.00,.32,.32,50,-,17.50,-.23,3.83,,
,
WorleyParsons Last Sale Price $17.09,
Aug,14,16.00,.13,.11,144,323,39.90,-.17,19.83,,
Aug,14,16.50,.23,.22,100,302,37.70,-.29,35.85,,
Aug,14,17.00,.42,.38,10,545,36.70,-.45,64.07,,
Aug,14,17.01,.42,.20,50,147,36.70,-.45,64.84,,
Aug,14,17.50,.70,.54,36,643,36.70,-.61,45.00,,
Sep,14,16.00,.34,.34,29,333,29.10,-.22,17.54,,
Sep,14,16.50,.54,.51,3,98,28.40,-.32,27.46,,
Sep,14,17.00,.80,.75,4,395,28.10,-.44,40.43,,
Oct,14,16.00,.51,.48,30,45,27.70,-.25,14.15,,
Oct,14,16.50,.70,.67,9,40,27.00,-.33,19.55,,
Nov,14,17.00,1.02,.47,50,64,25.20,-.42,20.85,,
Dec,14,20.00,3.40,3.50,20,70,25.60,-.89,8.39,,
Mar,15,15.00,.67,.64,38,23,26.60,-.19,6.39,,
,
Woolworths Last Sale Price $36.12,
Aug,14,33.50,.01,.06,20,195,20.20,-.02,.72,,
Aug,14,34.00,.02,.11,250,1593,18.90,-.04,1.44,,
Aug,14,34.50,.04,.04,211,1923,17.60,-.07,2.89,,
Aug,14,34.51,.04,.10,1250,1175,17.60,-.07,3.25,,
Aug,14,35.00,.09,.20,85,1642,16.40,-.14,6.14,,
Aug,14,35.01,.09,.34,100,1465,16.30,-.14,6.14,,
Aug,14,35.50,.17,.20,948,12737,15.40,-.25,11.91,,
Aug,14,35.51,.17,.33,128,2501,15.40,-.25,12.27,,
Aug,14,36.00,.33,.22,1142,1919,14.70,-.42,23.82,,
Aug,14,36.01,.34,.45,725,3432,14.70,-.43,24.18,,
Aug,14,36.50,.60,1.05,220,3158,14.60,-.63,15.88,,
Aug,14,37.01,.97,1.05,200,720,15.00,-.80,6.14,,
Sep,14,33.17,.13,.19,561,854,17.50,-.06,3.01,,
Sep,14,33.66,.18,.29,200,1193,16.70,-.08,4.33,,
Sep,14,33.67,.17,.34,170,1190,16.60,-.08,4.21,,
Sep,14,34.16,.26,.27,353,633,16.00,-.12,6.26,,
Sep,14,34.65,.38,.37,120,1600,15.40,-.17,9.02,,
Sep,14,34.66,.38,.49,731,1471,15.40,-.17,9.14,,
Sep,14,35.15,.55,.79,10,1287,14.90,-.25,13.23,,
Sep,14,35.16,.55,.80,50,1820,14.90,-.25,13.23,,
Sep,14,35.64,.78,.96,100,649,14.70,-.34,18.77,,
Sep,14,35.65,.78,1.22,10,910,14.70,-.35,18.65,,
Sep,14,36.14,1.08,1.58,30,5111,14.50,-.46,25.38,,
Sep,14,36.15,1.07,1.48,100,458,14.50,-.46,25.02,,
Oct,14,34.00,.38,.36,200,1384,15.30,-.15,4.92,,
Oct,14,34.01,.38,.55,10,5,15.20,-.15,4.92,,
Oct,14,34.50,.51,.51,30,1797,14.90,-.20,6.63,,
Oct,14,35.00,.68,.79,580,1655,14.50,-.26,8.92,,
Oct,14,35.01,.67,.86,28,1753,14.50,-.26,8.79,,
Oct,14,36.00,1.16,1.36,10,68,14.10,-.42,15.22,,
Oct,14,36.50,1.48,1.66,3,473,14.00,-.51,14.37,,
Nov,14,32.00,.17,.26,20,20,16.80,-.06,1.64,,
Nov,14,35.51,1.00,.95,10,-,14.20,-.34,9.58,,
Dec,14,28.71,.05,.04,10,20,20.30,-.02,.40,,
Dec,14,33.18,.38,.40,40,55,15.70,-.12,3.05,,
Dec,14,34.17,.58,.78,20,93,14.80,-.19,4.69,,
Dec,14,35.15,.93,1.30,25,1691,14.10,-.29,7.42,,
Jan,15,34.00,.69,.87,12,12,14.90,-.19,4.12,,
Mar,15,32.00,.55,.66,500,515,16.40,-.11,2.48,,
Mar,15,36.00,2.00,2.01,100,120,14.90,-.40,9.05,,
Jun,15,33.17,1.09,1.27,100,100,16.00,-.18,3.50,,
,
Woodside Petroleum Last Sale Price $42.43,
Aug,14,34.50,.00,.02,150,2253,31.40,-,-,,
Aug,14,35.50,.00,.27,564,590,31.00,-,.18,,
Aug,14,38.00,.03,.07,309,1010,25.40,-,1.84,,
Aug,14,38.50,.04,.09,100,750,23.60,-.01,2.77,,
Aug,14,39.00,.07,.14,110,1086,21.90,-.02,3.99,,
Aug,14,39.50,.10,.10,676,1926,20.50,-.03,5.84,,
Aug,14,39.51,.10,.24,50,843,20.50,-.03,5.84,,
Aug,14,40.00,.16,.17,717,2691,19.30,-.05,9.52,,
Aug,14,40.01,.16,.20,130,1043,19.30,-.05,9.52,,
Aug,14,40.50,.26,.28,105,1584,18.60,-.08,15.98,,
Aug,14,40.51,.26,.36,10,1241,18.60,-.08,15.98,,
Aug,14,41.00,.43,.43,253,3981,18.20,-.14,26.42,,
Aug,14,41.01,.43,.65,144,3966,18.20,-.14,26.42,,
Aug,14,41.50,.68,1.20,110,758,18.30,-.24,41.78,,
Aug,14,41.51,.69,.85,100,682,18.30,-.24,42.09,,
Aug,14,42.00,1.01,1.60,100,813,18.80,-.36,62.06,,
Aug,14,43.00,1.84,2.00,329,367,20.70,-.61,77.73,,
Sep,14,38.38,.14,.26,54,319,18.60,-.04,2.87,,
Sep,14,38.58,.16,.20,265,5025,18.30,-.05,3.17,,
Sep,14,38.59,.16,.23,5,360,18.30,-.05,3.17,,
Sep,14,39.55,.28,.35,165,1281,17.00,-.09,5.84,,
Sep,14,40.35,.47,.58,90,1169,16.30,-.15,9.63,,
Sep,14,41.51,.95,1.21,60,2854,15.80,-.29,19.46,,
Sep,14,45.28,4.00,4.30,15,382,19.90,-.85,23.55,,
Oct,14,37.00,.14,.19,166,2301,18.80,-.04,1.62,,
Oct,14,39.01,.36,.53,150,280,16.80,-.10,4.08,,
Oct,14,40.50,.76,.86,15,187,15.80,-.21,8.49,,
Oct,14,41.00,.95,1.26,8,2138,15.60,-.26,10.67,,
Oct,14,42.50,1.78,2.21,10,51,15.50,-.45,19.16,,
Nov,14,41.00,1.11,1.20,50,-,15.40,-.27,9.05,,
Dec,14,35.43,.16,.69,500,842,19.50,-.04,1.06,,
Dec,14,37.41,.32,.37,55,75,17.70,-.08,2.15,,
Dec,14,39.37,.68,.95,350,1152,16.40,-.16,4.64,,
Dec,14,39.55,.72,.76,50,1058,16.30,-.17,4.95,,
Dec,14,40.54,1.03,2.22,250,1216,15.80,-.24,7.07,,
Dec,14,41.35,1.35,1.47,50,310,15.50,-.31,9.18,,
Dec,14,43.30,2.54,2.76,20,910,15.30,-.53,11.44,,
Mar,15,34.45,.38,.41,47,295,18.90,-.05,1.44,,
Mar,15,37.40,.87,1.05,36,71,17.00,-.11,3.34,,
Jun,15,38.38,1.51,1.52,28,1250,17.20,-.17,4.14,,
Mar,16,42.00,5.00,5.15,20,20,16.90,-.35,7.33,,
Jun,17,40.00,5.74,6.12,6,6,18.30,-.27,4.70,,
,
XPJ Last Sale Price,
Aug,14,4875,-,.01,1275,1955,24.40,-,-,,
Aug,14,4900,-,.03,60,1956,24.20,-,-,,
Aug,14,4975,-,.02,665,2917,23.80,-,-,,
Aug,14,5000,-,.02,220,2598,23.60,-,-,,
Aug,14,5025,-,.03,80,3287,23.50,-,-,,
Aug,14,5050,-,.01,100,4664,23.30,-,-,,
Aug,14,5100,.00,.01,899,5952,22.80,-,-,,
Aug,14,5125,.00,.08,40,1727,22.50,-,-,,
Aug,14,5150,.00,.01,182,3178,22.10,-,-,,
Aug,14,5175,.00,.02,160,1319,21.60,-,-,,
Aug,14,5200,.00,.01,1103,4400,21.00,-,-,,
Aug,14,5225,.01,.01,355,3547,20.30,-,-,,
Aug,14,5250,.01,.01,2261,3442,19.50,-,-,,
Aug,14,5275,.01,.01,567,2386,18.70,-,-,,
Aug,14,5300,.01,.01,2917,5901,17.60,-,-,,
Aug,14,5325,.01,.01,1560,1475,16.90,-,-,,
Aug,14,5350,.02,.02,789,4402,15.90,-,-,,
Aug,14,5375,.02,.02,598,2491,14.70,-,-,,
Aug,14,5400,.03,.03,2798,9430,14.00,-,-,,
Aug,14,5425,.04,.03,1509,3022,13.10,-,-,,
Aug,14,5450,.05,.04,3843,3762,11.80,-,-,,
Aug,14,5475,.07,.07,3392,4039,10.80,-,-,,
Aug,14,5500,.10,.10,5885,7187,9.70,-,-,,
Aug,14,5525,.16,.18,1861,2554,9.00,-,-,,
Aug,14,5550,.25,.26,2549,3582,8.30,-,-,,
Aug,14,5575,.38,.34,320,1027,7.40,-,-,,
Aug,14,5600,.55,.72,782,1425,5.80,-,-,,
Aug,14,5625,.83,1.84,15,794,9.80,-,-,,
Aug,14,5650,1.05,1.33,30,723,10.00,-,-,,
Aug,14,5700,1.54,1.81,10,346,10.80,-,-,,
Aug,14,5750,2.03,2.53,10,114,12.00,-,-,,
Sep,14,4450,.01,.02,300,1030,26.30,-,-,,
Sep,14,4500,.01,.01,30,2248,25.80,-,-,,
Sep,14,4550,.01,.01,525,1594,25.30,-,-,,
Sep,14,4575,.01,.03,250,569,25.00,-,-,,
Sep,14,4600,.01,.01,10,416,24.50,-,-,,
Sep,14,4650,.01,.02,80,1602,24.00,-,-,,
Sep,14,4675,.01,.02,180,1045,23.60,-,-,,
Sep,14,4700,.02,.02,660,4393,23.30,-,-,,
Sep,14,4725,.02,.04,212,754,22.90,-,-,,
Sep,14,4750,.02,.02,503,1233,22.50,-,-,,
Sep,14,4775,.02,.05,320,601,22.10,-,-,,
Sep,14,4800,.02,.05,55,20185,21.70,-,-,,
Sep,14,4825,.03,.03,610,2390,21.30,-,-,,
Sep,14,4850,.03,.04,59,9996,20.90,-,-,,
Sep,14,4875,.03,.06,430,1868,20.50,-,-,,
Sep,14,4900,.04,.04,1740,12642,20.60,-,-,,
Sep,14,4925,.04,.07,327,3045,19.70,-,-,,
Sep,14,4950,.04,.08,107,1207,19.30,-,-,,
Sep,14,4975,.05,.05,2175,3801,18.90,-,-,,
Sep,14,5000,.05,.07,398,6527,18.40,-,-,,
Sep,14,5025,.06,.06,84,1014,18.00,-,-,,
Sep,14,5050,.06,.07,618,1876,17.60,-,-,,
Sep,14,5075,.07,.07,138,805,17.10,-,-,,
Sep,14,5100,.08,.09,598,5546,16.70,-,-,,
Sep,14,5125,.09,.11,379,1132,16.20,-,-,,
Sep,14,5150,.10,.17,919,2155,15.80,-,-,,
Sep,14,5175,.11,.12,362,1222,15.30,-,-,,
Sep,14,5200,.12,.11,1564,6854,14.90,-,-,,
Sep,14,5225,.14,.14,157,2181,14.50,-,-,,
Sep,14,5250,.15,.16,1449,5418,13.90,-,-,,
Sep,14,5275,.17,.18,4401,4872,13.50,-,-,,
Sep,14,5300,.19,.18,4058,15908,13.00,-,-,,
Sep,14,5325,.22,.21,524,2113,12.60,-,-,,
Sep,14,5350,.25,.24,679,3911,12.10,-,-,,
Sep,14,5375,.29,.28,719,1940,11.70,-,-,,
Sep,14,5400,.34,.33,1391,5896,11.40,-,-,,
Sep,14,5425,.39,.38,336,603,10.90,-,-,,
Sep,14,5450,.46,.49,1017,2045,10.60,-,-,,
Sep,14,5475,.54,.53,362,492,10.20,-,-,,
Sep,14,5500,.63,.67,6059,4091,9.90,-,-,,
Sep,14,5525,.74,.75,312,461,9.60,-,-,,
Sep,14,5550,.86,.85,798,1514,9.20,-,-,,
Sep,14,5600,1.19,1.60,79,823,9.00,-,-,,
Sep,14,5700,2.03,1.43,100,391,9.70,-,-,,
Sep,14,5775,2.73,3.64,10,70,9.90,-,-,,
Sep,14,6400,8.92,9.25,12,1508,18.80,-,-,,
Oct,14,4300,.02,.02,10,21,26.40,-,-,,
Oct,14,4475,.02,.02,427,21,22.60,-,-,,
Oct,14,4500,.03,.03,270,120,22.90,-,-,,
Oct,14,4550,.03,.03,10,-,22.30,-,-,,
Oct,14,4575,.03,.05,267,267,22.10,-,-,,
Oct,14,4625,.04,.06,71,169,21.50,-,-,,
Oct,14,4650,.04,.05,120,276,21.30,-,-,,
Oct,14,4675,.05,.07,50,1201,21.00,-,-,,
Oct,14,4700,.05,.05,40,228,20.70,-,-,,
Oct,14,4725,.06,.08,90,89,20.40,-,-,,
Oct,14,4750,.06,.06,300,211,20.10,-,-,,
Oct,14,4775,.07,.09,194,1468,19.80,-,-,,
Oct,14,4800,.07,.10,658,585,19.50,-,-,,
Oct,14,4825,.08,.15,114,114,19.20,-,-,,
Oct,14,4900,.10,.10,209,702,18.30,-,-,,
Oct,14,4925,.11,.21,5,15,18.00,-,-,,
Oct,14,4950,.11,.12,152,185,17.70,-,-,,
Oct,14,5000,.14,.14,578,930,17.00,-,-,,
Oct,14,5025,.15,.20,64,686,16.70,-,-,,
Oct,14,5050,.16,.32,248,374,16.30,-,-,,
Oct,14,5075,.17,.32,23,92,16.00,-,-,,
Oct,14,5100,.19,.20,56,219,15.70,-,-,,
Oct,14,5125,.20,.24,23,116,15.30,-,-,,
Oct,14,5150,.22,.29,40,128,15.00,-,-,,
Oct,14,5175,.24,.55,11,98,14.60,-,-,,
Oct,14,5200,.26,.25,358,936,14.20,-,-,,
Oct,14,5225,.29,.57,19,211,14.00,-,-,,
Oct,14,5250,.31,.73,72,324,13.50,-,-,,
Oct,14,5275,.35,.62,10,621,13.40,-,-,,
Oct,14,5300,.38,.44,228,505,13.00,-,-,,
Oct,14,5325,.42,.80,35,232,12.60,-,-,,
Oct,14,5350,.47,.63,116,712,12.40,-,-,,
Oct,14,5375,.52,.57,20,250,12.10,-,-,,
Oct,14,5400,.58,.58,67,479,11.80,-,-,,
Oct,14,5425,.65,.63,7,29,11.60,-,-,,
Oct,14,5450,.72,.99,6,120,11.30,-,-,,
Oct,14,5500,.90,1.22,88,1147,10.80,-,-,,
Oct,14,5550,1.12,1.23,21,350,10.30,-,-,,
Oct,14,5575,1.25,1.25,24,37,10.10,-,-,,
Oct,14,5700,2.12,2.19,116,255,10.10,-,-,,
Dec,14,4000,.02,.04,1,6372,23.70,-,-,,
Dec,14,4400,.07,.11,30,2190,20.30,-,-,,
Dec,14,4500,.09,.11,100,3236,19.60,-,-,,
Dec,14,4650,.14,.21,460,8471,18.50,-,-,,
Dec,14,4700,.16,.24,80,372,18.10,-,-,,
Dec,14,4800,.21,.20,97,4419,17.30,-,-,,
Dec,14,4850,.24,.23,65,198,16.90,-,-,,
Dec,14,4900,.28,.34,7,16577,16.50,-,-,,
Dec,14,4975,.34,.38,30,53,15.90,-,-,,
Dec,14,5000,.36,.36,961,11060,15.60,-,-,,
Dec,14,5050,.42,.39,110,200,15.30,-,-,,
Dec,14,5100,.48,.46,648,888,14.80,-,-,,
Dec,14,5200,.62,.67,5025,11092,13.90,-,-,,
Dec,14,5250,.72,.69,58,1119,13.60,-,-,,
Dec,14,5275,.77,.73,42,1532,13.30,-,-,,
Dec,14,5300,.83,.83,103,4897,13.20,-,-,,
Dec,14,5325,.89,1.09,4,2736,13.00,-,-,,
Dec,14,5350,.96,1.53,10,222,12.80,-,-,,
Dec,14,5400,1.10,1.34,25,3629,12.40,-,-,,
Dec,14,5425,1.21,1.43,22,341,12.40,-,-,,
Dec,14,5450,1.30,1.00,138,452,12.20,-,-,,
Dec,14,5475,1.38,1.63,50,77,11.90,-,-,,
Dec,14,5500,1.49,1.44,137,2831,11.80,-,-,,
Dec,14,5550,1.73,1.85,60,835,11.60,-,-,,
Dec,14,5600,1.96,2.20,63,1135,11.10,-,-,,
Dec,14,5700,2.59,3.08,96,577,10.90,-,-,,
Mar,15,4050,.09,.09,35,130,21.00,-,-,,
Mar,15,4075,.10,.10,20,45,20.80,-,-,,
Mar,15,4100,.10,.10,10,35,20.70,-,-,,
Mar,15,4200,.13,.15,1010,728,20.10,-,-,,
Mar,15,4350,.18,.19,72,741,19.20,-,-,,
Mar,15,4400,.20,.32,1118,1060,18.90,-,-,,
Mar,15,4700,.40,.42,6,104,17.00,-,-,,
Mar,15,4800,.49,.51,22,3085,16.40,-,-,,
Mar,15,4850,.55,.60,325,3565,16.10,-,-,,
Mar,15,4900,.61,.66,40,1595,15.80,-,-,,
Mar,15,5000,.76,.90,72,245,15.20,-,-,,
Mar,15,5200,1.18,1.26,4,3539,14.10,-,-,,
Mar,15,5300,1.46,1.68,25,708,13.50,-,-,,
Mar,15,5350,1.63,2.50,700,736,13.30,-,-,,
Mar,15,5400,1.80,2.12,60,324,13.00,-,-,,
Mar,15,5500,2.21,2.35,60,456,12.50,-,-,,
Mar,15,5600,2.71,2.75,2,260,12.00,-,-,,
Mar,15,5700,3.29,4.22,2,214,11.60,-,-,,
Jun,15,4500,.47,.43,35,1002,18.00,-,-,,
Jun,15,4600,.56,.52,15,3030,17.40,-,-,,
Jun,15,4700,.68,.70,10,1830,16.90,-,-,,
Jun,15,4900,.98,1.25,18,123,16.00,-,-,,
Jun,15,5000,1.17,1.44,6,4530,15.50,-,-,,
Jun,15,5100,1.40,1.74,24,103,15.00,-,-,,
Jun,15,5200,1.66,1.60,7,28,14.50,-,-,,
Jun,15,5300,1.97,2.01,25,524,14.00,-,-,,
Sep,15,2800,.03,.03,30,269,26.60,-,-,,
Dec,15,5250,2.83,.96,2,2,15.00,-,-,,
Dec,15,5550,4.26,4.17,17,44,14.60,-,-,,
,
